{
    "video_name": "czz2023101603",
    "frame_id": 1,
    "head_bbox": {
        "x0": 935,
        "y0": 154,
        "x1": 976,
        "y1": 202,
        "w": 41,
        "h": 48
    },
    "frame_size": {
        "h": 1080,
        "w": 1920
    },
    "head_pose_angle_6drepnet360": {
        "yaw": 47.766754150390625,
        "pitch": 4.125406265258789,
        "roll": 4.826827526092529
    }
}