{
    "video_name": "czz2023101603",
    "frame_id": 10051,
    "head_bbox": {
        "x0": 731,
        "y0": 164,
        "x1": 775,
        "y1": 213,
        "w": 44,
        "h": 49
    },
    "frame_size": {
        "h": 1080,
        "w": 1920
    },
    "head_pose_angle_6drepnet360": {
        "yaw": 48.76334762573242,
        "pitch": -12.258127212524414,
        "roll": -16.167020797729492
    }
}