{
    "video_name": "czz2023101603",
    "frame_id": 1006,
    "head_bbox": {
        "x0": 832,
        "y0": 159,
        "x1": 871,
        "y1": 212,
        "w": 39,
        "h": 53
    },
    "frame_size": {
        "h": 1080,
        "w": 1920
    },
    "head_pose_angle_6drepnet360": {
        "yaw": 26.539615631103516,
        "pitch": -9.973648071289062,
        "roll": 0.31956321001052856
    }
}