{
    "video_name": "czz2023101603",
    "frame_id": 10351,
    "head_bbox": {
        "x0": 733,
        "y0": 167,
        "x1": 774,
        "y1": 218,
        "w": 41,
        "h": 51
    },
    "frame_size": {
        "h": 1080,
        "w": 1920
    },
    "head_pose_angle_6drepnet360": {
        "yaw": 19.01946258544922,
        "pitch": -9.65356159210205,
        "roll": -1.0286790132522583
    }
}