{
    "video_name": "czz2023101603",
    "frame_id": 10801,
    "head_bbox": {
        "x0": 1108,
        "y0": 163,
        "x1": 1150,
        "y1": 212,
        "w": 42,
        "h": 49
    },
    "frame_size": {
        "h": 1080,
        "w": 1920
    },
    "head_pose_angle_6drepnet360": {
        "yaw": 39.005001068115234,
        "pitch": -6.388273239135742,
        "roll": 7.068162441253662
    }
}