{
    "video_name": "czz2023101603",
    "frame_id": 10906,
    "head_bbox": {
        "x0": 969,
        "y0": 162,
        "x1": 1010,
        "y1": 217,
        "w": 41,
        "h": 55
    },
    "frame_size": {
        "h": 1080,
        "w": 1920
    },
    "head_pose_angle_6drepnet360": {
        "yaw": 37.05419921875,
        "pitch": -25.730470657348633,
        "roll": -17.668167114257812
    }
}