{
    "video_name": "czz2023101603",
    "frame_id": 10936,
    "head_bbox": {
        "x0": 939,
        "y0": 160,
        "x1": 978,
        "y1": 211,
        "w": 39,
        "h": 51
    },
    "frame_size": {
        "h": 1080,
        "w": 1920
    },
    "head_pose_angle_6drepnet360": {
        "yaw": 7.85904598236084,
        "pitch": -15.11277961730957,
        "roll": -17.863731384277344
    }
}