{
    "video_name": "czz2023101603",
    "frame_id": 1096,
    "head_bbox": {
        "x0": 836,
        "y0": 160,
        "x1": 875,
        "y1": 213,
        "w": 39,
        "h": 53
    },
    "frame_size": {
        "h": 1080,
        "w": 1920
    },
    "head_pose_angle_6drepnet360": {
        "yaw": 21.51549530029297,
        "pitch": -12.038082122802734,
        "roll": 10.484214782714844
    }
}