{
    "video_name": "czz2023101603",
    "frame_id": 11116,
    "head_bbox": {
        "x0": 998,
        "y0": 164,
        "x1": 1036,
        "y1": 217,
        "w": 38,
        "h": 53
    },
    "frame_size": {
        "h": 1080,
        "w": 1920
    },
    "head_pose_angle_6drepnet360": {
        "yaw": 9.341771125793457,
        "pitch": -16.841873168945312,
        "roll": -1.9317964315414429
    }
}