{
    "video_name": "czz2023101603",
    "frame_id": 11296,
    "head_bbox": {
        "x0": 908,
        "y0": 161,
        "x1": 948,
        "y1": 216,
        "w": 40,
        "h": 55
    },
    "frame_size": {
        "h": 1080,
        "w": 1920
    },
    "head_pose_angle_6drepnet360": {
        "yaw": 15.731711387634277,
        "pitch": -24.42669677734375,
        "roll": -7.862921237945557
    }
}