{
    "video_name": "czz2023101603",
    "frame_id": 11371,
    "head_bbox": {
        "x0": 921,
        "y0": 167,
        "x1": 965,
        "y1": 214,
        "w": 44,
        "h": 47
    },
    "frame_size": {
        "h": 1080,
        "w": 1920
    },
    "head_pose_angle_6drepnet360": {
        "yaw": 53.58084487915039,
        "pitch": 1.9940904378890991,
        "roll": 16.00442123413086
    }
}