{
    "video_name": "czz2023101603",
    "frame_id": 11746,
    "head_bbox": {
        "x0": 1073,
        "y0": 146,
        "x1": 1114,
        "y1": 193,
        "w": 41,
        "h": 47
    },
    "frame_size": {
        "h": 1080,
        "w": 1920
    },
    "head_pose_angle_6drepnet360": {
        "yaw": 53.35405349731445,
        "pitch": 149.8223876953125,
        "roll": 155.88397216796875
    }
}