{
    "video_name": "czz2023101603",
    "frame_id": 11761,
    "head_bbox": {
        "x0": 1067,
        "y0": 151,
        "x1": 1111,
        "y1": 193,
        "w": 44,
        "h": 42
    },
    "frame_size": {
        "h": 1080,
        "w": 1920
    },
    "head_pose_angle_6drepnet360": {
        "yaw": 55.95271682739258,
        "pitch": 149.84255981445312,
        "roll": 159.9232635498047
    }
}