{
    "video_name": "czz2023101603",
    "frame_id": 11986,
    "head_bbox": {
        "x0": 813,
        "y0": 151,
        "x1": 848,
        "y1": 190,
        "w": 35,
        "h": 39
    },
    "frame_size": {
        "h": 1080,
        "w": 1920
    },
    "head_pose_angle_6drepnet360": {
        "yaw": -10.115913391113281,
        "pitch": 172.9581298828125,
        "roll": 177.28367614746094
    }
}