{
    "video_name": "czz2023101603",
    "frame_id": 12106,
    "head_bbox": {
        "x0": 664,
        "y0": 147,
        "x1": 706,
        "y1": 194,
        "w": 42,
        "h": 47
    },
    "frame_size": {
        "h": 1080,
        "w": 1920
    },
    "head_pose_angle_6drepnet360": {
        "yaw": -25.747804641723633,
        "pitch": -5.47831916809082,
        "roll": -18.97381019592285
    }
}