{
    "video_name": "czz2023101603",
    "frame_id": 12346,
    "head_bbox": {
        "x0": 743,
        "y0": 159,
        "x1": 782,
        "y1": 212,
        "w": 39,
        "h": 53
    },
    "frame_size": {
        "h": 1080,
        "w": 1920
    },
    "head_pose_angle_6drepnet360": {
        "yaw": 17.119205474853516,
        "pitch": -7.3877739906311035,
        "roll": -3.4195048809051514
    }
}