{
    "video_name": "czz2023101603",
    "frame_id": 12361,
    "head_bbox": {
        "x0": 720,
        "y0": 165,
        "x1": 762,
        "y1": 214,
        "w": 42,
        "h": 49
    },
    "frame_size": {
        "h": 1080,
        "w": 1920
    },
    "head_pose_angle_6drepnet360": {
        "yaw": 6.575810432434082,
        "pitch": -16.194293975830078,
        "roll": -26.21147918701172
    }
}