{
    "video_name": "czz2023101603",
    "frame_id": 12541,
    "head_bbox": {
        "x0": 985,
        "y0": 164,
        "x1": 1026,
        "y1": 218,
        "w": 41,
        "h": 54
    },
    "frame_size": {
        "h": 1080,
        "w": 1920
    },
    "head_pose_angle_6drepnet360": {
        "yaw": 33.92665481567383,
        "pitch": -8.050211906433105,
        "roll": -2.9641287326812744
    }
}