{
    "video_name": "czz2023101603",
    "frame_id": 12616,
    "head_bbox": {
        "x0": 997,
        "y0": 163,
        "x1": 1041,
        "y1": 211,
        "w": 44,
        "h": 48
    },
    "frame_size": {
        "h": 1080,
        "w": 1920
    },
    "head_pose_angle_6drepnet360": {
        "yaw": 46.60157012939453,
        "pitch": 170.0169677734375,
        "roll": 173.48287963867188
    }
}