{
    "video_name": "czz2023101603",
    "frame_id": 12736,
    "head_bbox": {
        "x0": 877,
        "y0": 151,
        "x1": 914,
        "y1": 199,
        "w": 37,
        "h": 48
    },
    "frame_size": {
        "h": 1080,
        "w": 1920
    },
    "head_pose_angle_6drepnet360": {
        "yaw": 32.65409851074219,
        "pitch": -0.7217603921890259,
        "roll": 6.099128723144531
    }
}