{
    "video_name": "czz2023101603",
    "frame_id": 12916,
    "head_bbox": {
        "x0": 768,
        "y0": 153,
        "x1": 815,
        "y1": 202,
        "w": 47,
        "h": 49
    },
    "frame_size": {
        "h": 1080,
        "w": 1920
    },
    "head_pose_angle_6drepnet360": {
        "yaw": -64.39608001708984,
        "pitch": 160.3258514404297,
        "roll": -169.18653869628906
    }
}