{
    "video_name": "czz2023101603",
    "frame_id": 13021,
    "head_bbox": {
        "x0": 728,
        "y0": 162,
        "x1": 769,
        "y1": 213,
        "w": 41,
        "h": 51
    },
    "frame_size": {
        "h": 1080,
        "w": 1920
    },
    "head_pose_angle_6drepnet360": {
        "yaw": 15.21116828918457,
        "pitch": -8.458296775817871,
        "roll": -0.7695774435997009
    }
}