{
    "video_name": "czz2023101603",
    "frame_id": 13051,
    "head_bbox": {
        "x0": 685,
        "y0": 163,
        "x1": 733,
        "y1": 217,
        "w": 48,
        "h": 54
    },
    "frame_size": {
        "h": 1080,
        "w": 1920
    },
    "head_pose_angle_6drepnet360": {
        "yaw": -68.46290588378906,
        "pitch": 167.573486328125,
        "roll": 177.59713745117188
    }
}