{
    "video_name": "czz2023101603",
    "frame_id": 13081,
    "head_bbox": {
        "x0": 711,
        "y0": 164,
        "x1": 754,
        "y1": 214,
        "w": 43,
        "h": 50
    },
    "frame_size": {
        "h": 1080,
        "w": 1920
    },
    "head_pose_angle_6drepnet360": {
        "yaw": -21.5994815826416,
        "pitch": -19.685861587524414,
        "roll": 9.546100616455078
    }
}