{
    "video_name": "czz2023101603",
    "frame_id": 13096,
    "head_bbox": {
        "x0": 730,
        "y0": 159,
        "x1": 771,
        "y1": 211,
        "w": 41,
        "h": 52
    },
    "frame_size": {
        "h": 1080,
        "w": 1920
    },
    "head_pose_angle_6drepnet360": {
        "yaw": 17.55447769165039,
        "pitch": -2.0158987045288086,
        "roll": 1.0244415998458862
    }
}