{
    "video_name": "czz2023101603",
    "frame_id": 13156,
    "head_bbox": {
        "x0": 689,
        "y0": 162,
        "x1": 730,
        "y1": 213,
        "w": 41,
        "h": 51
    },
    "frame_size": {
        "h": 1080,
        "w": 1920
    },
    "head_pose_angle_6drepnet360": {
        "yaw": 8.754940032958984,
        "pitch": -12.498753547668457,
        "roll": -12.84265422821045
    }
}