{
    "video_name": "czz2023101603",
    "frame_id": 13201,
    "head_bbox": {
        "x0": 721,
        "y0": 164,
        "x1": 762,
        "y1": 219,
        "w": 41,
        "h": 55
    },
    "frame_size": {
        "h": 1080,
        "w": 1920
    },
    "head_pose_angle_6drepnet360": {
        "yaw": 9.818251609802246,
        "pitch": -18.246231079101562,
        "roll": -9.461477279663086
    }
}