{
    "video_name": "czz2023101603",
    "frame_id": 13306,
    "head_bbox": {
        "x0": 725,
        "y0": 159,
        "x1": 768,
        "y1": 212,
        "w": 43,
        "h": 53
    },
    "frame_size": {
        "h": 1080,
        "w": 1920
    },
    "head_pose_angle_6drepnet360": {
        "yaw": -5.739014148712158,
        "pitch": -5.615871906280518,
        "roll": 1.2517601251602173
    }
}