{
    "video_name": "czz2023101603",
    "frame_id": 13336,
    "head_bbox": {
        "x0": 754,
        "y0": 160,
        "x1": 796,
        "y1": 211,
        "w": 42,
        "h": 51
    },
    "frame_size": {
        "h": 1080,
        "w": 1920
    },
    "head_pose_angle_6drepnet360": {
        "yaw": -28.419967651367188,
        "pitch": -8.10229206085205,
        "roll": 16.733694076538086
    }
}