{
    "video_name": "czz2023101603",
    "frame_id": 13516,
    "head_bbox": {
        "x0": 811,
        "y0": 165,
        "x1": 853,
        "y1": 221,
        "w": 42,
        "h": 56
    },
    "frame_size": {
        "h": 1080,
        "w": 1920
    },
    "head_pose_angle_6drepnet360": {
        "yaw": 26.353588104248047,
        "pitch": -9.612028121948242,
        "roll": 11.615189552307129
    }
}