{
    "video_name": "czz2023101603",
    "frame_id": 13591,
    "head_bbox": {
        "x0": 798,
        "y0": 159,
        "x1": 839,
        "y1": 213,
        "w": 41,
        "h": 54
    },
    "frame_size": {
        "h": 1080,
        "w": 1920
    },
    "head_pose_angle_6drepnet360": {
        "yaw": 25.964317321777344,
        "pitch": -15.172745704650879,
        "roll": -4.64589262008667
    }
}