{
    "video_name": "czz2023101603",
    "frame_id": 136,
    "head_bbox": {
        "x0": 782,
        "y0": 157,
        "x1": 821,
        "y1": 210,
        "w": 39,
        "h": 53
    },
    "frame_size": {
        "h": 1080,
        "w": 1920
    },
    "head_pose_angle_6drepnet360": {
        "yaw": -18.98982048034668,
        "pitch": -9.72026538848877,
        "roll": 1.7766915559768677
    }
}