{
    "video_name": "czz2023101603",
    "frame_id": 13666,
    "head_bbox": {
        "x0": 823,
        "y0": 167,
        "x1": 864,
        "y1": 219,
        "w": 41,
        "h": 52
    },
    "frame_size": {
        "h": 1080,
        "w": 1920
    },
    "head_pose_angle_6drepnet360": {
        "yaw": 12.562225341796875,
        "pitch": -10.020425796508789,
        "roll": 18.756813049316406
    }
}