{
    "video_name": "czz2023101603",
    "frame_id": 13756,
    "head_bbox": {
        "x0": 790,
        "y0": 158,
        "x1": 830,
        "y1": 210,
        "w": 40,
        "h": 52
    },
    "frame_size": {
        "h": 1080,
        "w": 1920
    },
    "head_pose_angle_6drepnet360": {
        "yaw": 39.43709945678711,
        "pitch": -9.481241226196289,
        "roll": -5.775827884674072
    }
}