{
    "video_name": "czz2023101603",
    "frame_id": 13771,
    "head_bbox": {
        "x0": 769,
        "y0": 153,
        "x1": 809,
        "y1": 203,
        "w": 40,
        "h": 50
    },
    "frame_size": {
        "h": 1080,
        "w": 1920
    },
    "head_pose_angle_6drepnet360": {
        "yaw": 29.800575256347656,
        "pitch": -5.756188869476318,
        "roll": -4.168488502502441
    }
}