{
    "video_name": "czz2023101603",
    "frame_id": 14011,
    "head_bbox": {
        "x0": 776,
        "y0": 157,
        "x1": 816,
        "y1": 209,
        "w": 40,
        "h": 52
    },
    "frame_size": {
        "h": 1080,
        "w": 1920
    },
    "head_pose_angle_6drepnet360": {
        "yaw": 4.882689476013184,
        "pitch": -4.01518440246582,
        "roll": -4.549278736114502
    }
}