{
    "video_name": "czz2023101603",
    "frame_id": 14041,
    "head_bbox": {
        "x0": 800,
        "y0": 155,
        "x1": 839,
        "y1": 210,
        "w": 39,
        "h": 55
    },
    "frame_size": {
        "h": 1080,
        "w": 1920
    },
    "head_pose_angle_6drepnet360": {
        "yaw": 17.241228103637695,
        "pitch": -15.347330093383789,
        "roll": -4.019546985626221
    }
}