{
    "video_name": "czz2023101603",
    "frame_id": 14131,
    "head_bbox": {
        "x0": 752,
        "y0": 157,
        "x1": 790,
        "y1": 204,
        "w": 38,
        "h": 47
    },
    "frame_size": {
        "h": 1080,
        "w": 1920
    },
    "head_pose_angle_6drepnet360": {
        "yaw": 18.024812698364258,
        "pitch": -6.658128261566162,
        "roll": -4.872737407684326
    }
}