{
    "video_name": "czz2023101603",
    "frame_id": 14161,
    "head_bbox": {
        "x0": 716,
        "y0": 166,
        "x1": 759,
        "y1": 215,
        "w": 43,
        "h": 49
    },
    "frame_size": {
        "h": 1080,
        "w": 1920
    },
    "head_pose_angle_6drepnet360": {
        "yaw": 1.0450741052627563,
        "pitch": -11.854724884033203,
        "roll": -19.34711265563965
    }
}