{
    "video_name": "czz2023101603",
    "frame_id": 14431,
    "head_bbox": {
        "x0": 731,
        "y0": 165,
        "x1": 775,
        "y1": 218,
        "w": 44,
        "h": 53
    },
    "frame_size": {
        "h": 1080,
        "w": 1920
    },
    "head_pose_angle_6drepnet360": {
        "yaw": 25.944637298583984,
        "pitch": -14.933676719665527,
        "roll": -14.603023529052734
    }
}