{
    "video_name": "czz2023101603",
    "frame_id": 14446,
    "head_bbox": {
        "x0": 732,
        "y0": 161,
        "x1": 776,
        "y1": 221,
        "w": 44,
        "h": 60
    },
    "frame_size": {
        "h": 1080,
        "w": 1920
    },
    "head_pose_angle_6drepnet360": {
        "yaw": 17.684326171875,
        "pitch": -17.475208282470703,
        "roll": -13.998258590698242
    }
}