{
    "video_name": "czz2023101603",
    "frame_id": 1471,
    "head_bbox": {
        "x0": 993,
        "y0": 149,
        "x1": 1033,
        "y1": 193,
        "w": 40,
        "h": 44
    },
    "frame_size": {
        "h": 1080,
        "w": 1920
    },
    "head_pose_angle_6drepnet360": {
        "yaw": -42.826507568359375,
        "pitch": 165.93922424316406,
        "roll": -176.80996704101562
    }
}