{
    "video_name": "czz2023101603",
    "frame_id": 14716,
    "head_bbox": {
        "x0": 818,
        "y0": 160,
        "x1": 859,
        "y1": 214,
        "w": 41,
        "h": 54
    },
    "frame_size": {
        "h": 1080,
        "w": 1920
    },
    "head_pose_angle_6drepnet360": {
        "yaw": 21.804933547973633,
        "pitch": -13.183121681213379,
        "roll": -5.172354698181152
    }
}