{
    "video_name": "czz2023101603",
    "frame_id": 14776,
    "head_bbox": {
        "x0": 818,
        "y0": 157,
        "x1": 858,
        "y1": 211,
        "w": 40,
        "h": 54
    },
    "frame_size": {
        "h": 1080,
        "w": 1920
    },
    "head_pose_angle_6drepnet360": {
        "yaw": 29.18400764465332,
        "pitch": -13.520977973937988,
        "roll": -2.957728862762451
    }
}