{
    "video_name": "czz2023101603",
    "frame_id": 1501,
    "head_bbox": {
        "x0": 941,
        "y0": 150,
        "x1": 980,
        "y1": 197,
        "w": 39,
        "h": 47
    },
    "frame_size": {
        "h": 1080,
        "w": 1920
    },
    "head_pose_angle_6drepnet360": {
        "yaw": 26.268892288208008,
        "pitch": 169.56117248535156,
        "roll": 179.07916259765625
    }
}