{
    "video_name": "czz2023101603",
    "frame_id": 15121,
    "head_bbox": {
        "x0": 763,
        "y0": 164,
        "x1": 808,
        "y1": 222,
        "w": 45,
        "h": 58
    },
    "frame_size": {
        "h": 1080,
        "w": 1920
    },
    "head_pose_angle_6drepnet360": {
        "yaw": 24.873231887817383,
        "pitch": -23.459169387817383,
        "roll": -26.344419479370117
    }
}