{
    "video_name": "czz2023101603",
    "frame_id": 15136,
    "head_bbox": {
        "x0": 766,
        "y0": 168,
        "x1": 810,
        "y1": 222,
        "w": 44,
        "h": 54
    },
    "frame_size": {
        "h": 1080,
        "w": 1920
    },
    "head_pose_angle_6drepnet360": {
        "yaw": 22.42669677734375,
        "pitch": -24.89069175720215,
        "roll": -20.702701568603516
    }
}