{
    "video_name": "czz2023101603",
    "frame_id": 15286,
    "head_bbox": {
        "x0": 805,
        "y0": 159,
        "x1": 847,
        "y1": 216,
        "w": 42,
        "h": 57
    },
    "frame_size": {
        "h": 1080,
        "w": 1920
    },
    "head_pose_angle_6drepnet360": {
        "yaw": 26.077192306518555,
        "pitch": -17.15172576904297,
        "roll": -8.708650588989258
    }
}