{
    "video_name": "czz2023101603",
    "frame_id": 15421,
    "head_bbox": {
        "x0": 767,
        "y0": 152,
        "x1": 805,
        "y1": 202,
        "w": 38,
        "h": 50
    },
    "frame_size": {
        "h": 1080,
        "w": 1920
    },
    "head_pose_angle_6drepnet360": {
        "yaw": 24.00682258605957,
        "pitch": -7.4432573318481445,
        "roll": -5.530543804168701
    }
}