{
    "video_name": "czz2023101603",
    "frame_id": 15451,
    "head_bbox": {
        "x0": 725,
        "y0": 155,
        "x1": 768,
        "y1": 213,
        "w": 43,
        "h": 58
    },
    "frame_size": {
        "h": 1080,
        "w": 1920
    },
    "head_pose_angle_6drepnet360": {
        "yaw": 21.19114112854004,
        "pitch": -15.692999839782715,
        "roll": -1.3509526252746582
    }
}