{
    "video_name": "czz2023101603",
    "frame_id": 15691,
    "head_bbox": {
        "x0": 686,
        "y0": 160,
        "x1": 728,
        "y1": 210,
        "w": 42,
        "h": 50
    },
    "frame_size": {
        "h": 1080,
        "w": 1920
    },
    "head_pose_angle_6drepnet360": {
        "yaw": 4.902186393737793,
        "pitch": -5.290284156799316,
        "roll": -1.684110164642334
    }
}