{
    "video_name": "czz2023101603",
    "frame_id": 15751,
    "head_bbox": {
        "x0": 702,
        "y0": 161,
        "x1": 743,
        "y1": 208,
        "w": 41,
        "h": 47
    },
    "frame_size": {
        "h": 1080,
        "w": 1920
    },
    "head_pose_angle_6drepnet360": {
        "yaw": 0.3507249355316162,
        "pitch": -6.170436859130859,
        "roll": -8.894305229187012
    }
}