{
    "video_name": "czz2023101603",
    "frame_id": 16,
    "head_bbox": {
        "x0": 869,
        "y0": 155,
        "x1": 910,
        "y1": 203,
        "w": 41,
        "h": 48
    },
    "frame_size": {
        "h": 1080,
        "w": 1920
    },
    "head_pose_angle_6drepnet360": {
        "yaw": 60.23980712890625,
        "pitch": -7.5642242431640625,
        "roll": -1.2053966522216797
    }
}