{
    "video_name": "czz2023101603",
    "frame_id": 16036,
    "head_bbox": {
        "x0": 733,
        "y0": 159,
        "x1": 774,
        "y1": 214,
        "w": 41,
        "h": 55
    },
    "frame_size": {
        "h": 1080,
        "w": 1920
    },
    "head_pose_angle_6drepnet360": {
        "yaw": 13.050026893615723,
        "pitch": -10.055251121520996,
        "roll": -6.726977348327637
    }
}