{
    "video_name": "czz2023101603",
    "frame_id": 16126,
    "head_bbox": {
        "x0": 742,
        "y0": 163,
        "x1": 783,
        "y1": 210,
        "w": 41,
        "h": 47
    },
    "frame_size": {
        "h": 1080,
        "w": 1920
    },
    "head_pose_angle_6drepnet360": {
        "yaw": 5.8313212394714355,
        "pitch": -0.7468345761299133,
        "roll": 1.2719767093658447
    }
}