{
    "video_name": "czz2023101603",
    "frame_id": 16156,
    "head_bbox": {
        "x0": 769,
        "y0": 161,
        "x1": 809,
        "y1": 215,
        "w": 40,
        "h": 54
    },
    "frame_size": {
        "h": 1080,
        "w": 1920
    },
    "head_pose_angle_6drepnet360": {
        "yaw": -1.4242340326309204,
        "pitch": -8.868891716003418,
        "roll": 1.7221381664276123
    }
}