{
    "video_name": "czz2023101603",
    "frame_id": 16201,
    "head_bbox": {
        "x0": 791,
        "y0": 155,
        "x1": 829,
        "y1": 206,
        "w": 38,
        "h": 51
    },
    "frame_size": {
        "h": 1080,
        "w": 1920
    },
    "head_pose_angle_6drepnet360": {
        "yaw": 20.331607818603516,
        "pitch": -12.99483585357666,
        "roll": 2.316455125808716
    }
}