{
    "video_name": "czz2023101603",
    "frame_id": 16231,
    "head_bbox": {
        "x0": 776,
        "y0": 158,
        "x1": 816,
        "y1": 211,
        "w": 40,
        "h": 53
    },
    "frame_size": {
        "h": 1080,
        "w": 1920
    },
    "head_pose_angle_6drepnet360": {
        "yaw": 29.45258140563965,
        "pitch": -10.133865356445312,
        "roll": 1.749487280845642
    }
}