{
    "video_name": "czz2023101603",
    "frame_id": 16336,
    "head_bbox": {
        "x0": 759,
        "y0": 164,
        "x1": 798,
        "y1": 221,
        "w": 39,
        "h": 57
    },
    "frame_size": {
        "h": 1080,
        "w": 1920
    },
    "head_pose_angle_6drepnet360": {
        "yaw": -4.670005798339844,
        "pitch": -12.809849739074707,
        "roll": 4.638490676879883
    }
}