{
    "video_name": "czz2023101603",
    "frame_id": 16351,
    "head_bbox": {
        "x0": 761,
        "y0": 159,
        "x1": 802,
        "y1": 216,
        "w": 41,
        "h": 57
    },
    "frame_size": {
        "h": 1080,
        "w": 1920
    },
    "head_pose_angle_6drepnet360": {
        "yaw": 0.7784258723258972,
        "pitch": -11.27876091003418,
        "roll": 10.044997215270996
    }
}