{
    "video_name": "czz2023101603",
    "frame_id": 16396,
    "head_bbox": {
        "x0": 764,
        "y0": 163,
        "x1": 806,
        "y1": 218,
        "w": 42,
        "h": 55
    },
    "frame_size": {
        "h": 1080,
        "w": 1920
    },
    "head_pose_angle_6drepnet360": {
        "yaw": 38.9813117980957,
        "pitch": -11.817951202392578,
        "roll": 1.2351784706115723
    }
}