{
    "video_name": "czz2023101603",
    "frame_id": 16441,
    "head_bbox": {
        "x0": 726,
        "y0": 157,
        "x1": 766,
        "y1": 208,
        "w": 40,
        "h": 51
    },
    "frame_size": {
        "h": 1080,
        "w": 1920
    },
    "head_pose_angle_6drepnet360": {
        "yaw": 10.804682731628418,
        "pitch": -9.336030006408691,
        "roll": -12.547990798950195
    }
}