{
    "video_name": "czz2023101603",
    "frame_id": 16456,
    "head_bbox": {
        "x0": 712,
        "y0": 157,
        "x1": 755,
        "y1": 206,
        "w": 43,
        "h": 49
    },
    "frame_size": {
        "h": 1080,
        "w": 1920
    },
    "head_pose_angle_6drepnet360": {
        "yaw": 2.6932077407836914,
        "pitch": -7.920387268066406,
        "roll": -26.065322875976562
    }
}