{
    "video_name": "czz2023101603",
    "frame_id": 16576,
    "head_bbox": {
        "x0": 698,
        "y0": 163,
        "x1": 742,
        "y1": 214,
        "w": 44,
        "h": 51
    },
    "frame_size": {
        "h": 1080,
        "w": 1920
    },
    "head_pose_angle_6drepnet360": {
        "yaw": 20.296432495117188,
        "pitch": -4.434123992919922,
        "roll": -11.522261619567871
    }
}