{
    "video_name": "czz2023101603",
    "frame_id": 16636,
    "head_bbox": {
        "x0": 698,
        "y0": 160,
        "x1": 738,
        "y1": 208,
        "w": 40,
        "h": 48
    },
    "frame_size": {
        "h": 1080,
        "w": 1920
    },
    "head_pose_angle_6drepnet360": {
        "yaw": 18.834131240844727,
        "pitch": 1.956665277481079,
        "roll": 6.076772689819336
    }
}