{
    "video_name": "czz2023101603",
    "frame_id": 16726,
    "head_bbox": {
        "x0": 720,
        "y0": 163,
        "x1": 763,
        "y1": 210,
        "w": 43,
        "h": 47
    },
    "frame_size": {
        "h": 1080,
        "w": 1920
    },
    "head_pose_angle_6drepnet360": {
        "yaw": 36.929840087890625,
        "pitch": -11.957225799560547,
        "roll": -12.40804672241211
    }
}