{
    "video_name": "czz2023101603",
    "frame_id": 16741,
    "head_bbox": {
        "x0": 694,
        "y0": 157,
        "x1": 740,
        "y1": 209,
        "w": 46,
        "h": 52
    },
    "frame_size": {
        "h": 1080,
        "w": 1920
    },
    "head_pose_angle_6drepnet360": {
        "yaw": 45.287757873535156,
        "pitch": -10.318806648254395,
        "roll": -16.11400032043457
    }
}