{
    "video_name": "czz2023101603",
    "frame_id": 1681,
    "head_bbox": {
        "x0": 767,
        "y0": 150,
        "x1": 806,
        "y1": 201,
        "w": 39,
        "h": 51
    },
    "frame_size": {
        "h": 1080,
        "w": 1920
    },
    "head_pose_angle_6drepnet360": {
        "yaw": -27.538789749145508,
        "pitch": -0.12278413027524948,
        "roll": -12.567065238952637
    }
}