{
    "video_name": "czz2023101603",
    "frame_id": 16861,
    "head_bbox": {
        "x0": 722,
        "y0": 161,
        "x1": 763,
        "y1": 215,
        "w": 41,
        "h": 54
    },
    "frame_size": {
        "h": 1080,
        "w": 1920
    },
    "head_pose_angle_6drepnet360": {
        "yaw": 12.620498657226562,
        "pitch": -10.758663177490234,
        "roll": -8.862346649169922
    }
}