{
    "video_name": "czz2023101603",
    "frame_id": 16906,
    "head_bbox": {
        "x0": 747,
        "y0": 159,
        "x1": 785,
        "y1": 208,
        "w": 38,
        "h": 49
    },
    "frame_size": {
        "h": 1080,
        "w": 1920
    },
    "head_pose_angle_6drepnet360": {
        "yaw": 15.757099151611328,
        "pitch": -6.861445426940918,
        "roll": -1.7991431951522827
    }
}