{
    "video_name": "czz2023101603",
    "frame_id": 1696,
    "head_bbox": {
        "x0": 767,
        "y0": 153,
        "x1": 810,
        "y1": 205,
        "w": 43,
        "h": 52
    },
    "frame_size": {
        "h": 1080,
        "w": 1920
    },
    "head_pose_angle_6drepnet360": {
        "yaw": -41.07389450073242,
        "pitch": -0.25989824533462524,
        "roll": -12.15470027923584
    }
}