{
    "video_name": "czz2023101603",
    "frame_id": 16996,
    "head_bbox": {
        "x0": 770,
        "y0": 163,
        "x1": 810,
        "y1": 218,
        "w": 40,
        "h": 55
    },
    "frame_size": {
        "h": 1080,
        "w": 1920
    },
    "head_pose_angle_6drepnet360": {
        "yaw": -3.4910106658935547,
        "pitch": -8.416777610778809,
        "roll": 4.627480506896973
    }
}