{
    "video_name": "czz2023101603",
    "frame_id": 1711,
    "head_bbox": {
        "x0": 804,
        "y0": 155,
        "x1": 841,
        "y1": 208,
        "w": 37,
        "h": 53
    },
    "frame_size": {
        "h": 1080,
        "w": 1920
    },
    "head_pose_angle_6drepnet360": {
        "yaw": -6.253544330596924,
        "pitch": -18.47687530517578,
        "roll": -1.6875559091567993
    }
}