{
    "video_name": "czz2023101603",
    "frame_id": 17206,
    "head_bbox": {
        "x0": 750,
        "y0": 153,
        "x1": 788,
        "y1": 204,
        "w": 38,
        "h": 51
    },
    "frame_size": {
        "h": 1080,
        "w": 1920
    },
    "head_pose_angle_6drepnet360": {
        "yaw": 18.294330596923828,
        "pitch": -9.977204322814941,
        "roll": -6.696294784545898
    }
}