{
    "video_name": "czz2023101603",
    "frame_id": 17236,
    "head_bbox": {
        "x0": 679,
        "y0": 153,
        "x1": 721,
        "y1": 203,
        "w": 42,
        "h": 50
    },
    "frame_size": {
        "h": 1080,
        "w": 1920
    },
    "head_pose_angle_6drepnet360": {
        "yaw": 17.023550033569336,
        "pitch": -10.572944641113281,
        "roll": -12.928479194641113
    }
}