{
    "video_name": "czz2023101603",
    "frame_id": 17251,
    "head_bbox": {
        "x0": 673,
        "y0": 153,
        "x1": 714,
        "y1": 202,
        "w": 41,
        "h": 49
    },
    "frame_size": {
        "h": 1080,
        "w": 1920
    },
    "head_pose_angle_6drepnet360": {
        "yaw": 16.79390525817871,
        "pitch": -10.455967903137207,
        "roll": -15.452546119689941
    }
}