{
    "video_name": "czz2023101603",
    "frame_id": 17266,
    "head_bbox": {
        "x0": 671,
        "y0": 155,
        "x1": 713,
        "y1": 202,
        "w": 42,
        "h": 47
    },
    "frame_size": {
        "h": 1080,
        "w": 1920
    },
    "head_pose_angle_6drepnet360": {
        "yaw": 14.280806541442871,
        "pitch": -9.765242576599121,
        "roll": -15.445523262023926
    }
}