{
    "video_name": "czz2023101603",
    "frame_id": 17401,
    "head_bbox": {
        "x0": 721,
        "y0": 159,
        "x1": 761,
        "y1": 206,
        "w": 40,
        "h": 47
    },
    "frame_size": {
        "h": 1080,
        "w": 1920
    },
    "head_pose_angle_6drepnet360": {
        "yaw": 16.59745216369629,
        "pitch": -0.24113360047340393,
        "roll": -3.55854868888855
    }
}