{
    "video_name": "czz2023101603",
    "frame_id": 17476,
    "head_bbox": {
        "x0": 750,
        "y0": 162,
        "x1": 792,
        "y1": 215,
        "w": 42,
        "h": 53
    },
    "frame_size": {
        "h": 1080,
        "w": 1920
    },
    "head_pose_angle_6drepnet360": {
        "yaw": -3.4397454261779785,
        "pitch": -8.784714698791504,
        "roll": 18.24673080444336
    }
}