{
    "video_name": "czz2023101603",
    "frame_id": 1756,
    "head_bbox": {
        "x0": 804,
        "y0": 156,
        "x1": 842,
        "y1": 207,
        "w": 38,
        "h": 51
    },
    "frame_size": {
        "h": 1080,
        "w": 1920
    },
    "head_pose_angle_6drepnet360": {
        "yaw": 23.074928283691406,
        "pitch": -12.465681076049805,
        "roll": 0.8592878580093384
    }
}