{
    "video_name": "czz2023101603",
    "frame_id": 1786,
    "head_bbox": {
        "x0": 793,
        "y0": 162,
        "x1": 832,
        "y1": 217,
        "w": 39,
        "h": 55
    },
    "frame_size": {
        "h": 1080,
        "w": 1920
    },
    "head_pose_angle_6drepnet360": {
        "yaw": 7.498597145080566,
        "pitch": -18.39638328552246,
        "roll": -4.070375442504883
    }
}