{
    "video_name": "czz2023101603",
    "frame_id": 18286,
    "head_bbox": {
        "x0": 691,
        "y0": 153,
        "x1": 737,
        "y1": 206,
        "w": 46,
        "h": 53
    },
    "frame_size": {
        "h": 1080,
        "w": 1920
    },
    "head_pose_angle_6drepnet360": {
        "yaw": -46.29277420043945,
        "pitch": 167.94076538085938,
        "roll": 177.8201446533203
    }
}