{
    "video_name": "czz2023101603",
    "frame_id": 18376,
    "head_bbox": {
        "x0": 656,
        "y0": 158,
        "x1": 697,
        "y1": 210,
        "w": 41,
        "h": 52
    },
    "frame_size": {
        "h": 1080,
        "w": 1920
    },
    "head_pose_angle_6drepnet360": {
        "yaw": 14.913555145263672,
        "pitch": -9.425727844238281,
        "roll": -6.484414577484131
    }
}