{
    "video_name": "czz2023101603",
    "frame_id": 18436,
    "head_bbox": {
        "x0": 663,
        "y0": 160,
        "x1": 705,
        "y1": 209,
        "w": 42,
        "h": 49
    },
    "frame_size": {
        "h": 1080,
        "w": 1920
    },
    "head_pose_angle_6drepnet360": {
        "yaw": 17.391605377197266,
        "pitch": 0.11860484629869461,
        "roll": 17.24782943725586
    }
}