{
    "video_name": "czz2023101603",
    "frame_id": 18481,
    "head_bbox": {
        "x0": 646,
        "y0": 157,
        "x1": 688,
        "y1": 207,
        "w": 42,
        "h": 50
    },
    "frame_size": {
        "h": 1080,
        "w": 1920
    },
    "head_pose_angle_6drepnet360": {
        "yaw": -1.1548675298690796,
        "pitch": -2.825551748275757,
        "roll": -4.472743034362793
    }
}