{
    "video_name": "czz2023101603",
    "frame_id": 18586,
    "head_bbox": {
        "x0": 651,
        "y0": 156,
        "x1": 692,
        "y1": 206,
        "w": 41,
        "h": 50
    },
    "frame_size": {
        "h": 1080,
        "w": 1920
    },
    "head_pose_angle_6drepnet360": {
        "yaw": 6.9059343338012695,
        "pitch": -1.7200061082839966,
        "roll": -3.336135149002075
    }
}