{
    "video_name": "czz2023101603",
    "frame_id": 18631,
    "head_bbox": {
        "x0": 638,
        "y0": 158,
        "x1": 680,
        "y1": 209,
        "w": 42,
        "h": 51
    },
    "frame_size": {
        "h": 1080,
        "w": 1920
    },
    "head_pose_angle_6drepnet360": {
        "yaw": 13.391552925109863,
        "pitch": -7.349800109863281,
        "roll": -9.062385559082031
    }
}