{
    "video_name": "czz2023101603",
    "frame_id": 18721,
    "head_bbox": {
        "x0": 651,
        "y0": 153,
        "x1": 694,
        "y1": 208,
        "w": 43,
        "h": 55
    },
    "frame_size": {
        "h": 1080,
        "w": 1920
    },
    "head_pose_angle_6drepnet360": {
        "yaw": 22.585350036621094,
        "pitch": -9.952123641967773,
        "roll": -10.34061050415039
    }
}