{
    "video_name": "czz2023101603",
    "frame_id": 18736,
    "head_bbox": {
        "x0": 635,
        "y0": 154,
        "x1": 679,
        "y1": 208,
        "w": 44,
        "h": 54
    },
    "frame_size": {
        "h": 1080,
        "w": 1920
    },
    "head_pose_angle_6drepnet360": {
        "yaw": 26.759313583374023,
        "pitch": -9.322998046875,
        "roll": -12.334176063537598
    }
}