{
    "video_name": "czz2023101603",
    "frame_id": 18781,
    "head_bbox": {
        "x0": 628,
        "y0": 158,
        "x1": 673,
        "y1": 212,
        "w": 45,
        "h": 54
    },
    "frame_size": {
        "h": 1080,
        "w": 1920
    },
    "head_pose_angle_6drepnet360": {
        "yaw": 48.011104583740234,
        "pitch": -8.043453216552734,
        "roll": -7.073324680328369
    }
}