{
    "video_name": "czz2023101603",
    "frame_id": 18856,
    "head_bbox": {
        "x0": 637,
        "y0": 156,
        "x1": 679,
        "y1": 210,
        "w": 42,
        "h": 54
    },
    "frame_size": {
        "h": 1080,
        "w": 1920
    },
    "head_pose_angle_6drepnet360": {
        "yaw": 23.408462524414062,
        "pitch": -10.45856761932373,
        "roll": -9.207381248474121
    }
}