{
    "video_name": "czz2023101603",
    "frame_id": 18946,
    "head_bbox": {
        "x0": 686,
        "y0": 156,
        "x1": 727,
        "y1": 204,
        "w": 41,
        "h": 48
    },
    "frame_size": {
        "h": 1080,
        "w": 1920
    },
    "head_pose_angle_6drepnet360": {
        "yaw": -2.2367560863494873,
        "pitch": -11.068643569946289,
        "roll": -17.01555061340332
    }
}