{
    "video_name": "czz2023101603",
    "frame_id": 19141,
    "head_bbox": {
        "x0": 695,
        "y0": 163,
        "x1": 736,
        "y1": 211,
        "w": 41,
        "h": 48
    },
    "frame_size": {
        "h": 1080,
        "w": 1920
    },
    "head_pose_angle_6drepnet360": {
        "yaw": 14.29185962677002,
        "pitch": -6.1262526512146,
        "roll": -8.650979995727539
    }
}