{
    "video_name": "czz2023101603",
    "frame_id": 19201,
    "head_bbox": {
        "x0": 699,
        "y0": 159,
        "x1": 739,
        "y1": 209,
        "w": 40,
        "h": 50
    },
    "frame_size": {
        "h": 1080,
        "w": 1920
    },
    "head_pose_angle_6drepnet360": {
        "yaw": 19.103893280029297,
        "pitch": -1.4441643953323364,
        "roll": -2.710803985595703
    }
}