{
    "video_name": "czz2023101603",
    "frame_id": 19291,
    "head_bbox": {
        "x0": 682,
        "y0": 156,
        "x1": 727,
        "y1": 210,
        "w": 45,
        "h": 54
    },
    "frame_size": {
        "h": 1080,
        "w": 1920
    },
    "head_pose_angle_6drepnet360": {
        "yaw": 36.58572006225586,
        "pitch": -10.548850059509277,
        "roll": -11.949030876159668
    }
}