{
    "video_name": "czz2023101603",
    "frame_id": 19306,
    "head_bbox": {
        "x0": 679,
        "y0": 155,
        "x1": 724,
        "y1": 209,
        "w": 45,
        "h": 54
    },
    "frame_size": {
        "h": 1080,
        "w": 1920
    },
    "head_pose_angle_6drepnet360": {
        "yaw": 11.338500022888184,
        "pitch": -7.187641143798828,
        "roll": -17.539134979248047
    }
}