{
    "video_name": "czz2023101603",
    "frame_id": 19336,
    "head_bbox": {
        "x0": 687,
        "y0": 159,
        "x1": 729,
        "y1": 207,
        "w": 42,
        "h": 48
    },
    "frame_size": {
        "h": 1080,
        "w": 1920
    },
    "head_pose_angle_6drepnet360": {
        "yaw": 16.11001968383789,
        "pitch": -4.78347635269165,
        "roll": -6.909243106842041
    }
}