{
    "video_name": "czz2023101603",
    "frame_id": 19426,
    "head_bbox": {
        "x0": 692,
        "y0": 161,
        "x1": 734,
        "y1": 211,
        "w": 42,
        "h": 50
    },
    "frame_size": {
        "h": 1080,
        "w": 1920
    },
    "head_pose_angle_6drepnet360": {
        "yaw": 6.784278869628906,
        "pitch": -5.127569198608398,
        "roll": -2.7556536197662354
    }
}