{
    "video_name": "czz2023101603",
    "frame_id": 19441,
    "head_bbox": {
        "x0": 697,
        "y0": 162,
        "x1": 739,
        "y1": 210,
        "w": 42,
        "h": 48
    },
    "frame_size": {
        "h": 1080,
        "w": 1920
    },
    "head_pose_angle_6drepnet360": {
        "yaw": 6.3123779296875,
        "pitch": -5.553513526916504,
        "roll": -4.936393737792969
    }
}