{
    "video_name": "czz2023101603",
    "frame_id": 19531,
    "head_bbox": {
        "x0": 697,
        "y0": 158,
        "x1": 739,
        "y1": 212,
        "w": 42,
        "h": 54
    },
    "frame_size": {
        "h": 1080,
        "w": 1920
    },
    "head_pose_angle_6drepnet360": {
        "yaw": 15.625102043151855,
        "pitch": -10.555335998535156,
        "roll": -10.656915664672852
    }
}