{
    "video_name": "czz2023101603",
    "frame_id": 1966,
    "head_bbox": {
        "x0": 882,
        "y0": 172,
        "x1": 919,
        "y1": 225,
        "w": 37,
        "h": 53
    },
    "frame_size": {
        "h": 1080,
        "w": 1920
    },
    "head_pose_angle_6drepnet360": {
        "yaw": 0.44728758931159973,
        "pitch": -19.20218276977539,
        "roll": 4.751081943511963
    }
}