{
    "video_name": "czz2023101603",
    "frame_id": 19696,
    "head_bbox": {
        "x0": 689,
        "y0": 158,
        "x1": 732,
        "y1": 210,
        "w": 43,
        "h": 52
    },
    "frame_size": {
        "h": 1080,
        "w": 1920
    },
    "head_pose_angle_6drepnet360": {
        "yaw": 18.71330451965332,
        "pitch": -6.246101379394531,
        "roll": -15.128533363342285
    }
}