{
    "video_name": "czz2023101603",
    "frame_id": 19711,
    "head_bbox": {
        "x0": 685,
        "y0": 165,
        "x1": 729,
        "y1": 206,
        "w": 44,
        "h": 41
    },
    "frame_size": {
        "h": 1080,
        "w": 1920
    },
    "head_pose_angle_6drepnet360": {
        "yaw": 14.690197944641113,
        "pitch": -2.8828506469726562,
        "roll": -17.10911750793457
    }
}