{
    "video_name": "czz2023101603",
    "frame_id": 1981,
    "head_bbox": {
        "x0": 894,
        "y0": 169,
        "x1": 934,
        "y1": 224,
        "w": 40,
        "h": 55
    },
    "frame_size": {
        "h": 1080,
        "w": 1920
    },
    "head_pose_angle_6drepnet360": {
        "yaw": -8.049129486083984,
        "pitch": -21.75297737121582,
        "roll": 8.90514087677002
    }
}