{
    "video_name": "czz2023101603",
    "frame_id": 19846,
    "head_bbox": {
        "x0": 703,
        "y0": 180,
        "x1": 744,
        "y1": 228,
        "w": 41,
        "h": 48
    },
    "frame_size": {
        "h": 1080,
        "w": 1920
    },
    "head_pose_angle_6drepnet360": {
        "yaw": 7.844924449920654,
        "pitch": -7.9832282066345215,
        "roll": 11.17184066772461
    }
}