{
    "video_name": "czz2023101603",
    "frame_id": 19891,
    "head_bbox": {
        "x0": 716,
        "y0": 167,
        "x1": 756,
        "y1": 220,
        "w": 40,
        "h": 53
    },
    "frame_size": {
        "h": 1080,
        "w": 1920
    },
    "head_pose_angle_6drepnet360": {
        "yaw": 23.802730560302734,
        "pitch": -10.97276496887207,
        "roll": 6.077639102935791
    }
}