{
    "video_name": "czz2023101603",
    "frame_id": 20011,
    "head_bbox": {
        "x0": 684,
        "y0": 159,
        "x1": 727,
        "y1": 210,
        "w": 43,
        "h": 51
    },
    "frame_size": {
        "h": 1080,
        "w": 1920
    },
    "head_pose_angle_6drepnet360": {
        "yaw": 5.096726417541504,
        "pitch": -5.650171279907227,
        "roll": -5.705790996551514
    }
}