{
    "video_name": "czz2023101603",
    "frame_id": 20056,
    "head_bbox": {
        "x0": 714,
        "y0": 163,
        "x1": 756,
        "y1": 215,
        "w": 42,
        "h": 52
    },
    "frame_size": {
        "h": 1080,
        "w": 1920
    },
    "head_pose_angle_6drepnet360": {
        "yaw": 8.384188652038574,
        "pitch": -3.5062367916107178,
        "roll": 15.07811164855957
    }
}