{
    "video_name": "czz2023101603",
    "frame_id": 2041,
    "head_bbox": {
        "x0": 773,
        "y0": 155,
        "x1": 816,
        "y1": 209,
        "w": 43,
        "h": 54
    },
    "frame_size": {
        "h": 1080,
        "w": 1920
    },
    "head_pose_angle_6drepnet360": {
        "yaw": 41.801902770996094,
        "pitch": -15.4918212890625,
        "roll": 0.4513797163963318
    }
}