{
    "video_name": "czz2023101603",
    "frame_id": 20596,
    "head_bbox": {
        "x0": 639,
        "y0": 158,
        "x1": 680,
        "y1": 210,
        "w": 41,
        "h": 52
    },
    "frame_size": {
        "h": 1080,
        "w": 1920
    },
    "head_pose_angle_6drepnet360": {
        "yaw": 8.550870895385742,
        "pitch": -10.01396369934082,
        "roll": -6.051802158355713
    }
}