{
    "video_name": "czz2023101603",
    "frame_id": 20641,
    "head_bbox": {
        "x0": 639,
        "y0": 152,
        "x1": 681,
        "y1": 202,
        "w": 42,
        "h": 50
    },
    "frame_size": {
        "h": 1080,
        "w": 1920
    },
    "head_pose_angle_6drepnet360": {
        "yaw": -28.89275550842285,
        "pitch": -10.09704303741455,
        "roll": -1.8960751295089722
    }
}