{
    "video_name": "czz2023101603",
    "frame_id": 20671,
    "head_bbox": {
        "x0": 701,
        "y0": 152,
        "x1": 748,
        "y1": 202,
        "w": 47,
        "h": 50
    },
    "frame_size": {
        "h": 1080,
        "w": 1920
    },
    "head_pose_angle_6drepnet360": {
        "yaw": -49.59455108642578,
        "pitch": 179.63922119140625,
        "roll": 169.35870361328125
    }
}