{
    "video_name": "czz2023101603",
    "frame_id": 20716,
    "head_bbox": {
        "x0": 733,
        "y0": 147,
        "x1": 770,
        "y1": 190,
        "w": 37,
        "h": 43
    },
    "frame_size": {
        "h": 1080,
        "w": 1920
    },
    "head_pose_angle_6drepnet360": {
        "yaw": -8.870288848876953,
        "pitch": -1.7150484323501587,
        "roll": -6.568292617797852
    }
}