{
    "video_name": "czz2023101603",
    "frame_id": 20806,
    "head_bbox": {
        "x0": 718,
        "y0": 164,
        "x1": 759,
        "y1": 214,
        "w": 41,
        "h": 50
    },
    "frame_size": {
        "h": 1080,
        "w": 1920
    },
    "head_pose_angle_6drepnet360": {
        "yaw": 4.013014793395996,
        "pitch": -12.153266906738281,
        "roll": -9.247922897338867
    }
}