{
    "video_name": "czz2023101603",
    "frame_id": 20821,
    "head_bbox": {
        "x0": 730,
        "y0": 167,
        "x1": 772,
        "y1": 217,
        "w": 42,
        "h": 50
    },
    "frame_size": {
        "h": 1080,
        "w": 1920
    },
    "head_pose_angle_6drepnet360": {
        "yaw": 17.135812759399414,
        "pitch": -21.752023696899414,
        "roll": -12.654338836669922
    }
}