{
    "video_name": "czz2023101603",
    "frame_id": 20971,
    "head_bbox": {
        "x0": 761,
        "y0": 163,
        "x1": 801,
        "y1": 218,
        "w": 40,
        "h": 55
    },
    "frame_size": {
        "h": 1080,
        "w": 1920
    },
    "head_pose_angle_6drepnet360": {
        "yaw": 13.953742980957031,
        "pitch": -17.575279235839844,
        "roll": -3.307426929473877
    }
}