{
    "video_name": "czz2023101603",
    "frame_id": 21031,
    "head_bbox": {
        "x0": 680,
        "y0": 163,
        "x1": 722,
        "y1": 217,
        "w": 42,
        "h": 54
    },
    "frame_size": {
        "h": 1080,
        "w": 1920
    },
    "head_pose_angle_6drepnet360": {
        "yaw": -1.902750849723816,
        "pitch": -10.978920936584473,
        "roll": -14.404062271118164
    }
}