{
    "video_name": "czz2023101603",
    "frame_id": 21136,
    "head_bbox": {
        "x0": 714,
        "y0": 157,
        "x1": 755,
        "y1": 205,
        "w": 41,
        "h": 48
    },
    "frame_size": {
        "h": 1080,
        "w": 1920
    },
    "head_pose_angle_6drepnet360": {
        "yaw": 28.040348052978516,
        "pitch": -7.033857822418213,
        "roll": -8.517218589782715
    }
}