{
    "video_name": "czz2023101603",
    "frame_id": 21421,
    "head_bbox": {
        "x0": 627,
        "y0": 151,
        "x1": 676,
        "y1": 201,
        "w": 49,
        "h": 50
    },
    "frame_size": {
        "h": 1080,
        "w": 1920
    },
    "head_pose_angle_6drepnet360": {
        "yaw": -77.0809326171875,
        "pitch": 138.00323486328125,
        "roll": -147.79315185546875
    }
}