{
    "video_name": "czz2023101603",
    "frame_id": 21466,
    "head_bbox": {
        "x0": 706,
        "y0": 147,
        "x1": 752,
        "y1": 193,
        "w": 46,
        "h": 46
    },
    "frame_size": {
        "h": 1080,
        "w": 1920
    },
    "head_pose_angle_6drepnet360": {
        "yaw": -49.44984817504883,
        "pitch": 166.5057373046875,
        "roll": -175.3933868408203
    }
}