{
    "video_name": "czz2023101603",
    "frame_id": 21511,
    "head_bbox": {
        "x0": 750,
        "y0": 142,
        "x1": 793,
        "y1": 192,
        "w": 43,
        "h": 50
    },
    "frame_size": {
        "h": 1080,
        "w": 1920
    },
    "head_pose_angle_6drepnet360": {
        "yaw": -62.34608459472656,
        "pitch": 179.4146270751953,
        "roll": 176.10952758789062
    }
}