{
    "video_name": "czz2023101603",
    "frame_id": 21526,
    "head_bbox": {
        "x0": 748,
        "y0": 141,
        "x1": 792,
        "y1": 190,
        "w": 44,
        "h": 49
    },
    "frame_size": {
        "h": 1080,
        "w": 1920
    },
    "head_pose_angle_6drepnet360": {
        "yaw": -52.816017150878906,
        "pitch": 161.20278930664062,
        "roll": -165.20521545410156
    }
}