{
    "video_name": "czz2023101603",
    "frame_id": 21556,
    "head_bbox": {
        "x0": 744,
        "y0": 142,
        "x1": 787,
        "y1": 191,
        "w": 43,
        "h": 49
    },
    "frame_size": {
        "h": 1080,
        "w": 1920
    },
    "head_pose_angle_6drepnet360": {
        "yaw": -63.968109130859375,
        "pitch": 168.8050079345703,
        "roll": -170.9506378173828
    }
}