{
    "video_name": "czz2023101603",
    "frame_id": 21646,
    "head_bbox": {
        "x0": 697,
        "y0": 149,
        "x1": 741,
        "y1": 197,
        "w": 44,
        "h": 48
    },
    "frame_size": {
        "h": 1080,
        "w": 1920
    },
    "head_pose_angle_6drepnet360": {
        "yaw": -52.34202575683594,
        "pitch": 174.09237670898438,
        "roll": 168.89234924316406
    }
}