{
    "video_name": "czz2023101603",
    "frame_id": 21661,
    "head_bbox": {
        "x0": 709,
        "y0": 146,
        "x1": 753,
        "y1": 195,
        "w": 44,
        "h": 49
    },
    "frame_size": {
        "h": 1080,
        "w": 1920
    },
    "head_pose_angle_6drepnet360": {
        "yaw": -52.69449996948242,
        "pitch": -177.0116729736328,
        "roll": 173.26864624023438
    }
}