{
    "video_name": "czz2023101603",
    "frame_id": 2176,
    "head_bbox": {
        "x0": 757,
        "y0": 164,
        "x1": 796,
        "y1": 215,
        "w": 39,
        "h": 51
    },
    "frame_size": {
        "h": 1080,
        "w": 1920
    },
    "head_pose_angle_6drepnet360": {
        "yaw": 16.483848571777344,
        "pitch": -8.444942474365234,
        "roll": -3.32755184173584
    }
}