{
    "video_name": "czz2023101603",
    "frame_id": 21886,
    "head_bbox": {
        "x0": 656,
        "y0": 158,
        "x1": 698,
        "y1": 208,
        "w": 42,
        "h": 50
    },
    "frame_size": {
        "h": 1080,
        "w": 1920
    },
    "head_pose_angle_6drepnet360": {
        "yaw": -1.025333285331726,
        "pitch": -11.64879322052002,
        "roll": -8.429373741149902
    }
}