{
    "video_name": "czz2023101603",
    "frame_id": 22006,
    "head_bbox": {
        "x0": 717,
        "y0": 148,
        "x1": 772,
        "y1": 198,
        "w": 55,
        "h": 50
    },
    "frame_size": {
        "h": 1080,
        "w": 1920
    },
    "head_pose_angle_6drepnet360": {
        "yaw": -50.458316802978516,
        "pitch": -20.729755401611328,
        "roll": 11.586356163024902
    }
}