{
    "video_name": "czz2023101603",
    "frame_id": 2221,
    "head_bbox": {
        "x0": 756,
        "y0": 162,
        "x1": 797,
        "y1": 220,
        "w": 41,
        "h": 58
    },
    "frame_size": {
        "h": 1080,
        "w": 1920
    },
    "head_pose_angle_6drepnet360": {
        "yaw": 3.1472699642181396,
        "pitch": -25.77419662475586,
        "roll": -7.206849098205566
    }
}