{
    "video_name": "czz2023101603",
    "frame_id": 22231,
    "head_bbox": {
        "x0": 682,
        "y0": 156,
        "x1": 722,
        "y1": 207,
        "w": 40,
        "h": 51
    },
    "frame_size": {
        "h": 1080,
        "w": 1920
    },
    "head_pose_angle_6drepnet360": {
        "yaw": 7.552712917327881,
        "pitch": -5.665990829467773,
        "roll": -0.923419177532196
    }
}