{
    "video_name": "czz2023101603",
    "frame_id": 22321,
    "head_bbox": {
        "x0": 654,
        "y0": 158,
        "x1": 697,
        "y1": 208,
        "w": 43,
        "h": 50
    },
    "frame_size": {
        "h": 1080,
        "w": 1920
    },
    "head_pose_angle_6drepnet360": {
        "yaw": 4.37148904800415,
        "pitch": -9.353599548339844,
        "roll": -11.28316593170166
    }
}