{
    "video_name": "czz2023101603",
    "frame_id": 22336,
    "head_bbox": {
        "x0": 659,
        "y0": 158,
        "x1": 702,
        "y1": 210,
        "w": 43,
        "h": 52
    },
    "frame_size": {
        "h": 1080,
        "w": 1920
    },
    "head_pose_angle_6drepnet360": {
        "yaw": 3.7760794162750244,
        "pitch": -6.751076698303223,
        "roll": -10.17156982421875
    }
}