{
    "video_name": "czz2023101603",
    "frame_id": 22366,
    "head_bbox": {
        "x0": 659,
        "y0": 158,
        "x1": 700,
        "y1": 206,
        "w": 41,
        "h": 48
    },
    "frame_size": {
        "h": 1080,
        "w": 1920
    },
    "head_pose_angle_6drepnet360": {
        "yaw": 15.597230911254883,
        "pitch": -5.171074867248535,
        "roll": -7.577130317687988
    }
}