{
    "video_name": "czz2023101603",
    "frame_id": 22426,
    "head_bbox": {
        "x0": 654,
        "y0": 156,
        "x1": 696,
        "y1": 204,
        "w": 42,
        "h": 48
    },
    "frame_size": {
        "h": 1080,
        "w": 1920
    },
    "head_pose_angle_6drepnet360": {
        "yaw": 2.1672093868255615,
        "pitch": -2.569211959838867,
        "roll": -5.076717376708984
    }
}