{
    "video_name": "czz2023101603",
    "frame_id": 22531,
    "head_bbox": {
        "x0": 658,
        "y0": 157,
        "x1": 701,
        "y1": 211,
        "w": 43,
        "h": 54
    },
    "frame_size": {
        "h": 1080,
        "w": 1920
    },
    "head_pose_angle_6drepnet360": {
        "yaw": 8.81380558013916,
        "pitch": -13.288761138916016,
        "roll": -8.153481483459473
    }
}