{
    "video_name": "czz2023101603",
    "frame_id": 22606,
    "head_bbox": {
        "x0": 646,
        "y0": 156,
        "x1": 691,
        "y1": 214,
        "w": 45,
        "h": 58
    },
    "frame_size": {
        "h": 1080,
        "w": 1920
    },
    "head_pose_angle_6drepnet360": {
        "yaw": 30.14834213256836,
        "pitch": -16.449256896972656,
        "roll": -13.88405704498291
    }
}