{
    "video_name": "czz2023101603",
    "frame_id": 22636,
    "head_bbox": {
        "x0": 668,
        "y0": 160,
        "x1": 708,
        "y1": 207,
        "w": 40,
        "h": 47
    },
    "frame_size": {
        "h": 1080,
        "w": 1920
    },
    "head_pose_angle_6drepnet360": {
        "yaw": 4.709609508514404,
        "pitch": -4.41112756729126,
        "roll": 5.607883930206299
    }
}