{
    "video_name": "czz2023101603",
    "frame_id": 22651,
    "head_bbox": {
        "x0": 674,
        "y0": 161,
        "x1": 715,
        "y1": 210,
        "w": 41,
        "h": 49
    },
    "frame_size": {
        "h": 1080,
        "w": 1920
    },
    "head_pose_angle_6drepnet360": {
        "yaw": 10.999702453613281,
        "pitch": -10.122640609741211,
        "roll": 13.399566650390625
    }
}