{
    "video_name": "czz2023101603",
    "frame_id": 2266,
    "head_bbox": {
        "x0": 796,
        "y0": 156,
        "x1": 834,
        "y1": 209,
        "w": 38,
        "h": 53
    },
    "frame_size": {
        "h": 1080,
        "w": 1920
    },
    "head_pose_angle_6drepnet360": {
        "yaw": -12.441323280334473,
        "pitch": -18.713241577148438,
        "roll": 0.07968074828386307
    }
}