{
    "video_name": "czz2023101603",
    "frame_id": 22741,
    "head_bbox": {
        "x0": 642,
        "y0": 157,
        "x1": 686,
        "y1": 210,
        "w": 44,
        "h": 53
    },
    "frame_size": {
        "h": 1080,
        "w": 1920
    },
    "head_pose_angle_6drepnet360": {
        "yaw": 17.639896392822266,
        "pitch": -11.105849266052246,
        "roll": -16.99070930480957
    }
}