{
    "video_name": "czz2023101603",
    "frame_id": 22756,
    "head_bbox": {
        "x0": 638,
        "y0": 163,
        "x1": 682,
        "y1": 212,
        "w": 44,
        "h": 49
    },
    "frame_size": {
        "h": 1080,
        "w": 1920
    },
    "head_pose_angle_6drepnet360": {
        "yaw": 7.546009063720703,
        "pitch": -8.986626625061035,
        "roll": -14.341327667236328
    }
}