{
    "video_name": "czz2023101603",
    "frame_id": 22801,
    "head_bbox": {
        "x0": 628,
        "y0": 153,
        "x1": 672,
        "y1": 206,
        "w": 44,
        "h": 53
    },
    "frame_size": {
        "h": 1080,
        "w": 1920
    },
    "head_pose_angle_6drepnet360": {
        "yaw": -21.795045852661133,
        "pitch": -8.106274604797363,
        "roll": -6.106715679168701
    }
}