{
    "video_name": "czz2023101603",
    "frame_id": 22921,
    "head_bbox": {
        "x0": 677,
        "y0": 150,
        "x1": 722,
        "y1": 197,
        "w": 45,
        "h": 47
    },
    "frame_size": {
        "h": 1080,
        "w": 1920
    },
    "head_pose_angle_6drepnet360": {
        "yaw": -78.8440933227539,
        "pitch": -165.22576904296875,
        "roll": 164.7701873779297
    }
}