{
    "video_name": "czz2023101603",
    "frame_id": 22951,
    "head_bbox": {
        "x0": 664,
        "y0": 155,
        "x1": 709,
        "y1": 202,
        "w": 45,
        "h": 47
    },
    "frame_size": {
        "h": 1080,
        "w": 1920
    },
    "head_pose_angle_6drepnet360": {
        "yaw": -80.46192932128906,
        "pitch": 168.12852478027344,
        "roll": -179.20217895507812
    }
}