{
    "video_name": "czz2023101603",
    "frame_id": 2311,
    "head_bbox": {
        "x0": 835,
        "y0": 156,
        "x1": 875,
        "y1": 206,
        "w": 40,
        "h": 50
    },
    "frame_size": {
        "h": 1080,
        "w": 1920
    },
    "head_pose_angle_6drepnet360": {
        "yaw": 33.399993896484375,
        "pitch": -7.500948429107666,
        "roll": 0.6836668252944946
    }
}