{
    "video_name": "czz2023101603",
    "frame_id": 23296,
    "head_bbox": {
        "x0": 699,
        "y0": 164,
        "x1": 741,
        "y1": 212,
        "w": 42,
        "h": 48
    },
    "frame_size": {
        "h": 1080,
        "w": 1920
    },
    "head_pose_angle_6drepnet360": {
        "yaw": 7.075477123260498,
        "pitch": -7.131174564361572,
        "roll": -10.27566909790039
    }
}