{
    "video_name": "czz2023101603",
    "frame_id": 23341,
    "head_bbox": {
        "x0": 686,
        "y0": 160,
        "x1": 733,
        "y1": 206,
        "w": 47,
        "h": 46
    },
    "frame_size": {
        "h": 1080,
        "w": 1920
    },
    "head_pose_angle_6drepnet360": {
        "yaw": -65.40840148925781,
        "pitch": -171.000244140625,
        "roll": 159.03614807128906
    }
}