{
    "video_name": "czz2023101603",
    "frame_id": 23371,
    "head_bbox": {
        "x0": 734,
        "y0": 157,
        "x1": 778,
        "y1": 206,
        "w": 44,
        "h": 49
    },
    "frame_size": {
        "h": 1080,
        "w": 1920
    },
    "head_pose_angle_6drepnet360": {
        "yaw": -41.77637481689453,
        "pitch": -170.13145446777344,
        "roll": 152.44427490234375
    }
}