{
    "video_name": "czz2023101603",
    "frame_id": 23581,
    "head_bbox": {
        "x0": 700,
        "y0": 159,
        "x1": 741,
        "y1": 204,
        "w": 41,
        "h": 45
    },
    "frame_size": {
        "h": 1080,
        "w": 1920
    },
    "head_pose_angle_6drepnet360": {
        "yaw": 15.827893257141113,
        "pitch": -3.607994556427002,
        "roll": -5.047430038452148
    }
}