{
    "video_name": "czz2023101603",
    "frame_id": 23611,
    "head_bbox": {
        "x0": 689,
        "y0": 161,
        "x1": 730,
        "y1": 208,
        "w": 41,
        "h": 47
    },
    "frame_size": {
        "h": 1080,
        "w": 1920
    },
    "head_pose_angle_6drepnet360": {
        "yaw": 3.7495594024658203,
        "pitch": -11.67872428894043,
        "roll": -9.068902969360352
    }
}