{
    "video_name": "czz2023101603",
    "frame_id": 2386,
    "head_bbox": {
        "x0": 828,
        "y0": 156,
        "x1": 866,
        "y1": 210,
        "w": 38,
        "h": 54
    },
    "frame_size": {
        "h": 1080,
        "w": 1920
    },
    "head_pose_angle_6drepnet360": {
        "yaw": 6.878462314605713,
        "pitch": -14.825839042663574,
        "roll": 1.791744589805603
    }
}