{
    "video_name": "czz2023101603",
    "frame_id": 23971,
    "head_bbox": {
        "x0": 695,
        "y0": 160,
        "x1": 743,
        "y1": 206,
        "w": 48,
        "h": 46
    },
    "frame_size": {
        "h": 1080,
        "w": 1920
    },
    "head_pose_angle_6drepnet360": {
        "yaw": -60.42324447631836,
        "pitch": 164.7880096435547,
        "roll": -178.34217834472656
    }
}