{
    "video_name": "czz2023101603",
    "frame_id": 2401,
    "head_bbox": {
        "x0": 831,
        "y0": 159,
        "x1": 870,
        "y1": 211,
        "w": 39,
        "h": 52
    },
    "frame_size": {
        "h": 1080,
        "w": 1920
    },
    "head_pose_angle_6drepnet360": {
        "yaw": -6.074831485748291,
        "pitch": -10.867817878723145,
        "roll": 3.280115842819214
    }
}