{
    "video_name": "czz2023101603",
    "frame_id": 24121,
    "head_bbox": {
        "x0": 661,
        "y0": 152,
        "x1": 707,
        "y1": 199,
        "w": 46,
        "h": 47
    },
    "frame_size": {
        "h": 1080,
        "w": 1920
    },
    "head_pose_angle_6drepnet360": {
        "yaw": -56.73875045776367,
        "pitch": 156.1437530517578,
        "roll": -166.20863342285156
    }
}