{
    "video_name": "czz2023101603",
    "frame_id": 24211,
    "head_bbox": {
        "x0": 631,
        "y0": 157,
        "x1": 679,
        "y1": 203,
        "w": 48,
        "h": 46
    },
    "frame_size": {
        "h": 1080,
        "w": 1920
    },
    "head_pose_angle_6drepnet360": {
        "yaw": -66.91490173339844,
        "pitch": -178.88592529296875,
        "roll": 170.77627563476562
    }
}