{
    "video_name": "czz2023101603",
    "frame_id": 2431,
    "head_bbox": {
        "x0": 830,
        "y0": 155,
        "x1": 868,
        "y1": 206,
        "w": 38,
        "h": 51
    },
    "frame_size": {
        "h": 1080,
        "w": 1920
    },
    "head_pose_angle_6drepnet360": {
        "yaw": 27.883262634277344,
        "pitch": -3.5402486324310303,
        "roll": 4.332252502441406
    }
}