{
    "video_name": "czz2023101603",
    "frame_id": 24346,
    "head_bbox": {
        "x0": 648,
        "y0": 145,
        "x1": 695,
        "y1": 195,
        "w": 47,
        "h": 50
    },
    "frame_size": {
        "h": 1080,
        "w": 1920
    },
    "head_pose_angle_6drepnet360": {
        "yaw": -57.142154693603516,
        "pitch": -179.1737823486328,
        "roll": 164.71299743652344
    }
}