{
    "video_name": "czz2023101603",
    "frame_id": 24361,
    "head_bbox": {
        "x0": 665,
        "y0": 152,
        "x1": 710,
        "y1": 197,
        "w": 45,
        "h": 45
    },
    "frame_size": {
        "h": 1080,
        "w": 1920
    },
    "head_pose_angle_6drepnet360": {
        "yaw": -62.04082489013672,
        "pitch": -164.1341552734375,
        "roll": 153.1750030517578
    }
}