{
    "video_name": "czz2023101603",
    "frame_id": 24526,
    "head_bbox": {
        "x0": 617,
        "y0": 159,
        "x1": 658,
        "y1": 210,
        "w": 41,
        "h": 51
    },
    "frame_size": {
        "h": 1080,
        "w": 1920
    },
    "head_pose_angle_6drepnet360": {
        "yaw": 2.6645517349243164,
        "pitch": -10.915680885314941,
        "roll": -9.796969413757324
    }
}