{
    "video_name": "czz2023101603",
    "frame_id": 24631,
    "head_bbox": {
        "x0": 658,
        "y0": 163,
        "x1": 703,
        "y1": 212,
        "w": 45,
        "h": 49
    },
    "frame_size": {
        "h": 1080,
        "w": 1920
    },
    "head_pose_angle_6drepnet360": {
        "yaw": 27.21743392944336,
        "pitch": -10.075124740600586,
        "roll": 31.331192016601562
    }
}