{
    "video_name": "czz2023101603",
    "frame_id": 2476,
    "head_bbox": {
        "x0": 787,
        "y0": 152,
        "x1": 828,
        "y1": 202,
        "w": 41,
        "h": 50
    },
    "frame_size": {
        "h": 1080,
        "w": 1920
    },
    "head_pose_angle_6drepnet360": {
        "yaw": 47.52847671508789,
        "pitch": 2.534959077835083,
        "roll": -1.2374135255813599
    }
}