{
    "video_name": "czz2023101603",
    "frame_id": 24886,
    "head_bbox": {
        "x0": 700,
        "y0": 162,
        "x1": 742,
        "y1": 210,
        "w": 42,
        "h": 48
    },
    "frame_size": {
        "h": 1080,
        "w": 1920
    },
    "head_pose_angle_6drepnet360": {
        "yaw": 28.7358341217041,
        "pitch": -9.903119087219238,
        "roll": -9.71476936340332
    }
}