{
    "video_name": "czz2023101603",
    "frame_id": 24946,
    "head_bbox": {
        "x0": 709,
        "y0": 167,
        "x1": 750,
        "y1": 214,
        "w": 41,
        "h": 47
    },
    "frame_size": {
        "h": 1080,
        "w": 1920
    },
    "head_pose_angle_6drepnet360": {
        "yaw": 10.464812278747559,
        "pitch": -3.574118137359619,
        "roll": 3.09438419342041
    }
}