{
    "video_name": "czz2023101603",
    "frame_id": 25381,
    "head_bbox": {
        "x0": 700,
        "y0": 166,
        "x1": 744,
        "y1": 214,
        "w": 44,
        "h": 48
    },
    "frame_size": {
        "h": 1080,
        "w": 1920
    },
    "head_pose_angle_6drepnet360": {
        "yaw": 30.10978126525879,
        "pitch": -4.648792743682861,
        "roll": 14.259785652160645
    }
}