{
    "video_name": "czz2023101603",
    "frame_id": 25426,
    "head_bbox": {
        "x0": 666,
        "y0": 159,
        "x1": 710,
        "y1": 212,
        "w": 44,
        "h": 53
    },
    "frame_size": {
        "h": 1080,
        "w": 1920
    },
    "head_pose_angle_6drepnet360": {
        "yaw": 16.179275512695312,
        "pitch": -6.7381086349487305,
        "roll": -13.007002830505371
    }
}