{
    "video_name": "czz2023101603",
    "frame_id": 25591,
    "head_bbox": {
        "x0": 696,
        "y0": 162,
        "x1": 740,
        "y1": 213,
        "w": 44,
        "h": 51
    },
    "frame_size": {
        "h": 1080,
        "w": 1920
    },
    "head_pose_angle_6drepnet360": {
        "yaw": 20.443750381469727,
        "pitch": -4.067320346832275,
        "roll": 19.302616119384766
    }
}