{
    "video_name": "czz2023101603",
    "frame_id": 256,
    "head_bbox": {
        "x0": 777,
        "y0": 154,
        "x1": 816,
        "y1": 206,
        "w": 39,
        "h": 52
    },
    "frame_size": {
        "h": 1080,
        "w": 1920
    },
    "head_pose_angle_6drepnet360": {
        "yaw": 12.36108684539795,
        "pitch": -11.363382339477539,
        "roll": -3.7445766925811768
    }
}