{
    "video_name": "czz2023101603",
    "frame_id": 26041,
    "head_bbox": {
        "x0": 659,
        "y0": 161,
        "x1": 705,
        "y1": 216,
        "w": 46,
        "h": 55
    },
    "frame_size": {
        "h": 1080,
        "w": 1920
    },
    "head_pose_angle_6drepnet360": {
        "yaw": 39.3510856628418,
        "pitch": -18.002262115478516,
        "roll": -19.28518295288086
    }
}