{
    "video_name": "czz2023101603",
    "frame_id": 26056,
    "head_bbox": {
        "x0": 656,
        "y0": 159,
        "x1": 701,
        "y1": 213,
        "w": 45,
        "h": 54
    },
    "frame_size": {
        "h": 1080,
        "w": 1920
    },
    "head_pose_angle_6drepnet360": {
        "yaw": 29.080324172973633,
        "pitch": -14.603910446166992,
        "roll": -22.250957489013672
    }
}