{
    "video_name": "czz2023101603",
    "frame_id": 26086,
    "head_bbox": {
        "x0": 678,
        "y0": 159,
        "x1": 722,
        "y1": 211,
        "w": 44,
        "h": 52
    },
    "frame_size": {
        "h": 1080,
        "w": 1920
    },
    "head_pose_angle_6drepnet360": {
        "yaw": 37.86603927612305,
        "pitch": -10.86156177520752,
        "roll": -17.86853790283203
    }
}