{
    "video_name": "czz2023101603",
    "frame_id": 26236,
    "head_bbox": {
        "x0": 593,
        "y0": 154,
        "x1": 637,
        "y1": 203,
        "w": 44,
        "h": 49
    },
    "frame_size": {
        "h": 1080,
        "w": 1920
    },
    "head_pose_angle_6drepnet360": {
        "yaw": -0.010414225980639458,
        "pitch": -15.079183578491211,
        "roll": -12.02819538116455
    }
}