{
    "video_name": "czz2023101603",
    "frame_id": 26311,
    "head_bbox": {
        "x0": 685,
        "y0": 149,
        "x1": 733,
        "y1": 197,
        "w": 48,
        "h": 48
    },
    "frame_size": {
        "h": 1080,
        "w": 1920
    },
    "head_pose_angle_6drepnet360": {
        "yaw": -78.47933197021484,
        "pitch": 175.02432250976562,
        "roll": 171.2808380126953
    }
}