{
    "video_name": "czz2023101603",
    "frame_id": 26326,
    "head_bbox": {
        "x0": 705,
        "y0": 152,
        "x1": 750,
        "y1": 200,
        "w": 45,
        "h": 48
    },
    "frame_size": {
        "h": 1080,
        "w": 1920
    },
    "head_pose_angle_6drepnet360": {
        "yaw": -65.4866943359375,
        "pitch": -177.1002960205078,
        "roll": 174.80667114257812
    }
}