{
    "video_name": "czz2023101603",
    "frame_id": 26371,
    "head_bbox": {
        "x0": 751,
        "y0": 158,
        "x1": 794,
        "y1": 209,
        "w": 43,
        "h": 51
    },
    "frame_size": {
        "h": 1080,
        "w": 1920
    },
    "head_pose_angle_6drepnet360": {
        "yaw": -8.185197830200195,
        "pitch": -32.23030471801758,
        "roll": 19.781646728515625
    }
}