{
    "video_name": "czz2023101603",
    "frame_id": 26461,
    "head_bbox": {
        "x0": 608,
        "y0": 164,
        "x1": 651,
        "y1": 216,
        "w": 43,
        "h": 52
    },
    "frame_size": {
        "h": 1080,
        "w": 1920
    },
    "head_pose_angle_6drepnet360": {
        "yaw": -4.97478723526001,
        "pitch": -14.338369369506836,
        "roll": -12.21770191192627
    }
}