{
    "video_name": "czz2023101603",
    "frame_id": 26476,
    "head_bbox": {
        "x0": 610,
        "y0": 162,
        "x1": 653,
        "y1": 212,
        "w": 43,
        "h": 50
    },
    "frame_size": {
        "h": 1080,
        "w": 1920
    },
    "head_pose_angle_6drepnet360": {
        "yaw": 1.2340906858444214,
        "pitch": -12.759220123291016,
        "roll": -11.567736625671387
    }
}