{
    "video_name": "czz2023101603",
    "frame_id": 26536,
    "head_bbox": {
        "x0": 634,
        "y0": 160,
        "x1": 676,
        "y1": 209,
        "w": 42,
        "h": 49
    },
    "frame_size": {
        "h": 1080,
        "w": 1920
    },
    "head_pose_angle_6drepnet360": {
        "yaw": -0.34576594829559326,
        "pitch": -10.642226219177246,
        "roll": -4.603800296783447
    }
}