{
    "video_name": "czz2023101603",
    "frame_id": 26566,
    "head_bbox": {
        "x0": 631,
        "y0": 158,
        "x1": 672,
        "y1": 209,
        "w": 41,
        "h": 51
    },
    "frame_size": {
        "h": 1080,
        "w": 1920
    },
    "head_pose_angle_6drepnet360": {
        "yaw": 3.790395498275757,
        "pitch": -12.174270629882812,
        "roll": -7.973339080810547
    }
}