{
    "video_name": "czz2023101603",
    "frame_id": 26671,
    "head_bbox": {
        "x0": 788,
        "y0": 138,
        "x1": 824,
        "y1": 188,
        "w": 36,
        "h": 50
    },
    "frame_size": {
        "h": 1080,
        "w": 1920
    },
    "head_pose_angle_6drepnet360": {
        "yaw": 3.354609727859497,
        "pitch": -11.942532539367676,
        "roll": -1.9852607250213623
    }
}