{
    "video_name": "czz2023101603",
    "frame_id": 26686,
    "head_bbox": {
        "x0": 783,
        "y0": 135,
        "x1": 820,
        "y1": 185,
        "w": 37,
        "h": 50
    },
    "frame_size": {
        "h": 1080,
        "w": 1920
    },
    "head_pose_angle_6drepnet360": {
        "yaw": 10.829497337341309,
        "pitch": -12.301412582397461,
        "roll": -1.4974738359451294
    }
}