{
    "video_name": "czz2023101603",
    "frame_id": 26806,
    "head_bbox": {
        "x0": 663,
        "y0": 153,
        "x1": 705,
        "y1": 201,
        "w": 42,
        "h": 48
    },
    "frame_size": {
        "h": 1080,
        "w": 1920
    },
    "head_pose_angle_6drepnet360": {
        "yaw": 6.106234550476074,
        "pitch": -0.6181409955024719,
        "roll": 4.005581378936768
    }
}