{
    "video_name": "czz2023101603",
    "frame_id": 26866,
    "head_bbox": {
        "x0": 658,
        "y0": 158,
        "x1": 699,
        "y1": 208,
        "w": 41,
        "h": 50
    },
    "frame_size": {
        "h": 1080,
        "w": 1920
    },
    "head_pose_angle_6drepnet360": {
        "yaw": 4.260336875915527,
        "pitch": -7.0185933113098145,
        "roll": -3.9678795337677
    }
}