{
    "video_name": "czz2023101603",
    "frame_id": 26881,
    "head_bbox": {
        "x0": 657,
        "y0": 157,
        "x1": 699,
        "y1": 207,
        "w": 42,
        "h": 50
    },
    "frame_size": {
        "h": 1080,
        "w": 1920
    },
    "head_pose_angle_6drepnet360": {
        "yaw": 15.231607437133789,
        "pitch": -4.90224552154541,
        "roll": -3.657442331314087
    }
}