{
    "video_name": "czz2023101603",
    "frame_id": 27016,
    "head_bbox": {
        "x0": 788,
        "y0": 145,
        "x1": 829,
        "y1": 194,
        "w": 41,
        "h": 49
    },
    "frame_size": {
        "h": 1080,
        "w": 1920
    },
    "head_pose_angle_6drepnet360": {
        "yaw": -76.50416564941406,
        "pitch": -131.60968017578125,
        "roll": 127.36972045898438
    }
}