{
    "video_name": "czz2023101603",
    "frame_id": 27091,
    "head_bbox": {
        "x0": 671,
        "y0": 154,
        "x1": 712,
        "y1": 202,
        "w": 41,
        "h": 48
    },
    "frame_size": {
        "h": 1080,
        "w": 1920
    },
    "head_pose_angle_6drepnet360": {
        "yaw": 12.368924140930176,
        "pitch": -10.947510719299316,
        "roll": -4.126727104187012
    }
}