{
    "video_name": "czz2023101603",
    "frame_id": 27106,
    "head_bbox": {
        "x0": 636,
        "y0": 154,
        "x1": 677,
        "y1": 201,
        "w": 41,
        "h": 47
    },
    "frame_size": {
        "h": 1080,
        "w": 1920
    },
    "head_pose_angle_6drepnet360": {
        "yaw": 5.9648823738098145,
        "pitch": -7.898181915283203,
        "roll": -8.742302894592285
    }
}