{
    "video_name": "czz2023101603",
    "frame_id": 27241,
    "head_bbox": {
        "x0": 621,
        "y0": 153,
        "x1": 664,
        "y1": 210,
        "w": 43,
        "h": 57
    },
    "frame_size": {
        "h": 1080,
        "w": 1920
    },
    "head_pose_angle_6drepnet360": {
        "yaw": 5.991324424743652,
        "pitch": -13.303445816040039,
        "roll": -12.032423973083496
    }
}