{
    "video_name": "czz2023101603",
    "frame_id": 27286,
    "head_bbox": {
        "x0": 617,
        "y0": 154,
        "x1": 660,
        "y1": 209,
        "w": 43,
        "h": 55
    },
    "frame_size": {
        "h": 1080,
        "w": 1920
    },
    "head_pose_angle_6drepnet360": {
        "yaw": 12.402536392211914,
        "pitch": -13.624410629272461,
        "roll": -13.558525085449219
    }
}