{
    "video_name": "czz2023101603",
    "frame_id": 27331,
    "head_bbox": {
        "x0": 616,
        "y0": 153,
        "x1": 660,
        "y1": 210,
        "w": 44,
        "h": 57
    },
    "frame_size": {
        "h": 1080,
        "w": 1920
    },
    "head_pose_angle_6drepnet360": {
        "yaw": 17.761171340942383,
        "pitch": -16.504600524902344,
        "roll": -18.6710205078125
    }
}