{
    "video_name": "czz2023101603",
    "frame_id": 27361,
    "head_bbox": {
        "x0": 612,
        "y0": 156,
        "x1": 656,
        "y1": 209,
        "w": 44,
        "h": 53
    },
    "frame_size": {
        "h": 1080,
        "w": 1920
    },
    "head_pose_angle_6drepnet360": {
        "yaw": 4.874208927154541,
        "pitch": -10.555022239685059,
        "roll": -18.093183517456055
    }
}