{
    "video_name": "czz2023101603",
    "frame_id": 27451,
    "head_bbox": {
        "x0": 595,
        "y0": 155,
        "x1": 638,
        "y1": 207,
        "w": 43,
        "h": 52
    },
    "frame_size": {
        "h": 1080,
        "w": 1920
    },
    "head_pose_angle_6drepnet360": {
        "yaw": -8.447338104248047,
        "pitch": -16.79836654663086,
        "roll": -15.220402717590332
    }
}