{
    "video_name": "czz2023101603",
    "frame_id": 27481,
    "head_bbox": {
        "x0": 663,
        "y0": 147,
        "x1": 712,
        "y1": 197,
        "w": 49,
        "h": 50
    },
    "frame_size": {
        "h": 1080,
        "w": 1920
    },
    "head_pose_angle_6drepnet360": {
        "yaw": -85.7246322631836,
        "pitch": 99.35926818847656,
        "roll": -114.05286407470703
    }
}