{
    "video_name": "czz2023101603",
    "frame_id": 27526,
    "head_bbox": {
        "x0": 756,
        "y0": 147,
        "x1": 797,
        "y1": 197,
        "w": 41,
        "h": 50
    },
    "frame_size": {
        "h": 1080,
        "w": 1920
    },
    "head_pose_angle_6drepnet360": {
        "yaw": -50.0272216796875,
        "pitch": -13.610129356384277,
        "roll": 0.6941554546356201
    }
}