{
    "video_name": "czz2023101603",
    "frame_id": 27541,
    "head_bbox": {
        "x0": 766,
        "y0": 141,
        "x1": 802,
        "y1": 191,
        "w": 36,
        "h": 50
    },
    "frame_size": {
        "h": 1080,
        "w": 1920
    },
    "head_pose_angle_6drepnet360": {
        "yaw": -11.284997940063477,
        "pitch": -10.721232414245605,
        "roll": -3.1944003105163574
    }
}