{
    "video_name": "czz2023101603",
    "frame_id": 27586,
    "head_bbox": {
        "x0": 754,
        "y0": 145,
        "x1": 792,
        "y1": 194,
        "w": 38,
        "h": 49
    },
    "frame_size": {
        "h": 1080,
        "w": 1920
    },
    "head_pose_angle_6drepnet360": {
        "yaw": -5.977921009063721,
        "pitch": -13.72999095916748,
        "roll": -8.190608978271484
    }
}