{
    "video_name": "czz2023101603",
    "frame_id": 27916,
    "head_bbox": {
        "x0": 632,
        "y0": 157,
        "x1": 675,
        "y1": 211,
        "w": 43,
        "h": 54
    },
    "frame_size": {
        "h": 1080,
        "w": 1920
    },
    "head_pose_angle_6drepnet360": {
        "yaw": 2.5896847248077393,
        "pitch": -14.150656700134277,
        "roll": -12.800718307495117
    }
}