{
    "video_name": "czz2023101603",
    "frame_id": 28096,
    "head_bbox": {
        "x0": 664,
        "y0": 148,
        "x1": 704,
        "y1": 194,
        "w": 40,
        "h": 46
    },
    "frame_size": {
        "h": 1080,
        "w": 1920
    },
    "head_pose_angle_6drepnet360": {
        "yaw": 4.35756254196167,
        "pitch": -1.236259937286377,
        "roll": -6.424989700317383
    }
}