{
    "video_name": "czz2023101603",
    "frame_id": 28276,
    "head_bbox": {
        "x0": 648,
        "y0": 144,
        "x1": 689,
        "y1": 194,
        "w": 41,
        "h": 50
    },
    "frame_size": {
        "h": 1080,
        "w": 1920
    },
    "head_pose_angle_6drepnet360": {
        "yaw": -21.69493293762207,
        "pitch": -6.71678352355957,
        "roll": -2.2348923683166504
    }
}