{
    "video_name": "czz2023101603",
    "frame_id": 28396,
    "head_bbox": {
        "x0": 628,
        "y0": 159,
        "x1": 670,
        "y1": 210,
        "w": 42,
        "h": 51
    },
    "frame_size": {
        "h": 1080,
        "w": 1920
    },
    "head_pose_angle_6drepnet360": {
        "yaw": -2.0548129081726074,
        "pitch": -10.50783920288086,
        "roll": -9.699055671691895
    }
}