{
    "video_name": "czz2023101603",
    "frame_id": 28711,
    "head_bbox": {
        "x0": 1028,
        "y0": 178,
        "x1": 1074,
        "y1": 232,
        "w": 46,
        "h": 54
    },
    "frame_size": {
        "h": 1080,
        "w": 1920
    },
    "head_pose_angle_6drepnet360": {
        "yaw": 41.04105758666992,
        "pitch": -17.855546951293945,
        "roll": 4.326680660247803
    }
}