{
    "video_name": "czz2023101603",
    "frame_id": 28771,
    "head_bbox": {
        "x0": 944,
        "y0": 163,
        "x1": 986,
        "y1": 214,
        "w": 42,
        "h": 51
    },
    "frame_size": {
        "h": 1080,
        "w": 1920
    },
    "head_pose_angle_6drepnet360": {
        "yaw": 55.5703010559082,
        "pitch": -26.90346908569336,
        "roll": -15.758190155029297
    }
}