{
    "video_name": "czz2023101603",
    "frame_id": 28801,
    "head_bbox": {
        "x0": 851,
        "y0": 153,
        "x1": 891,
        "y1": 208,
        "w": 40,
        "h": 55
    },
    "frame_size": {
        "h": 1080,
        "w": 1920
    },
    "head_pose_angle_6drepnet360": {
        "yaw": 30.398828506469727,
        "pitch": -21.71888542175293,
        "roll": -12.319013595581055
    }
}