{
    "video_name": "czz2023101603",
    "frame_id": 28831,
    "head_bbox": {
        "x0": 794,
        "y0": 159,
        "x1": 836,
        "y1": 215,
        "w": 42,
        "h": 56
    },
    "frame_size": {
        "h": 1080,
        "w": 1920
    },
    "head_pose_angle_6drepnet360": {
        "yaw": 22.39704704284668,
        "pitch": -20.328638076782227,
        "roll": 0.313717246055603
    }
}