{
    "video_name": "czz2023101603",
    "frame_id": 28906,
    "head_bbox": {
        "x0": 738,
        "y0": 162,
        "x1": 776,
        "y1": 209,
        "w": 38,
        "h": 47
    },
    "frame_size": {
        "h": 1080,
        "w": 1920
    },
    "head_pose_angle_6drepnet360": {
        "yaw": 4.882903099060059,
        "pitch": -8.672994613647461,
        "roll": -2.7544898986816406
    }
}