{
    "video_name": "czz2023101603",
    "frame_id": 28936,
    "head_bbox": {
        "x0": 682,
        "y0": 162,
        "x1": 725,
        "y1": 213,
        "w": 43,
        "h": 51
    },
    "frame_size": {
        "h": 1080,
        "w": 1920
    },
    "head_pose_angle_6drepnet360": {
        "yaw": 3.8266634941101074,
        "pitch": -9.131802558898926,
        "roll": -11.504068374633789
    }
}