{
    "video_name": "czz2023101603",
    "frame_id": 28951,
    "head_bbox": {
        "x0": 676,
        "y0": 162,
        "x1": 721,
        "y1": 215,
        "w": 45,
        "h": 53
    },
    "frame_size": {
        "h": 1080,
        "w": 1920
    },
    "head_pose_angle_6drepnet360": {
        "yaw": -22.918474197387695,
        "pitch": -11.235845565795898,
        "roll": -4.2476630210876465
    }
}