{
    "video_name": "czz2023101603",
    "frame_id": 2896,
    "head_bbox": {
        "x0": 1007,
        "y0": 148,
        "x1": 1043,
        "y1": 191,
        "w": 36,
        "h": 43
    },
    "frame_size": {
        "h": 1080,
        "w": 1920
    },
    "head_pose_angle_6drepnet360": {
        "yaw": -27.255739212036133,
        "pitch": -179.18936157226562,
        "roll": 164.46340942382812
    }
}