{
    "video_name": "czz2023101603",
    "frame_id": 28966,
    "head_bbox": {
        "x0": 703,
        "y0": 164,
        "x1": 745,
        "y1": 211,
        "w": 42,
        "h": 47
    },
    "frame_size": {
        "h": 1080,
        "w": 1920
    },
    "head_pose_angle_6drepnet360": {
        "yaw": -28.495113372802734,
        "pitch": -3.8660857677459717,
        "roll": 0.13255944848060608
    }
}