{
    "video_name": "czz2023101603",
    "frame_id": 29176,
    "head_bbox": {
        "x0": 697,
        "y0": 163,
        "x1": 743,
        "y1": 220,
        "w": 46,
        "h": 57
    },
    "frame_size": {
        "h": 1080,
        "w": 1920
    },
    "head_pose_angle_6drepnet360": {
        "yaw": 55.472808837890625,
        "pitch": -28.6331787109375,
        "roll": -7.572052955627441
    }
}