{
    "video_name": "czz2023101603",
    "frame_id": 29206,
    "head_bbox": {
        "x0": 700,
        "y0": 162,
        "x1": 745,
        "y1": 211,
        "w": 45,
        "h": 49
    },
    "frame_size": {
        "h": 1080,
        "w": 1920
    },
    "head_pose_angle_6drepnet360": {
        "yaw": 28.292400360107422,
        "pitch": -11.443964958190918,
        "roll": -10.517388343811035
    }
}