{
    "video_name": "czz2023101603",
    "frame_id": 2926,
    "head_bbox": {
        "x0": 1006,
        "y0": 149,
        "x1": 1042,
        "y1": 192,
        "w": 36,
        "h": 43
    },
    "frame_size": {
        "h": 1080,
        "w": 1920
    },
    "head_pose_angle_6drepnet360": {
        "yaw": -30.40939712524414,
        "pitch": 177.37704467773438,
        "roll": 166.710693359375
    }
}