{
    "video_name": "czz2023101603",
    "frame_id": 29311,
    "head_bbox": {
        "x0": 704,
        "y0": 161,
        "x1": 746,
        "y1": 212,
        "w": 42,
        "h": 51
    },
    "frame_size": {
        "h": 1080,
        "w": 1920
    },
    "head_pose_angle_6drepnet360": {
        "yaw": 16.31899642944336,
        "pitch": -10.78628158569336,
        "roll": -6.510059356689453
    }
}