{
    "video_name": "czz2023101603",
    "frame_id": 29326,
    "head_bbox": {
        "x0": 693,
        "y0": 167,
        "x1": 741,
        "y1": 221,
        "w": 48,
        "h": 54
    },
    "frame_size": {
        "h": 1080,
        "w": 1920
    },
    "head_pose_angle_6drepnet360": {
        "yaw": -48.465423583984375,
        "pitch": -19.686124801635742,
        "roll": 2.7612385749816895
    }
}