{
    "video_name": "czz2023101603",
    "frame_id": 29356,
    "head_bbox": {
        "x0": 693,
        "y0": 162,
        "x1": 738,
        "y1": 215,
        "w": 45,
        "h": 53
    },
    "frame_size": {
        "h": 1080,
        "w": 1920
    },
    "head_pose_angle_6drepnet360": {
        "yaw": -23.580955505371094,
        "pitch": -8.502367973327637,
        "roll": -6.852697372436523
    }
}