{
    "video_name": "czz2023101603",
    "frame_id": 29521,
    "head_bbox": {
        "x0": 686,
        "y0": 160,
        "x1": 731,
        "y1": 213,
        "w": 45,
        "h": 53
    },
    "frame_size": {
        "h": 1080,
        "w": 1920
    },
    "head_pose_angle_6drepnet360": {
        "yaw": -29.128419876098633,
        "pitch": -25.65491485595703,
        "roll": 4.073044300079346
    }
}