{
    "video_name": "czz2023101603",
    "frame_id": 29581,
    "head_bbox": {
        "x0": 661,
        "y0": 154,
        "x1": 711,
        "y1": 199,
        "w": 50,
        "h": 45
    },
    "frame_size": {
        "h": 1080,
        "w": 1920
    },
    "head_pose_angle_6drepnet360": {
        "yaw": -83.95263671875,
        "pitch": 114.45655822753906,
        "roll": -129.3155059814453
    }
}