{
    "video_name": "czz2023101603",
    "frame_id": 29656,
    "head_bbox": {
        "x0": 764,
        "y0": 145,
        "x1": 805,
        "y1": 193,
        "w": 41,
        "h": 48
    },
    "frame_size": {
        "h": 1080,
        "w": 1920
    },
    "head_pose_angle_6drepnet360": {
        "yaw": -61.44819259643555,
        "pitch": 176.17515563964844,
        "roll": 173.06488037109375
    }
}