{
    "video_name": "czz2023101603",
    "frame_id": 29671,
    "head_bbox": {
        "x0": 748,
        "y0": 143,
        "x1": 791,
        "y1": 190,
        "w": 43,
        "h": 47
    },
    "frame_size": {
        "h": 1080,
        "w": 1920
    },
    "head_pose_angle_6drepnet360": {
        "yaw": -60.5715217590332,
        "pitch": 159.7393798828125,
        "roll": -175.60189819335938
    }
}