{
    "video_name": "czz2023101603",
    "frame_id": 29806,
    "head_bbox": {
        "x0": 657,
        "y0": 156,
        "x1": 703,
        "y1": 203,
        "w": 46,
        "h": 47
    },
    "frame_size": {
        "h": 1080,
        "w": 1920
    },
    "head_pose_angle_6drepnet360": {
        "yaw": -53.22913360595703,
        "pitch": 150.2618865966797,
        "roll": -161.48956298828125
    }
}