{
    "video_name": "czz2023101603",
    "frame_id": 29866,
    "head_bbox": {
        "x0": 655,
        "y0": 155,
        "x1": 714,
        "y1": 200,
        "w": 59,
        "h": 45
    },
    "frame_size": {
        "h": 1080,
        "w": 1920
    },
    "head_pose_angle_6drepnet360": {
        "yaw": -55.87229537963867,
        "pitch": 161.8917236328125,
        "roll": -177.22129821777344
    }
}