{
    "video_name": "czz2023101603",
    "frame_id": 29956,
    "head_bbox": {
        "x0": 628,
        "y0": 156,
        "x1": 679,
        "y1": 203,
        "w": 51,
        "h": 47
    },
    "frame_size": {
        "h": 1080,
        "w": 1920
    },
    "head_pose_angle_6drepnet360": {
        "yaw": -60.706336975097656,
        "pitch": 121.20855712890625,
        "roll": -138.15638732910156
    }
}