{
    "video_name": "czz2023101603",
    "frame_id": 30166,
    "head_bbox": {
        "x0": 695,
        "y0": 154,
        "x1": 739,
        "y1": 207,
        "w": 44,
        "h": 53
    },
    "frame_size": {
        "h": 1080,
        "w": 1920
    },
    "head_pose_angle_6drepnet360": {
        "yaw": -63.962196350097656,
        "pitch": -12.764278411865234,
        "roll": 4.097024917602539
    }
}