{
    "video_name": "czz2023101603",
    "frame_id": 30271,
    "head_bbox": {
        "x0": 647,
        "y0": 153,
        "x1": 694,
        "y1": 198,
        "w": 47,
        "h": 45
    },
    "frame_size": {
        "h": 1080,
        "w": 1920
    },
    "head_pose_angle_6drepnet360": {
        "yaw": -67.92372131347656,
        "pitch": 168.10025024414062,
        "roll": -175.39608764648438
    }
}