{
    "video_name": "czz2023101603",
    "frame_id": 30346,
    "head_bbox": {
        "x0": 657,
        "y0": 159,
        "x1": 699,
        "y1": 207,
        "w": 42,
        "h": 48
    },
    "frame_size": {
        "h": 1080,
        "w": 1920
    },
    "head_pose_angle_6drepnet360": {
        "yaw": 0.8557354211807251,
        "pitch": -8.080327987670898,
        "roll": -2.7836883068084717
    }
}