{
    "video_name": "czz2023101603",
    "frame_id": 30511,
    "head_bbox": {
        "x0": 651,
        "y0": 156,
        "x1": 692,
        "y1": 207,
        "w": 41,
        "h": 51
    },
    "frame_size": {
        "h": 1080,
        "w": 1920
    },
    "head_pose_angle_6drepnet360": {
        "yaw": 17.769121170043945,
        "pitch": -6.4583353996276855,
        "roll": -3.7341091632843018
    }
}