{
    "video_name": "czz2023101603",
    "frame_id": 30646,
    "head_bbox": {
        "x0": 698,
        "y0": 167,
        "x1": 739,
        "y1": 214,
        "w": 41,
        "h": 47
    },
    "frame_size": {
        "h": 1080,
        "w": 1920
    },
    "head_pose_angle_6drepnet360": {
        "yaw": -8.405406951904297,
        "pitch": -9.635605812072754,
        "roll": -7.798973560333252
    }
}