{
    "video_name": "czz2023101603",
    "frame_id": 30661,
    "head_bbox": {
        "x0": 736,
        "y0": 161,
        "x1": 776,
        "y1": 213,
        "w": 40,
        "h": 52
    },
    "frame_size": {
        "h": 1080,
        "w": 1920
    },
    "head_pose_angle_6drepnet360": {
        "yaw": 15.34645938873291,
        "pitch": -6.9637131690979,
        "roll": 4.2079362869262695
    }
}