{
    "video_name": "czz2023101603",
    "frame_id": 30691,
    "head_bbox": {
        "x0": 727,
        "y0": 165,
        "x1": 768,
        "y1": 215,
        "w": 41,
        "h": 50
    },
    "frame_size": {
        "h": 1080,
        "w": 1920
    },
    "head_pose_angle_6drepnet360": {
        "yaw": 15.993053436279297,
        "pitch": -8.676772117614746,
        "roll": -2.702847480773926
    }
}