{
    "video_name": "czz2023101603",
    "frame_id": 30781,
    "head_bbox": {
        "x0": 721,
        "y0": 165,
        "x1": 762,
        "y1": 216,
        "w": 41,
        "h": 51
    },
    "frame_size": {
        "h": 1080,
        "w": 1920
    },
    "head_pose_angle_6drepnet360": {
        "yaw": 24.045516967773438,
        "pitch": -7.513134956359863,
        "roll": -3.321279764175415
    }
}