{
    "video_name": "czz2023101603",
    "frame_id": 30916,
    "head_bbox": {
        "x0": 724,
        "y0": 160,
        "x1": 766,
        "y1": 214,
        "w": 42,
        "h": 54
    },
    "frame_size": {
        "h": 1080,
        "w": 1920
    },
    "head_pose_angle_6drepnet360": {
        "yaw": 22.215269088745117,
        "pitch": -10.882777214050293,
        "roll": -1.9055488109588623
    }
}