{
    "video_name": "czz2023101603",
    "frame_id": 31036,
    "head_bbox": {
        "x0": 739,
        "y0": 168,
        "x1": 780,
        "y1": 213,
        "w": 41,
        "h": 45
    },
    "frame_size": {
        "h": 1080,
        "w": 1920
    },
    "head_pose_angle_6drepnet360": {
        "yaw": 17.352210998535156,
        "pitch": -3.45961856842041,
        "roll": 15.27303695678711
    }
}