{
    "video_name": "czz2023101603",
    "frame_id": 31111,
    "head_bbox": {
        "x0": 727,
        "y0": 162,
        "x1": 769,
        "y1": 219,
        "w": 42,
        "h": 57
    },
    "frame_size": {
        "h": 1080,
        "w": 1920
    },
    "head_pose_angle_6drepnet360": {
        "yaw": 13.434252738952637,
        "pitch": -16.200294494628906,
        "roll": -7.251986026763916
    }
}