{
    "video_name": "czz2023101603",
    "frame_id": 31216,
    "head_bbox": {
        "x0": 743,
        "y0": 163,
        "x1": 783,
        "y1": 209,
        "w": 40,
        "h": 46
    },
    "frame_size": {
        "h": 1080,
        "w": 1920
    },
    "head_pose_angle_6drepnet360": {
        "yaw": 14.310429573059082,
        "pitch": 1.4593976736068726,
        "roll": 12.737004280090332
    }
}