{
    "video_name": "czz2023101603",
    "frame_id": 31276,
    "head_bbox": {
        "x0": 686,
        "y0": 156,
        "x1": 729,
        "y1": 205,
        "w": 43,
        "h": 49
    },
    "frame_size": {
        "h": 1080,
        "w": 1920
    },
    "head_pose_angle_6drepnet360": {
        "yaw": 49.50547790527344,
        "pitch": -0.152234748005867,
        "roll": 5.531521797180176
    }
}