{
    "video_name": "czz2023101603",
    "frame_id": 31531,
    "head_bbox": {
        "x0": 629,
        "y0": 160,
        "x1": 672,
        "y1": 212,
        "w": 43,
        "h": 52
    },
    "frame_size": {
        "h": 1080,
        "w": 1920
    },
    "head_pose_angle_6drepnet360": {
        "yaw": 8.882530212402344,
        "pitch": -8.85718059539795,
        "roll": -8.977140426635742
    }
}