{
    "video_name": "czz2023101603",
    "frame_id": 31621,
    "head_bbox": {
        "x0": 638,
        "y0": 161,
        "x1": 680,
        "y1": 214,
        "w": 42,
        "h": 53
    },
    "frame_size": {
        "h": 1080,
        "w": 1920
    },
    "head_pose_angle_6drepnet360": {
        "yaw": 33.527442932128906,
        "pitch": -6.974367141723633,
        "roll": -3.3472464084625244
    }
}