{
    "video_name": "czz2023101603",
    "frame_id": 31651,
    "head_bbox": {
        "x0": 654,
        "y0": 164,
        "x1": 696,
        "y1": 217,
        "w": 42,
        "h": 53
    },
    "frame_size": {
        "h": 1080,
        "w": 1920
    },
    "head_pose_angle_6drepnet360": {
        "yaw": -0.883017897605896,
        "pitch": -8.523395538330078,
        "roll": -2.19378924369812
    }
}