{
    "video_name": "czz2023101603",
    "frame_id": 3166,
    "head_bbox": {
        "x0": 847,
        "y0": 145,
        "x1": 883,
        "y1": 192,
        "w": 36,
        "h": 47
    },
    "frame_size": {
        "h": 1080,
        "w": 1920
    },
    "head_pose_angle_6drepnet360": {
        "yaw": 3.9907426834106445,
        "pitch": -6.16422176361084,
        "roll": -10.990235328674316
    }
}