{
    "video_name": "czz2023101603",
    "frame_id": 31801,
    "head_bbox": {
        "x0": 614,
        "y0": 159,
        "x1": 660,
        "y1": 207,
        "w": 46,
        "h": 48
    },
    "frame_size": {
        "h": 1080,
        "w": 1920
    },
    "head_pose_angle_6drepnet360": {
        "yaw": -65.14717864990234,
        "pitch": 169.48326110839844,
        "roll": 179.60189819335938
    }
}