{
    "video_name": "czz2023101603",
    "frame_id": 31921,
    "head_bbox": {
        "x0": 641,
        "y0": 145,
        "x1": 682,
        "y1": 192,
        "w": 41,
        "h": 47
    },
    "frame_size": {
        "h": 1080,
        "w": 1920
    },
    "head_pose_angle_6drepnet360": {
        "yaw": 12.740862846374512,
        "pitch": -11.798213005065918,
        "roll": -18.309223175048828
    }
}