{
    "video_name": "czz2023101603",
    "frame_id": 32206,
    "head_bbox": {
        "x0": 659,
        "y0": 154,
        "x1": 705,
        "y1": 204,
        "w": 46,
        "h": 50
    },
    "frame_size": {
        "h": 1080,
        "w": 1920
    },
    "head_pose_angle_6drepnet360": {
        "yaw": 47.087158203125,
        "pitch": -3.426079750061035,
        "roll": 13.325958251953125
    }
}