{
    "video_name": "czz2023101603",
    "frame_id": 32281,
    "head_bbox": {
        "x0": 649,
        "y0": 153,
        "x1": 691,
        "y1": 205,
        "w": 42,
        "h": 52
    },
    "frame_size": {
        "h": 1080,
        "w": 1920
    },
    "head_pose_angle_6drepnet360": {
        "yaw": 4.562681674957275,
        "pitch": -8.064531326293945,
        "roll": 3.1498758792877197
    }
}