{
    "video_name": "czz2023101603",
    "frame_id": 32341,
    "head_bbox": {
        "x0": 643,
        "y0": 150,
        "x1": 683,
        "y1": 201,
        "w": 40,
        "h": 51
    },
    "frame_size": {
        "h": 1080,
        "w": 1920
    },
    "head_pose_angle_6drepnet360": {
        "yaw": 14.433582305908203,
        "pitch": -8.010775566101074,
        "roll": -1.2310843467712402
    }
}