{
    "video_name": "czz2023101603",
    "frame_id": 3241,
    "head_bbox": {
        "x0": 692,
        "y0": 161,
        "x1": 736,
        "y1": 206,
        "w": 44,
        "h": 45
    },
    "frame_size": {
        "h": 1080,
        "w": 1920
    },
    "head_pose_angle_6drepnet360": {
        "yaw": 15.476274490356445,
        "pitch": -7.386601448059082,
        "roll": -15.62399959564209
    }
}