{
    "video_name": "czz2023101603",
    "frame_id": 32461,
    "head_bbox": {
        "x0": 631,
        "y0": 151,
        "x1": 672,
        "y1": 204,
        "w": 41,
        "h": 53
    },
    "frame_size": {
        "h": 1080,
        "w": 1920
    },
    "head_pose_angle_6drepnet360": {
        "yaw": 7.344451904296875,
        "pitch": -12.948476791381836,
        "roll": -11.31931209564209
    }
}