{
    "video_name": "czz2023101603",
    "frame_id": 32521,
    "head_bbox": {
        "x0": 629,
        "y0": 154,
        "x1": 681,
        "y1": 202,
        "w": 52,
        "h": 48
    },
    "frame_size": {
        "h": 1080,
        "w": 1920
    },
    "head_pose_angle_6drepnet360": {
        "yaw": -78.65779876708984,
        "pitch": -125.9512939453125,
        "roll": 120.9248275756836
    }
}