{
    "video_name": "czz2023101603",
    "frame_id": 33001,
    "head_bbox": {
        "x0": 631,
        "y0": 156,
        "x1": 672,
        "y1": 206,
        "w": 41,
        "h": 50
    },
    "frame_size": {
        "h": 1080,
        "w": 1920
    },
    "head_pose_angle_6drepnet360": {
        "yaw": -1.7150721549987793,
        "pitch": -6.093652248382568,
        "roll": -8.30052661895752
    }
}