{
    "video_name": "czz2023101603",
    "frame_id": 33346,
    "head_bbox": {
        "x0": 641,
        "y0": 151,
        "x1": 682,
        "y1": 201,
        "w": 41,
        "h": 50
    },
    "frame_size": {
        "h": 1080,
        "w": 1920
    },
    "head_pose_angle_6drepnet360": {
        "yaw": 15.385801315307617,
        "pitch": -5.869356155395508,
        "roll": -8.473846435546875
    }
}