{
    "video_name": "czz2023101603",
    "frame_id": 33451,
    "head_bbox": {
        "x0": 628,
        "y0": 149,
        "x1": 677,
        "y1": 193,
        "w": 49,
        "h": 44
    },
    "frame_size": {
        "h": 1080,
        "w": 1920
    },
    "head_pose_angle_6drepnet360": {
        "yaw": -67.49893951416016,
        "pitch": 158.52154541015625,
        "roll": -167.23208618164062
    }
}