{
    "video_name": "czz2023101603",
    "frame_id": 33556,
    "head_bbox": {
        "x0": 720,
        "y0": 143,
        "x1": 766,
        "y1": 187,
        "w": 46,
        "h": 44
    },
    "frame_size": {
        "h": 1080,
        "w": 1920
    },
    "head_pose_angle_6drepnet360": {
        "yaw": -87.32283020019531,
        "pitch": 84.84004211425781,
        "roll": -91.48359680175781
    }
}