{
    "video_name": "czz2023101603",
    "frame_id": 33616,
    "head_bbox": {
        "x0": 670,
        "y0": 141,
        "x1": 717,
        "y1": 187,
        "w": 47,
        "h": 46
    },
    "frame_size": {
        "h": 1080,
        "w": 1920
    },
    "head_pose_angle_6drepnet360": {
        "yaw": -84.80352020263672,
        "pitch": 95.11514282226562,
        "roll": -100.5858154296875
    }
}