{
    "video_name": "czz2023101603",
    "frame_id": 33706,
    "head_bbox": {
        "x0": 672,
        "y0": 147,
        "x1": 710,
        "y1": 195,
        "w": 38,
        "h": 48
    },
    "frame_size": {
        "h": 1080,
        "w": 1920
    },
    "head_pose_angle_6drepnet360": {
        "yaw": 0.8715178966522217,
        "pitch": -9.801977157592773,
        "roll": -9.702286720275879
    }
}