{
    "video_name": "czz2023101603",
    "frame_id": 33736,
    "head_bbox": {
        "x0": 668,
        "y0": 147,
        "x1": 707,
        "y1": 195,
        "w": 39,
        "h": 48
    },
    "frame_size": {
        "h": 1080,
        "w": 1920
    },
    "head_pose_angle_6drepnet360": {
        "yaw": 7.253619194030762,
        "pitch": -8.914298057556152,
        "roll": -5.672756195068359
    }
}