{
    "video_name": "czz2023101603",
    "frame_id": 33961,
    "head_bbox": {
        "x0": 668,
        "y0": 157,
        "x1": 709,
        "y1": 204,
        "w": 41,
        "h": 47
    },
    "frame_size": {
        "h": 1080,
        "w": 1920
    },
    "head_pose_angle_6drepnet360": {
        "yaw": 13.311531066894531,
        "pitch": -6.4591803550720215,
        "roll": -4.544177055358887
    }
}