{
    "video_name": "czz2023101603",
    "frame_id": 34276,
    "head_bbox": {
        "x0": 663,
        "y0": 171,
        "x1": 707,
        "y1": 227,
        "w": 44,
        "h": 56
    },
    "frame_size": {
        "h": 1080,
        "w": 1920
    },
    "head_pose_angle_6drepnet360": {
        "yaw": -17.44819450378418,
        "pitch": -25.152612686157227,
        "roll": 10.379422187805176
    }
}