{
    "video_name": "czz2023101603",
    "frame_id": 34471,
    "head_bbox": {
        "x0": 627,
        "y0": 158,
        "x1": 668,
        "y1": 207,
        "w": 41,
        "h": 49
    },
    "frame_size": {
        "h": 1080,
        "w": 1920
    },
    "head_pose_angle_6drepnet360": {
        "yaw": 4.22454833984375,
        "pitch": -10.11923885345459,
        "roll": -9.865113258361816
    }
}