{
    "video_name": "czz2023101603",
    "frame_id": 34501,
    "head_bbox": {
        "x0": 619,
        "y0": 156,
        "x1": 660,
        "y1": 205,
        "w": 41,
        "h": 49
    },
    "frame_size": {
        "h": 1080,
        "w": 1920
    },
    "head_pose_angle_6drepnet360": {
        "yaw": 14.40838623046875,
        "pitch": -9.950982093811035,
        "roll": -12.101840019226074
    }
}