{
    "video_name": "czz2023101603",
    "frame_id": 34621,
    "head_bbox": {
        "x0": 642,
        "y0": 156,
        "x1": 684,
        "y1": 207,
        "w": 42,
        "h": 51
    },
    "frame_size": {
        "h": 1080,
        "w": 1920
    },
    "head_pose_angle_6drepnet360": {
        "yaw": -13.812349319458008,
        "pitch": -11.575163841247559,
        "roll": 1.7496215105056763
    }
}