{
    "video_name": "czz2023101603",
    "frame_id": 34771,
    "head_bbox": {
        "x0": 630,
        "y0": 154,
        "x1": 673,
        "y1": 205,
        "w": 43,
        "h": 51
    },
    "frame_size": {
        "h": 1080,
        "w": 1920
    },
    "head_pose_angle_6drepnet360": {
        "yaw": 30.278644561767578,
        "pitch": -11.322227478027344,
        "roll": -9.998132705688477
    }
}