{
    "video_name": "czz2023101603",
    "frame_id": 34831,
    "head_bbox": {
        "x0": 636,
        "y0": 152,
        "x1": 680,
        "y1": 206,
        "w": 44,
        "h": 54
    },
    "frame_size": {
        "h": 1080,
        "w": 1920
    },
    "head_pose_angle_6drepnet360": {
        "yaw": -30.0551815032959,
        "pitch": -16.909147262573242,
        "roll": 5.042884349822998
    }
}