{
    "video_name": "czz2023101603",
    "frame_id": 34876,
    "head_bbox": {
        "x0": 680,
        "y0": 159,
        "x1": 720,
        "y1": 206,
        "w": 40,
        "h": 47
    },
    "frame_size": {
        "h": 1080,
        "w": 1920
    },
    "head_pose_angle_6drepnet360": {
        "yaw": 5.9464006423950195,
        "pitch": -13.52781867980957,
        "roll": 7.5028181076049805
    }
}