{
    "video_name": "czz2023101603",
    "frame_id": 3496,
    "head_bbox": {
        "x0": 832,
        "y0": 155,
        "x1": 870,
        "y1": 207,
        "w": 38,
        "h": 52
    },
    "frame_size": {
        "h": 1080,
        "w": 1920
    },
    "head_pose_angle_6drepnet360": {
        "yaw": 8.210713386535645,
        "pitch": -13.809435844421387,
        "roll": 12.04751968383789
    }
}