{
    "video_name": "czz2023101603",
    "frame_id": 34981,
    "head_bbox": {
        "x0": 628,
        "y0": 156,
        "x1": 672,
        "y1": 213,
        "w": 44,
        "h": 57
    },
    "frame_size": {
        "h": 1080,
        "w": 1920
    },
    "head_pose_angle_6drepnet360": {
        "yaw": 27.3204345703125,
        "pitch": -17.549373626708984,
        "roll": -11.737569808959961
    }
}