{
    "video_name": "czz2023101603",
    "frame_id": 35026,
    "head_bbox": {
        "x0": 642,
        "y0": 164,
        "x1": 683,
        "y1": 207,
        "w": 41,
        "h": 43
    },
    "frame_size": {
        "h": 1080,
        "w": 1920
    },
    "head_pose_angle_6drepnet360": {
        "yaw": -11.01110553741455,
        "pitch": -0.6969998478889465,
        "roll": 2.752471685409546
    }
}