{
    "video_name": "czz2023101603",
    "frame_id": 35041,
    "head_bbox": {
        "x0": 656,
        "y0": 162,
        "x1": 697,
        "y1": 212,
        "w": 41,
        "h": 50
    },
    "frame_size": {
        "h": 1080,
        "w": 1920
    },
    "head_pose_angle_6drepnet360": {
        "yaw": 4.1684136390686035,
        "pitch": -7.455901145935059,
        "roll": -1.6139403581619263
    }
}