{
    "video_name": "czz2023101603",
    "frame_id": 3526,
    "head_bbox": {
        "x0": 800,
        "y0": 158,
        "x1": 839,
        "y1": 212,
        "w": 39,
        "h": 54
    },
    "frame_size": {
        "h": 1080,
        "w": 1920
    },
    "head_pose_angle_6drepnet360": {
        "yaw": 31.152210235595703,
        "pitch": -14.504937171936035,
        "roll": -2.522505283355713
    }
}