{
    "video_name": "czz2023101603",
    "frame_id": 35266,
    "head_bbox": {
        "x0": 631,
        "y0": 162,
        "x1": 673,
        "y1": 206,
        "w": 42,
        "h": 44
    },
    "frame_size": {
        "h": 1080,
        "w": 1920
    },
    "head_pose_angle_6drepnet360": {
        "yaw": 3.949897289276123,
        "pitch": -5.146027565002441,
        "roll": -3.289334297180176
    }
}