{
    "video_name": "czz2023101603",
    "frame_id": 35311,
    "head_bbox": {
        "x0": 674,
        "y0": 175,
        "x1": 718,
        "y1": 223,
        "w": 44,
        "h": 48
    },
    "frame_size": {
        "h": 1080,
        "w": 1920
    },
    "head_pose_angle_6drepnet360": {
        "yaw": -6.571242332458496,
        "pitch": -25.92157554626465,
        "roll": 25.431726455688477
    }
}