{
    "video_name": "czz2023101603",
    "frame_id": 35461,
    "head_bbox": {
        "x0": 699,
        "y0": 156,
        "x1": 740,
        "y1": 203,
        "w": 41,
        "h": 47
    },
    "frame_size": {
        "h": 1080,
        "w": 1920
    },
    "head_pose_angle_6drepnet360": {
        "yaw": 2.9229342937469482,
        "pitch": -3.4088902473449707,
        "roll": -6.658503532409668
    }
}