{
    "video_name": "czz2023101603",
    "frame_id": 35476,
    "head_bbox": {
        "x0": 695,
        "y0": 157,
        "x1": 736,
        "y1": 203,
        "w": 41,
        "h": 46
    },
    "frame_size": {
        "h": 1080,
        "w": 1920
    },
    "head_pose_angle_6drepnet360": {
        "yaw": 8.367410659790039,
        "pitch": -8.063179016113281,
        "roll": -10.170068740844727
    }
}