{
    "video_name": "czz2023101603",
    "frame_id": 35716,
    "head_bbox": {
        "x0": 713,
        "y0": 164,
        "x1": 752,
        "y1": 217,
        "w": 39,
        "h": 53
    },
    "frame_size": {
        "h": 1080,
        "w": 1920
    },
    "head_pose_angle_6drepnet360": {
        "yaw": 3.6735239028930664,
        "pitch": -10.262508392333984,
        "roll": 3.235879421234131
    }
}