{
    "video_name": "czz2023101603",
    "frame_id": 3571,
    "head_bbox": {
        "x0": 860,
        "y0": 171,
        "x1": 900,
        "y1": 223,
        "w": 40,
        "h": 52
    },
    "frame_size": {
        "h": 1080,
        "w": 1920
    },
    "head_pose_angle_6drepnet360": {
        "yaw": 21.643075942993164,
        "pitch": -11.832200050354004,
        "roll": 5.659274101257324
    }
}