{
    "video_name": "czz2023101603",
    "frame_id": 35836,
    "head_bbox": {
        "x0": 690,
        "y0": 162,
        "x1": 732,
        "y1": 210,
        "w": 42,
        "h": 48
    },
    "frame_size": {
        "h": 1080,
        "w": 1920
    },
    "head_pose_angle_6drepnet360": {
        "yaw": 14.932827949523926,
        "pitch": -5.303955078125,
        "roll": -0.13719826936721802
    }
}