{
    "video_name": "czz2023101603",
    "frame_id": 35911,
    "head_bbox": {
        "x0": 675,
        "y0": 159,
        "x1": 720,
        "y1": 210,
        "w": 45,
        "h": 51
    },
    "frame_size": {
        "h": 1080,
        "w": 1920
    },
    "head_pose_angle_6drepnet360": {
        "yaw": 41.361976623535156,
        "pitch": -13.079893112182617,
        "roll": -14.49453353881836
    }
}