{
    "video_name": "czz2023101603",
    "frame_id": 35941,
    "head_bbox": {
        "x0": 677,
        "y0": 162,
        "x1": 719,
        "y1": 212,
        "w": 42,
        "h": 50
    },
    "frame_size": {
        "h": 1080,
        "w": 1920
    },
    "head_pose_angle_6drepnet360": {
        "yaw": 10.866120338439941,
        "pitch": -9.052435874938965,
        "roll": -8.278507232666016
    }
}