{
    "video_name": "czz2023101603",
    "frame_id": 35956,
    "head_bbox": {
        "x0": 677,
        "y0": 160,
        "x1": 720,
        "y1": 214,
        "w": 43,
        "h": 54
    },
    "frame_size": {
        "h": 1080,
        "w": 1920
    },
    "head_pose_angle_6drepnet360": {
        "yaw": 3.5266008377075195,
        "pitch": -12.8215913772583,
        "roll": -8.874762535095215
    }
}