{
    "video_name": "czz2023101603",
    "frame_id": 361,
    "head_bbox": {
        "x0": 778,
        "y0": 161,
        "x1": 816,
        "y1": 216,
        "w": 38,
        "h": 55
    },
    "frame_size": {
        "h": 1080,
        "w": 1920
    },
    "head_pose_angle_6drepnet360": {
        "yaw": -7.232143878936768,
        "pitch": -14.223776817321777,
        "roll": -2.9660558700561523
    }
}