{
    "video_name": "czz2023101603",
    "frame_id": 36376,
    "head_bbox": {
        "x0": 664,
        "y0": 155,
        "x1": 705,
        "y1": 206,
        "w": 41,
        "h": 51
    },
    "frame_size": {
        "h": 1080,
        "w": 1920
    },
    "head_pose_angle_6drepnet360": {
        "yaw": 11.002243041992188,
        "pitch": -3.6436948776245117,
        "roll": 1.1810429096221924
    }
}