{
    "video_name": "czz2023101603",
    "frame_id": 36421,
    "head_bbox": {
        "x0": 665,
        "y0": 155,
        "x1": 707,
        "y1": 208,
        "w": 42,
        "h": 53
    },
    "frame_size": {
        "h": 1080,
        "w": 1920
    },
    "head_pose_angle_6drepnet360": {
        "yaw": 7.117327690124512,
        "pitch": -12.651525497436523,
        "roll": -9.621347427368164
    }
}