{
    "video_name": "czz2023101603",
    "frame_id": 36451,
    "head_bbox": {
        "x0": 662,
        "y0": 155,
        "x1": 703,
        "y1": 207,
        "w": 41,
        "h": 52
    },
    "frame_size": {
        "h": 1080,
        "w": 1920
    },
    "head_pose_angle_6drepnet360": {
        "yaw": 2.739461898803711,
        "pitch": -10.551325798034668,
        "roll": -4.631737232208252
    }
}