{
    "video_name": "czz2023101603",
    "frame_id": 36676,
    "head_bbox": {
        "x0": 756,
        "y0": 159,
        "x1": 795,
        "y1": 211,
        "w": 39,
        "h": 52
    },
    "frame_size": {
        "h": 1080,
        "w": 1920
    },
    "head_pose_angle_6drepnet360": {
        "yaw": 5.245396137237549,
        "pitch": -5.9606547355651855,
        "roll": -5.592674732208252
    }
}