{
    "video_name": "czz2023101603",
    "frame_id": 36751,
    "head_bbox": {
        "x0": 728,
        "y0": 167,
        "x1": 773,
        "y1": 214,
        "w": 45,
        "h": 47
    },
    "frame_size": {
        "h": 1080,
        "w": 1920
    },
    "head_pose_angle_6drepnet360": {
        "yaw": 38.874595642089844,
        "pitch": -11.018783569335938,
        "roll": -14.68169116973877
    }
}