{
    "video_name": "czz2023101603",
    "frame_id": 36796,
    "head_bbox": {
        "x0": 739,
        "y0": 159,
        "x1": 780,
        "y1": 211,
        "w": 41,
        "h": 52
    },
    "frame_size": {
        "h": 1080,
        "w": 1920
    },
    "head_pose_angle_6drepnet360": {
        "yaw": 28.707975387573242,
        "pitch": -8.076648712158203,
        "roll": -7.6971917152404785
    }
}