{
    "video_name": "czz2023101603",
    "frame_id": 36976,
    "head_bbox": {
        "x0": 766,
        "y0": 161,
        "x1": 808,
        "y1": 216,
        "w": 42,
        "h": 55
    },
    "frame_size": {
        "h": 1080,
        "w": 1920
    },
    "head_pose_angle_6drepnet360": {
        "yaw": 4.3519768714904785,
        "pitch": -6.440545082092285,
        "roll": 21.09801483154297
    }
}