{
    "video_name": "czz2023101603",
    "frame_id": 3721,
    "head_bbox": {
        "x0": 853,
        "y0": 166,
        "x1": 893,
        "y1": 221,
        "w": 40,
        "h": 55
    },
    "frame_size": {
        "h": 1080,
        "w": 1920
    },
    "head_pose_angle_6drepnet360": {
        "yaw": -8.406534194946289,
        "pitch": -24.09785270690918,
        "roll": 7.054913520812988
    }
}