{
    "video_name": "czz2023101603",
    "frame_id": 37291,
    "head_bbox": {
        "x0": 679,
        "y0": 161,
        "x1": 721,
        "y1": 209,
        "w": 42,
        "h": 48
    },
    "frame_size": {
        "h": 1080,
        "w": 1920
    },
    "head_pose_angle_6drepnet360": {
        "yaw": 6.542774677276611,
        "pitch": -5.768296718597412,
        "roll": 2.9794373512268066
    }
}