{
    "video_name": "czz2023101603",
    "frame_id": 37471,
    "head_bbox": {
        "x0": 643,
        "y0": 149,
        "x1": 683,
        "y1": 202,
        "w": 40,
        "h": 53
    },
    "frame_size": {
        "h": 1080,
        "w": 1920
    },
    "head_pose_angle_6drepnet360": {
        "yaw": 3.8058393001556396,
        "pitch": -9.725961685180664,
        "roll": -1.7471675872802734
    }
}