{
    "video_name": "czz2023101603",
    "frame_id": 37546,
    "head_bbox": {
        "x0": 691,
        "y0": 145,
        "x1": 737,
        "y1": 190,
        "w": 46,
        "h": 45
    },
    "frame_size": {
        "h": 1080,
        "w": 1920
    },
    "head_pose_angle_6drepnet360": {
        "yaw": -77.16789245605469,
        "pitch": -172.02847290039062,
        "roll": 165.816650390625
    }
}