{
    "video_name": "czz2023101603",
    "frame_id": 37726,
    "head_bbox": {
        "x0": 679,
        "y0": 146,
        "x1": 726,
        "y1": 194,
        "w": 47,
        "h": 48
    },
    "frame_size": {
        "h": 1080,
        "w": 1920
    },
    "head_pose_angle_6drepnet360": {
        "yaw": -87.82746887207031,
        "pitch": 144.0299835205078,
        "roll": -154.57034301757812
    }
}