{
    "video_name": "czz2023101603",
    "frame_id": 37996,
    "head_bbox": {
        "x0": 675,
        "y0": 156,
        "x1": 722,
        "y1": 202,
        "w": 47,
        "h": 46
    },
    "frame_size": {
        "h": 1080,
        "w": 1920
    },
    "head_pose_angle_6drepnet360": {
        "yaw": -76.12619018554688,
        "pitch": 161.6768798828125,
        "roll": -175.208984375
    }
}