{
    "video_name": "czz2023101603",
    "frame_id": 3826,
    "head_bbox": {
        "x0": 859,
        "y0": 156,
        "x1": 899,
        "y1": 207,
        "w": 40,
        "h": 51
    },
    "frame_size": {
        "h": 1080,
        "w": 1920
    },
    "head_pose_angle_6drepnet360": {
        "yaw": 36.92911911010742,
        "pitch": -9.603560447692871,
        "roll": -11.404097557067871
    }
}