{
    "video_name": "czz2023101603",
    "frame_id": 3841,
    "head_bbox": {
        "x0": 829,
        "y0": 153,
        "x1": 869,
        "y1": 207,
        "w": 40,
        "h": 54
    },
    "frame_size": {
        "h": 1080,
        "w": 1920
    },
    "head_pose_angle_6drepnet360": {
        "yaw": 31.185115814208984,
        "pitch": -17.719614028930664,
        "roll": -12.344236373901367
    }
}