{
    "video_name": "czz2023101603",
    "frame_id": 38566,
    "head_bbox": {
        "x0": 663,
        "y0": 152,
        "x1": 703,
        "y1": 202,
        "w": 40,
        "h": 50
    },
    "frame_size": {
        "h": 1080,
        "w": 1920
    },
    "head_pose_angle_6drepnet360": {
        "yaw": 19.356096267700195,
        "pitch": -5.1964111328125,
        "roll": 1.5208462476730347
    }
}