{
    "video_name": "czz2023101603",
    "frame_id": 38626,
    "head_bbox": {
        "x0": 642,
        "y0": 152,
        "x1": 685,
        "y1": 205,
        "w": 43,
        "h": 53
    },
    "frame_size": {
        "h": 1080,
        "w": 1920
    },
    "head_pose_angle_6drepnet360": {
        "yaw": -9.024291038513184,
        "pitch": -7.050633430480957,
        "roll": -5.182677745819092
    }
}