{
    "video_name": "czz2023101603",
    "frame_id": 38641,
    "head_bbox": {
        "x0": 633,
        "y0": 156,
        "x1": 682,
        "y1": 207,
        "w": 49,
        "h": 51
    },
    "frame_size": {
        "h": 1080,
        "w": 1920
    },
    "head_pose_angle_6drepnet360": {
        "yaw": -78.82511901855469,
        "pitch": 162.74819946289062,
        "roll": -168.37599182128906
    }
}