{
    "video_name": "czz2023101603",
    "frame_id": 38686,
    "head_bbox": {
        "x0": 705,
        "y0": 157,
        "x1": 758,
        "y1": 209,
        "w": 53,
        "h": 52
    },
    "frame_size": {
        "h": 1080,
        "w": 1920
    },
    "head_pose_angle_6drepnet360": {
        "yaw": -71.69833374023438,
        "pitch": 172.259765625,
        "roll": 173.1190948486328
    }
}