{
    "video_name": "czz2023101603",
    "frame_id": 38716,
    "head_bbox": {
        "x0": 779,
        "y0": 149,
        "x1": 822,
        "y1": 197,
        "w": 43,
        "h": 48
    },
    "frame_size": {
        "h": 1080,
        "w": 1920
    },
    "head_pose_angle_6drepnet360": {
        "yaw": -68.71161651611328,
        "pitch": 179.46096801757812,
        "roll": 175.4268341064453
    }
}