{
    "video_name": "czz2023101603",
    "frame_id": 38821,
    "head_bbox": {
        "x0": 618,
        "y0": 152,
        "x1": 662,
        "y1": 207,
        "w": 44,
        "h": 55
    },
    "frame_size": {
        "h": 1080,
        "w": 1920
    },
    "head_pose_angle_6drepnet360": {
        "yaw": 11.628425598144531,
        "pitch": -18.209192276000977,
        "roll": -16.815811157226562
    }
}