{
    "video_name": "czz2023101603",
    "frame_id": 39061,
    "head_bbox": {
        "x0": 610,
        "y0": 158,
        "x1": 651,
        "y1": 207,
        "w": 41,
        "h": 49
    },
    "frame_size": {
        "h": 1080,
        "w": 1920
    },
    "head_pose_angle_6drepnet360": {
        "yaw": 5.163023471832275,
        "pitch": -7.35407829284668,
        "roll": -12.352169036865234
    }
}