{
    "video_name": "czz2023101603",
    "frame_id": 39091,
    "head_bbox": {
        "x0": 613,
        "y0": 154,
        "x1": 656,
        "y1": 209,
        "w": 43,
        "h": 55
    },
    "frame_size": {
        "h": 1080,
        "w": 1920
    },
    "head_pose_angle_6drepnet360": {
        "yaw": 2.788483142852783,
        "pitch": -14.414443969726562,
        "roll": -11.793191909790039
    }
}