{
    "video_name": "czz2023101603",
    "frame_id": 39361,
    "head_bbox": {
        "x0": 652,
        "y0": 159,
        "x1": 690,
        "y1": 203,
        "w": 38,
        "h": 44
    },
    "frame_size": {
        "h": 1080,
        "w": 1920
    },
    "head_pose_angle_6drepnet360": {
        "yaw": -12.739969253540039,
        "pitch": -5.212937355041504,
        "roll": -0.6314482092857361
    }
}