{
    "video_name": "czz2023101603",
    "frame_id": 39436,
    "head_bbox": {
        "x0": 668,
        "y0": 152,
        "x1": 709,
        "y1": 201,
        "w": 41,
        "h": 49
    },
    "frame_size": {
        "h": 1080,
        "w": 1920
    },
    "head_pose_angle_6drepnet360": {
        "yaw": 21.167648315429688,
        "pitch": -7.091119289398193,
        "roll": -10.801280975341797
    }
}