{
    "video_name": "czz2023101603",
    "frame_id": 39511,
    "head_bbox": {
        "x0": 638,
        "y0": 154,
        "x1": 680,
        "y1": 202,
        "w": 42,
        "h": 48
    },
    "frame_size": {
        "h": 1080,
        "w": 1920
    },
    "head_pose_angle_6drepnet360": {
        "yaw": 6.782411575317383,
        "pitch": -5.384023666381836,
        "roll": -9.345443725585938
    }
}