{
    "video_name": "czz2023101603",
    "frame_id": 39526,
    "head_bbox": {
        "x0": 641,
        "y0": 152,
        "x1": 682,
        "y1": 202,
        "w": 41,
        "h": 50
    },
    "frame_size": {
        "h": 1080,
        "w": 1920
    },
    "head_pose_angle_6drepnet360": {
        "yaw": -0.22074028849601746,
        "pitch": -8.163171768188477,
        "roll": -11.234354972839355
    }
}