{
    "video_name": "czz2023101603",
    "frame_id": 39571,
    "head_bbox": {
        "x0": 652,
        "y0": 152,
        "x1": 694,
        "y1": 204,
        "w": 42,
        "h": 52
    },
    "frame_size": {
        "h": 1080,
        "w": 1920
    },
    "head_pose_angle_6drepnet360": {
        "yaw": -3.3017871379852295,
        "pitch": -12.342288970947266,
        "roll": -5.275029182434082
    }
}