{
    "video_name": "czz2023101603",
    "frame_id": 39631,
    "head_bbox": {
        "x0": 700,
        "y0": 156,
        "x1": 740,
        "y1": 200,
        "w": 40,
        "h": 44
    },
    "frame_size": {
        "h": 1080,
        "w": 1920
    },
    "head_pose_angle_6drepnet360": {
        "yaw": 0.1681961566209793,
        "pitch": -5.632689952850342,
        "roll": 26.35099220275879
    }
}