{
    "video_name": "czz2023101603",
    "frame_id": 39661,
    "head_bbox": {
        "x0": 716,
        "y0": 152,
        "x1": 756,
        "y1": 203,
        "w": 40,
        "h": 51
    },
    "frame_size": {
        "h": 1080,
        "w": 1920
    },
    "head_pose_angle_6drepnet360": {
        "yaw": -39.894927978515625,
        "pitch": -9.318243026733398,
        "roll": 2.702230930328369
    }
}