{
    "video_name": "czz2023101603",
    "frame_id": 39706,
    "head_bbox": {
        "x0": 788,
        "y0": 152,
        "x1": 825,
        "y1": 204,
        "w": 37,
        "h": 52
    },
    "frame_size": {
        "h": 1080,
        "w": 1920
    },
    "head_pose_angle_6drepnet360": {
        "yaw": 25.331533432006836,
        "pitch": -6.909653663635254,
        "roll": 5.646960735321045
    }
}