{
    "video_name": "czz2023101603",
    "frame_id": 39856,
    "head_bbox": {
        "x0": 653,
        "y0": 155,
        "x1": 695,
        "y1": 209,
        "w": 42,
        "h": 54
    },
    "frame_size": {
        "h": 1080,
        "w": 1920
    },
    "head_pose_angle_6drepnet360": {
        "yaw": 3.4805376529693604,
        "pitch": -13.801924705505371,
        "roll": -3.3907923698425293
    }
}