{
    "video_name": "czz2023101603",
    "frame_id": 39886,
    "head_bbox": {
        "x0": 640,
        "y0": 157,
        "x1": 682,
        "y1": 207,
        "w": 42,
        "h": 50
    },
    "frame_size": {
        "h": 1080,
        "w": 1920
    },
    "head_pose_angle_6drepnet360": {
        "yaw": 0.2843371331691742,
        "pitch": -2.5103094577789307,
        "roll": -2.306182384490967
    }
}