{
    "video_name": "czz2023101603",
    "frame_id": 3991,
    "head_bbox": {
        "x0": 835,
        "y0": 153,
        "x1": 872,
        "y1": 204,
        "w": 37,
        "h": 51
    },
    "frame_size": {
        "h": 1080,
        "w": 1920
    },
    "head_pose_angle_6drepnet360": {
        "yaw": 15.644264221191406,
        "pitch": -10.71984577178955,
        "roll": 3.541354179382324
    }
}