{
    "video_name": "czz2023101603",
    "frame_id": 39976,
    "head_bbox": {
        "x0": 641,
        "y0": 156,
        "x1": 684,
        "y1": 206,
        "w": 43,
        "h": 50
    },
    "frame_size": {
        "h": 1080,
        "w": 1920
    },
    "head_pose_angle_6drepnet360": {
        "yaw": 37.081058502197266,
        "pitch": -7.948592185974121,
        "roll": -3.136721134185791
    }
}