{
    "video_name": "czz2023101603",
    "frame_id": 40096,
    "head_bbox": {
        "x0": 634,
        "y0": 157,
        "x1": 677,
        "y1": 213,
        "w": 43,
        "h": 56
    },
    "frame_size": {
        "h": 1080,
        "w": 1920
    },
    "head_pose_angle_6drepnet360": {
        "yaw": 30.035018920898438,
        "pitch": -14.603273391723633,
        "roll": -15.372488021850586
    }
}