{
    "video_name": "czz2023101603",
    "frame_id": 40231,
    "head_bbox": {
        "x0": 636,
        "y0": 160,
        "x1": 683,
        "y1": 208,
        "w": 47,
        "h": 48
    },
    "frame_size": {
        "h": 1080,
        "w": 1920
    },
    "head_pose_angle_6drepnet360": {
        "yaw": -49.50052261352539,
        "pitch": -23.8624210357666,
        "roll": 17.460886001586914
    }
}