{
    "video_name": "czz2023101603",
    "frame_id": 4036,
    "head_bbox": {
        "x0": 789,
        "y0": 167,
        "x1": 826,
        "y1": 211,
        "w": 37,
        "h": 44
    },
    "frame_size": {
        "h": 1080,
        "w": 1920
    },
    "head_pose_angle_6drepnet360": {
        "yaw": -0.3331894874572754,
        "pitch": -9.922074317932129,
        "roll": -7.5859270095825195
    }
}