{
    "video_name": "czz2023101603",
    "frame_id": 40561,
    "head_bbox": {
        "x0": 683,
        "y0": 157,
        "x1": 731,
        "y1": 204,
        "w": 48,
        "h": 47
    },
    "frame_size": {
        "h": 1080,
        "w": 1920
    },
    "head_pose_angle_6drepnet360": {
        "yaw": -63.66304397583008,
        "pitch": 159.3181610107422,
        "roll": -176.63014221191406
    }
}