{
    "video_name": "czz2023101603",
    "frame_id": 40711,
    "head_bbox": {
        "x0": 679,
        "y0": 143,
        "x1": 726,
        "y1": 192,
        "w": 47,
        "h": 49
    },
    "frame_size": {
        "h": 1080,
        "w": 1920
    },
    "head_pose_angle_6drepnet360": {
        "yaw": -85.24847412109375,
        "pitch": -161.3296356201172,
        "roll": 149.9229736328125
    }
}