{
    "video_name": "czz2023101603",
    "frame_id": 40816,
    "head_bbox": {
        "x0": 656,
        "y0": 152,
        "x1": 700,
        "y1": 204,
        "w": 44,
        "h": 52
    },
    "frame_size": {
        "h": 1080,
        "w": 1920
    },
    "head_pose_angle_6drepnet360": {
        "yaw": -25.871767044067383,
        "pitch": -6.85104513168335,
        "roll": -4.122903823852539
    }
}