{
    "video_name": "czz2023101603",
    "frame_id": 40831,
    "head_bbox": {
        "x0": 645,
        "y0": 159,
        "x1": 687,
        "y1": 206,
        "w": 42,
        "h": 47
    },
    "frame_size": {
        "h": 1080,
        "w": 1920
    },
    "head_pose_angle_6drepnet360": {
        "yaw": -10.006037712097168,
        "pitch": -4.776227951049805,
        "roll": -8.301508903503418
    }
}