{
    "video_name": "czz2023101603",
    "frame_id": 40861,
    "head_bbox": {
        "x0": 641,
        "y0": 151,
        "x1": 680,
        "y1": 198,
        "w": 39,
        "h": 47
    },
    "frame_size": {
        "h": 1080,
        "w": 1920
    },
    "head_pose_angle_6drepnet360": {
        "yaw": -19.992048263549805,
        "pitch": -4.423544406890869,
        "roll": -8.753012657165527
    }
}