{
    "video_name": "czz2023101603",
    "frame_id": 40876,
    "head_bbox": {
        "x0": 640,
        "y0": 151,
        "x1": 679,
        "y1": 199,
        "w": 39,
        "h": 48
    },
    "frame_size": {
        "h": 1080,
        "w": 1920
    },
    "head_pose_angle_6drepnet360": {
        "yaw": -11.127911567687988,
        "pitch": -3.3945364952087402,
        "roll": -4.713823318481445
    }
}