{
    "video_name": "czz2023101603",
    "frame_id": 40906,
    "head_bbox": {
        "x0": 646,
        "y0": 152,
        "x1": 686,
        "y1": 202,
        "w": 40,
        "h": 50
    },
    "frame_size": {
        "h": 1080,
        "w": 1920
    },
    "head_pose_angle_6drepnet360": {
        "yaw": -3.8871612548828125,
        "pitch": -7.446933746337891,
        "roll": 6.966576099395752
    }
}