{
    "video_name": "czz2023101603",
    "frame_id": 40936,
    "head_bbox": {
        "x0": 646,
        "y0": 157,
        "x1": 696,
        "y1": 207,
        "w": 50,
        "h": 50
    },
    "frame_size": {
        "h": 1080,
        "w": 1920
    },
    "head_pose_angle_6drepnet360": {
        "yaw": -72.47882080078125,
        "pitch": -148.14927673339844,
        "roll": 142.45260620117188
    }
}