{
    "video_name": "czz2023101603",
    "frame_id": 41086,
    "head_bbox": {
        "x0": 680,
        "y0": 141,
        "x1": 726,
        "y1": 187,
        "w": 46,
        "h": 46
    },
    "frame_size": {
        "h": 1080,
        "w": 1920
    },
    "head_pose_angle_6drepnet360": {
        "yaw": -69.28430938720703,
        "pitch": 130.7153778076172,
        "roll": -148.67945861816406
    }
}