{
    "video_name": "czz2023101603",
    "frame_id": 41101,
    "head_bbox": {
        "x0": 671,
        "y0": 145,
        "x1": 716,
        "y1": 192,
        "w": 45,
        "h": 47
    },
    "frame_size": {
        "h": 1080,
        "w": 1920
    },
    "head_pose_angle_6drepnet360": {
        "yaw": -66.88418579101562,
        "pitch": 131.28639221191406,
        "roll": -151.794921875
    }
}