{
    "video_name": "czz2023101603",
    "frame_id": 41161,
    "head_bbox": {
        "x0": 659,
        "y0": 155,
        "x1": 709,
        "y1": 204,
        "w": 50,
        "h": 49
    },
    "frame_size": {
        "h": 1080,
        "w": 1920
    },
    "head_pose_angle_6drepnet360": {
        "yaw": -82.03175354003906,
        "pitch": -135.6215057373047,
        "roll": 124.27681732177734
    }
}