{
    "video_name": "czz2023101603",
    "frame_id": 41176,
    "head_bbox": {
        "x0": 684,
        "y0": 157,
        "x1": 733,
        "y1": 206,
        "w": 49,
        "h": 49
    },
    "frame_size": {
        "h": 1080,
        "w": 1920
    },
    "head_pose_angle_6drepnet360": {
        "yaw": -77.02130889892578,
        "pitch": -133.95352172851562,
        "roll": 126.8581771850586
    }
}