{
    "video_name": "czz2023101603",
    "frame_id": 41206,
    "head_bbox": {
        "x0": 634,
        "y0": 155,
        "x1": 680,
        "y1": 203,
        "w": 46,
        "h": 48
    },
    "frame_size": {
        "h": 1080,
        "w": 1920
    },
    "head_pose_angle_6drepnet360": {
        "yaw": -59.85789489746094,
        "pitch": 152.1181640625,
        "roll": -162.92849731445312
    }
}