{
    "video_name": "czz2023101603",
    "frame_id": 41416,
    "head_bbox": {
        "x0": 663,
        "y0": 155,
        "x1": 705,
        "y1": 204,
        "w": 42,
        "h": 49
    },
    "frame_size": {
        "h": 1080,
        "w": 1920
    },
    "head_pose_angle_6drepnet360": {
        "yaw": 0.9774853587150574,
        "pitch": -7.880167007446289,
        "roll": 8.119150161743164
    }
}