{
    "video_name": "czz2023101603",
    "frame_id": 41641,
    "head_bbox": {
        "x0": 693,
        "y0": 161,
        "x1": 733,
        "y1": 204,
        "w": 40,
        "h": 43
    },
    "frame_size": {
        "h": 1080,
        "w": 1920
    },
    "head_pose_angle_6drepnet360": {
        "yaw": 5.944420337677002,
        "pitch": 1.772367238998413,
        "roll": 19.30730628967285
    }
}