{
    "video_name": "czz2023101603",
    "frame_id": 41671,
    "head_bbox": {
        "x0": 673,
        "y0": 158,
        "x1": 715,
        "y1": 207,
        "w": 42,
        "h": 49
    },
    "frame_size": {
        "h": 1080,
        "w": 1920
    },
    "head_pose_angle_6drepnet360": {
        "yaw": -1.167244791984558,
        "pitch": -9.739477157592773,
        "roll": -6.189691543579102
    }
}