{
    "video_name": "czz2023101603",
    "frame_id": 41821,
    "head_bbox": {
        "x0": 684,
        "y0": 160,
        "x1": 727,
        "y1": 210,
        "w": 43,
        "h": 50
    },
    "frame_size": {
        "h": 1080,
        "w": 1920
    },
    "head_pose_angle_6drepnet360": {
        "yaw": 1.0831284523010254,
        "pitch": -2.727872371673584,
        "roll": -3.696256399154663
    }
}