{
    "video_name": "czz2023101603",
    "frame_id": 41866,
    "head_bbox": {
        "x0": 704,
        "y0": 164,
        "x1": 743,
        "y1": 212,
        "w": 39,
        "h": 48
    },
    "frame_size": {
        "h": 1080,
        "w": 1920
    },
    "head_pose_angle_6drepnet360": {
        "yaw": 6.4568963050842285,
        "pitch": -3.5286123752593994,
        "roll": -0.3979138135910034
    }
}