{
    "video_name": "czz2023101603",
    "frame_id": 41941,
    "head_bbox": {
        "x0": 690,
        "y0": 164,
        "x1": 730,
        "y1": 214,
        "w": 40,
        "h": 50
    },
    "frame_size": {
        "h": 1080,
        "w": 1920
    },
    "head_pose_angle_6drepnet360": {
        "yaw": 13.633380889892578,
        "pitch": -10.948092460632324,
        "roll": -4.424414157867432
    }
}