{
    "video_name": "czz2023101603",
    "frame_id": 41971,
    "head_bbox": {
        "x0": 687,
        "y0": 161,
        "x1": 728,
        "y1": 213,
        "w": 41,
        "h": 52
    },
    "frame_size": {
        "h": 1080,
        "w": 1920
    },
    "head_pose_angle_6drepnet360": {
        "yaw": 8.218725204467773,
        "pitch": -11.379111289978027,
        "roll": -3.48239803314209
    }
}