{
    "video_name": "czz2023101603",
    "frame_id": 42031,
    "head_bbox": {
        "x0": 677,
        "y0": 161,
        "x1": 722,
        "y1": 218,
        "w": 45,
        "h": 57
    },
    "frame_size": {
        "h": 1080,
        "w": 1920
    },
    "head_pose_angle_6drepnet360": {
        "yaw": 18.568462371826172,
        "pitch": -24.944927215576172,
        "roll": -13.69643497467041
    }
}