{
    "video_name": "czz2023101603",
    "frame_id": 42121,
    "head_bbox": {
        "x0": 699,
        "y0": 162,
        "x1": 740,
        "y1": 210,
        "w": 41,
        "h": 48
    },
    "frame_size": {
        "h": 1080,
        "w": 1920
    },
    "head_pose_angle_6drepnet360": {
        "yaw": 11.105345726013184,
        "pitch": -2.2460787296295166,
        "roll": 11.08001708984375
    }
}