{
    "video_name": "czz2023101603",
    "frame_id": 42391,
    "head_bbox": {
        "x0": 858,
        "y0": 162,
        "x1": 900,
        "y1": 216,
        "w": 42,
        "h": 54
    },
    "frame_size": {
        "h": 1080,
        "w": 1920
    },
    "head_pose_angle_6drepnet360": {
        "yaw": 14.342514038085938,
        "pitch": -12.549138069152832,
        "roll": 2.547008752822876
    }
}