{
    "video_name": "czz2023101603",
    "frame_id": 42481,
    "head_bbox": {
        "x0": 829,
        "y0": 160,
        "x1": 870,
        "y1": 216,
        "w": 41,
        "h": 56
    },
    "frame_size": {
        "h": 1080,
        "w": 1920
    },
    "head_pose_angle_6drepnet360": {
        "yaw": 29.630311965942383,
        "pitch": -13.328447341918945,
        "roll": -4.359352111816406
    }
}