{
    "video_name": "czz2023101603",
    "frame_id": 42511,
    "head_bbox": {
        "x0": 819,
        "y0": 159,
        "x1": 860,
        "y1": 215,
        "w": 41,
        "h": 56
    },
    "frame_size": {
        "h": 1080,
        "w": 1920
    },
    "head_pose_angle_6drepnet360": {
        "yaw": 25.964235305786133,
        "pitch": -10.572612762451172,
        "roll": -7.834605693817139
    }
}