{
    "video_name": "czz2023101603",
    "frame_id": 42661,
    "head_bbox": {
        "x0": 832,
        "y0": 167,
        "x1": 870,
        "y1": 224,
        "w": 38,
        "h": 57
    },
    "frame_size": {
        "h": 1080,
        "w": 1920
    },
    "head_pose_angle_6drepnet360": {
        "yaw": -1.8067364692687988,
        "pitch": -23.086584091186523,
        "roll": 0.6880937218666077
    }
}