{
    "video_name": "czz2023101603",
    "frame_id": 42706,
    "head_bbox": {
        "x0": 844,
        "y0": 168,
        "x1": 882,
        "y1": 218,
        "w": 38,
        "h": 50
    },
    "frame_size": {
        "h": 1080,
        "w": 1920
    },
    "head_pose_angle_6drepnet360": {
        "yaw": 1.978439450263977,
        "pitch": -9.49909496307373,
        "roll": -2.5737125873565674
    }
}