{
    "video_name": "czz2023101603",
    "frame_id": 42931,
    "head_bbox": {
        "x0": 844,
        "y0": 161,
        "x1": 887,
        "y1": 216,
        "w": 43,
        "h": 55
    },
    "frame_size": {
        "h": 1080,
        "w": 1920
    },
    "head_pose_angle_6drepnet360": {
        "yaw": 34.50060272216797,
        "pitch": -11.132769584655762,
        "roll": 3.9631741046905518
    }
}