{
    "video_name": "czz2023101603",
    "frame_id": 42961,
    "head_bbox": {
        "x0": 837,
        "y0": 161,
        "x1": 880,
        "y1": 214,
        "w": 43,
        "h": 53
    },
    "frame_size": {
        "h": 1080,
        "w": 1920
    },
    "head_pose_angle_6drepnet360": {
        "yaw": 43.20156478881836,
        "pitch": -10.627565383911133,
        "roll": -5.091373443603516
    }
}