{
    "video_name": "czz2023101603",
    "frame_id": 42976,
    "head_bbox": {
        "x0": 838,
        "y0": 163,
        "x1": 877,
        "y1": 220,
        "w": 39,
        "h": 57
    },
    "frame_size": {
        "h": 1080,
        "w": 1920
    },
    "head_pose_angle_6drepnet360": {
        "yaw": 3.018549680709839,
        "pitch": -16.747859954833984,
        "roll": -1.4431873559951782
    }
}