{
    "video_name": "czz2023101603",
    "frame_id": 42991,
    "head_bbox": {
        "x0": 843,
        "y0": 165,
        "x1": 881,
        "y1": 219,
        "w": 38,
        "h": 54
    },
    "frame_size": {
        "h": 1080,
        "w": 1920
    },
    "head_pose_angle_6drepnet360": {
        "yaw": -3.963120222091675,
        "pitch": -16.26557731628418,
        "roll": 1.4351223707199097
    }
}