{
    "video_name": "czz2023101603",
    "frame_id": 43111,
    "head_bbox": {
        "x0": 837,
        "y0": 162,
        "x1": 876,
        "y1": 212,
        "w": 39,
        "h": 50
    },
    "frame_size": {
        "h": 1080,
        "w": 1920
    },
    "head_pose_angle_6drepnet360": {
        "yaw": 2.210113763809204,
        "pitch": -6.854371547698975,
        "roll": 0.17730647325515747
    }
}