{
    "video_name": "czz2023101603",
    "frame_id": 4321,
    "head_bbox": {
        "x0": 810,
        "y0": 158,
        "x1": 850,
        "y1": 214,
        "w": 40,
        "h": 56
    },
    "frame_size": {
        "h": 1080,
        "w": 1920
    },
    "head_pose_angle_6drepnet360": {
        "yaw": 7.237037658691406,
        "pitch": -13.851075172424316,
        "roll": -2.5357837677001953
    }
}