{
    "video_name": "czz2023101603",
    "frame_id": 43471,
    "head_bbox": {
        "x0": 761,
        "y0": 159,
        "x1": 803,
        "y1": 212,
        "w": 42,
        "h": 53
    },
    "frame_size": {
        "h": 1080,
        "w": 1920
    },
    "head_pose_angle_6drepnet360": {
        "yaw": 32.920082092285156,
        "pitch": -6.29677677154541,
        "roll": 0.3466252088546753
    }
}