{
    "video_name": "czz2023101603",
    "frame_id": 43621,
    "head_bbox": {
        "x0": 629,
        "y0": 154,
        "x1": 672,
        "y1": 203,
        "w": 43,
        "h": 49
    },
    "frame_size": {
        "h": 1080,
        "w": 1920
    },
    "head_pose_angle_6drepnet360": {
        "yaw": -22.29623794555664,
        "pitch": -5.195419788360596,
        "roll": -5.268801212310791
    }
}