{
    "video_name": "czz2023101603",
    "frame_id": 43741,
    "head_bbox": {
        "x0": 642,
        "y0": 159,
        "x1": 684,
        "y1": 209,
        "w": 42,
        "h": 50
    },
    "frame_size": {
        "h": 1080,
        "w": 1920
    },
    "head_pose_angle_6drepnet360": {
        "yaw": 7.348196506500244,
        "pitch": -10.285477638244629,
        "roll": 15.6453218460083
    }
}