{
    "video_name": "czz2023101603",
    "frame_id": 43816,
    "head_bbox": {
        "x0": 604,
        "y0": 165,
        "x1": 649,
        "y1": 215,
        "w": 45,
        "h": 50
    },
    "frame_size": {
        "h": 1080,
        "w": 1920
    },
    "head_pose_angle_6drepnet360": {
        "yaw": -2.6802399158477783,
        "pitch": -8.802234649658203,
        "roll": -13.829109191894531
    }
}