{
    "video_name": "czz2023101603",
    "frame_id": 44056,
    "head_bbox": {
        "x0": 709,
        "y0": 146,
        "x1": 754,
        "y1": 193,
        "w": 45,
        "h": 47
    },
    "frame_size": {
        "h": 1080,
        "w": 1920
    },
    "head_pose_angle_6drepnet360": {
        "yaw": -53.118770599365234,
        "pitch": 175.5033416748047,
        "roll": 173.82901000976562
    }
}