{
    "video_name": "czz2023101603",
    "frame_id": 4411,
    "head_bbox": {
        "x0": 804,
        "y0": 161,
        "x1": 845,
        "y1": 213,
        "w": 41,
        "h": 52
    },
    "frame_size": {
        "h": 1080,
        "w": 1920
    },
    "head_pose_angle_6drepnet360": {
        "yaw": 44.653831481933594,
        "pitch": -9.604642868041992,
        "roll": -8.805054664611816
    }
}