{
    "video_name": "czz2023101603",
    "frame_id": 44296,
    "head_bbox": {
        "x0": 663,
        "y0": 153,
        "x1": 709,
        "y1": 200,
        "w": 46,
        "h": 47
    },
    "frame_size": {
        "h": 1080,
        "w": 1920
    },
    "head_pose_angle_6drepnet360": {
        "yaw": -68.99484252929688,
        "pitch": -175.62872314453125,
        "roll": 165.7857208251953
    }
}