{
    "video_name": "czz2023101603",
    "frame_id": 44371,
    "head_bbox": {
        "x0": 652,
        "y0": 154,
        "x1": 699,
        "y1": 200,
        "w": 47,
        "h": 46
    },
    "frame_size": {
        "h": 1080,
        "w": 1920
    },
    "head_pose_angle_6drepnet360": {
        "yaw": -63.208003997802734,
        "pitch": -173.80474853515625,
        "roll": 161.8895721435547
    }
}