{
    "video_name": "czz2023101603",
    "frame_id": 44401,
    "head_bbox": {
        "x0": 656,
        "y0": 157,
        "x1": 703,
        "y1": 204,
        "w": 47,
        "h": 47
    },
    "frame_size": {
        "h": 1080,
        "w": 1920
    },
    "head_pose_angle_6drepnet360": {
        "yaw": -67.99272155761719,
        "pitch": 172.21621704101562,
        "roll": 172.13162231445312
    }
}