{
    "video_name": "czz2023101603",
    "frame_id": 44446,
    "head_bbox": {
        "x0": 657,
        "y0": 152,
        "x1": 704,
        "y1": 198,
        "w": 47,
        "h": 46
    },
    "frame_size": {
        "h": 1080,
        "w": 1920
    },
    "head_pose_angle_6drepnet360": {
        "yaw": -63.70794677734375,
        "pitch": 177.4077911376953,
        "roll": 171.32298278808594
    }
}