{
    "video_name": "czz2023101603",
    "frame_id": 44491,
    "head_bbox": {
        "x0": 659,
        "y0": 150,
        "x1": 700,
        "y1": 203,
        "w": 41,
        "h": 53
    },
    "frame_size": {
        "h": 1080,
        "w": 1920
    },
    "head_pose_angle_6drepnet360": {
        "yaw": -22.512920379638672,
        "pitch": -13.19426155090332,
        "roll": -1.9033113718032837
    }
}