{
    "video_name": "czz2023101603",
    "frame_id": 44536,
    "head_bbox": {
        "x0": 660,
        "y0": 151,
        "x1": 705,
        "y1": 199,
        "w": 45,
        "h": 48
    },
    "frame_size": {
        "h": 1080,
        "w": 1920
    },
    "head_pose_angle_6drepnet360": {
        "yaw": -56.46135330200195,
        "pitch": 162.4019317626953,
        "roll": -176.2336883544922
    }
}