{
    "video_name": "czz2023101603",
    "frame_id": 44596,
    "head_bbox": {
        "x0": 713,
        "y0": 145,
        "x1": 764,
        "y1": 196,
        "w": 51,
        "h": 51
    },
    "frame_size": {
        "h": 1080,
        "w": 1920
    },
    "head_pose_angle_6drepnet360": {
        "yaw": -67.40473937988281,
        "pitch": -167.8466796875,
        "roll": 159.30093383789062
    }
}