{
    "video_name": "czz2023101603",
    "frame_id": 45046,
    "head_bbox": {
        "x0": 713,
        "y0": 144,
        "x1": 752,
        "y1": 189,
        "w": 39,
        "h": 45
    },
    "frame_size": {
        "h": 1080,
        "w": 1920
    },
    "head_pose_angle_6drepnet360": {
        "yaw": -15.905610084533691,
        "pitch": -6.174949645996094,
        "roll": 21.9820499420166
    }
}