{
    "video_name": "czz2023101603",
    "frame_id": 45241,
    "head_bbox": {
        "x0": 688,
        "y0": 148,
        "x1": 734,
        "y1": 192,
        "w": 46,
        "h": 44
    },
    "frame_size": {
        "h": 1080,
        "w": 1920
    },
    "head_pose_angle_6drepnet360": {
        "yaw": -67.6981201171875,
        "pitch": 167.89605712890625,
        "roll": -169.3268280029297
    }
}