{
    "video_name": "czz2023101603",
    "frame_id": 45256,
    "head_bbox": {
        "x0": 697,
        "y0": 145,
        "x1": 745,
        "y1": 192,
        "w": 48,
        "h": 47
    },
    "frame_size": {
        "h": 1080,
        "w": 1920
    },
    "head_pose_angle_6drepnet360": {
        "yaw": -68.05619049072266,
        "pitch": -162.345703125,
        "roll": 151.85020446777344
    }
}