{
    "video_name": "czz2023101603",
    "frame_id": 4546,
    "head_bbox": {
        "x0": 836,
        "y0": 154,
        "x1": 875,
        "y1": 204,
        "w": 39,
        "h": 50
    },
    "frame_size": {
        "h": 1080,
        "w": 1920
    },
    "head_pose_angle_6drepnet360": {
        "yaw": 35.85383605957031,
        "pitch": -3.0477774143218994,
        "roll": 6.365610599517822
    }
}