{
    "video_name": "czz2023101603",
    "frame_id": 45691,
    "head_bbox": {
        "x0": 656,
        "y0": 156,
        "x1": 697,
        "y1": 206,
        "w": 41,
        "h": 50
    },
    "frame_size": {
        "h": 1080,
        "w": 1920
    },
    "head_pose_angle_6drepnet360": {
        "yaw": 10.746850967407227,
        "pitch": -14.515625953674316,
        "roll": -11.836482048034668
    }
}