{
    "video_name": "czz2023101603",
    "frame_id": 45721,
    "head_bbox": {
        "x0": 641,
        "y0": 160,
        "x1": 688,
        "y1": 211,
        "w": 47,
        "h": 51
    },
    "frame_size": {
        "h": 1080,
        "w": 1920
    },
    "head_pose_angle_6drepnet360": {
        "yaw": -84.23605346679688,
        "pitch": -121.04618072509766,
        "roll": 112.0923843383789
    }
}