{
    "video_name": "czz2023101603",
    "frame_id": 45796,
    "head_bbox": {
        "x0": 666,
        "y0": 148,
        "x1": 706,
        "y1": 202,
        "w": 40,
        "h": 54
    },
    "frame_size": {
        "h": 1080,
        "w": 1920
    },
    "head_pose_angle_6drepnet360": {
        "yaw": 0.7326829433441162,
        "pitch": -17.02336311340332,
        "roll": 5.909769058227539
    }
}