{
    "video_name": "czz2023101603",
    "frame_id": 45826,
    "head_bbox": {
        "x0": 667,
        "y0": 148,
        "x1": 707,
        "y1": 197,
        "w": 40,
        "h": 49
    },
    "frame_size": {
        "h": 1080,
        "w": 1920
    },
    "head_pose_angle_6drepnet360": {
        "yaw": 2.566422462463379,
        "pitch": -6.231951713562012,
        "roll": -1.4556244611740112
    }
}