{
    "video_name": "czz2023101603",
    "frame_id": 45886,
    "head_bbox": {
        "x0": 635,
        "y0": 153,
        "x1": 677,
        "y1": 204,
        "w": 42,
        "h": 51
    },
    "frame_size": {
        "h": 1080,
        "w": 1920
    },
    "head_pose_angle_6drepnet360": {
        "yaw": 7.010494232177734,
        "pitch": -13.460243225097656,
        "roll": -9.127327919006348
    }
}