{
    "video_name": "czz2023101603",
    "frame_id": 45961,
    "head_bbox": {
        "x0": 677,
        "y0": 148,
        "x1": 725,
        "y1": 196,
        "w": 48,
        "h": 48
    },
    "frame_size": {
        "h": 1080,
        "w": 1920
    },
    "head_pose_angle_6drepnet360": {
        "yaw": -84.23472595214844,
        "pitch": -62.63174819946289,
        "roll": 54.208702087402344
    }
}