{
    "video_name": "czz2023101603",
    "frame_id": 45976,
    "head_bbox": {
        "x0": 693,
        "y0": 149,
        "x1": 732,
        "y1": 195,
        "w": 39,
        "h": 46
    },
    "frame_size": {
        "h": 1080,
        "w": 1920
    },
    "head_pose_angle_6drepnet360": {
        "yaw": -3.1747055053710938,
        "pitch": -8.778183937072754,
        "roll": 4.249834060668945
    }
}