{
    "video_name": "czz2023101603",
    "frame_id": 46006,
    "head_bbox": {
        "x0": 651,
        "y0": 149,
        "x1": 693,
        "y1": 196,
        "w": 42,
        "h": 47
    },
    "frame_size": {
        "h": 1080,
        "w": 1920
    },
    "head_pose_angle_6drepnet360": {
        "yaw": -1.628839373588562,
        "pitch": -10.211711883544922,
        "roll": -5.796685218811035
    }
}