{
    "video_name": "czz2023101603",
    "frame_id": 46096,
    "head_bbox": {
        "x0": 634,
        "y0": 156,
        "x1": 676,
        "y1": 207,
        "w": 42,
        "h": 51
    },
    "frame_size": {
        "h": 1080,
        "w": 1920
    },
    "head_pose_angle_6drepnet360": {
        "yaw": 6.631509780883789,
        "pitch": -6.0392022132873535,
        "roll": -10.825340270996094
    }
}