{
    "video_name": "czz2023101603",
    "frame_id": 46141,
    "head_bbox": {
        "x0": 659,
        "y0": 158,
        "x1": 703,
        "y1": 211,
        "w": 44,
        "h": 53
    },
    "frame_size": {
        "h": 1080,
        "w": 1920
    },
    "head_pose_angle_6drepnet360": {
        "yaw": 35.61180877685547,
        "pitch": -12.516226768493652,
        "roll": -4.56671667098999
    }
}