{
    "video_name": "czz2023101603",
    "frame_id": 46231,
    "head_bbox": {
        "x0": 663,
        "y0": 156,
        "x1": 705,
        "y1": 203,
        "w": 42,
        "h": 47
    },
    "frame_size": {
        "h": 1080,
        "w": 1920
    },
    "head_pose_angle_6drepnet360": {
        "yaw": 4.692673206329346,
        "pitch": -1.3873683214187622,
        "roll": -0.8786765336990356
    }
}