{
    "video_name": "czz2023101603",
    "frame_id": 46276,
    "head_bbox": {
        "x0": 696,
        "y0": 182,
        "x1": 747,
        "y1": 230,
        "w": 51,
        "h": 48
    },
    "frame_size": {
        "h": 1080,
        "w": 1920
    },
    "head_pose_angle_6drepnet360": {
        "yaw": -12.622734069824219,
        "pitch": -36.0920295715332,
        "roll": 40.114524841308594
    }
}