{
    "video_name": "czz2023101603",
    "frame_id": 46291,
    "head_bbox": {
        "x0": 694,
        "y0": 177,
        "x1": 738,
        "y1": 226,
        "w": 44,
        "h": 49
    },
    "frame_size": {
        "h": 1080,
        "w": 1920
    },
    "head_pose_angle_6drepnet360": {
        "yaw": -5.725171089172363,
        "pitch": -25.61823844909668,
        "roll": 30.36775779724121
    }
}