{
    "video_name": "czz2023101603",
    "frame_id": 46441,
    "head_bbox": {
        "x0": 791,
        "y0": 157,
        "x1": 832,
        "y1": 207,
        "w": 41,
        "h": 50
    },
    "frame_size": {
        "h": 1080,
        "w": 1920
    },
    "head_pose_angle_6drepnet360": {
        "yaw": 38.01891326904297,
        "pitch": -2.3344228267669678,
        "roll": -1.766175627708435
    }
}