{
    "video_name": "czz2023101603",
    "frame_id": 46471,
    "head_bbox": {
        "x0": 762,
        "y0": 166,
        "x1": 804,
        "y1": 222,
        "w": 42,
        "h": 56
    },
    "frame_size": {
        "h": 1080,
        "w": 1920
    },
    "head_pose_angle_6drepnet360": {
        "yaw": 20.115909576416016,
        "pitch": -24.20733070373535,
        "roll": -17.808088302612305
    }
}