{
    "video_name": "czz2023101603",
    "frame_id": 4666,
    "head_bbox": {
        "x0": 793,
        "y0": 157,
        "x1": 832,
        "y1": 212,
        "w": 39,
        "h": 55
    },
    "frame_size": {
        "h": 1080,
        "w": 1920
    },
    "head_pose_angle_6drepnet360": {
        "yaw": 27.31242561340332,
        "pitch": -15.868659973144531,
        "roll": -6.909165382385254
    }
}