{
    "video_name": "czz2023101603",
    "frame_id": 46726,
    "head_bbox": {
        "x0": 661,
        "y0": 156,
        "x1": 702,
        "y1": 204,
        "w": 41,
        "h": 48
    },
    "frame_size": {
        "h": 1080,
        "w": 1920
    },
    "head_pose_angle_6drepnet360": {
        "yaw": 6.5255866050720215,
        "pitch": -8.708847999572754,
        "roll": -6.835663318634033
    }
}