{
    "video_name": "czz2023101603",
    "frame_id": 46876,
    "head_bbox": {
        "x0": 662,
        "y0": 156,
        "x1": 703,
        "y1": 210,
        "w": 41,
        "h": 54
    },
    "frame_size": {
        "h": 1080,
        "w": 1920
    },
    "head_pose_angle_6drepnet360": {
        "yaw": 12.922872543334961,
        "pitch": -12.695867538452148,
        "roll": -3.1293368339538574
    }
}