{
    "video_name": "czz2023101603",
    "frame_id": 46951,
    "head_bbox": {
        "x0": 613,
        "y0": 157,
        "x1": 659,
        "y1": 210,
        "w": 46,
        "h": 53
    },
    "frame_size": {
        "h": 1080,
        "w": 1920
    },
    "head_pose_angle_6drepnet360": {
        "yaw": -0.8808149099349976,
        "pitch": -6.799258708953857,
        "roll": -8.551774978637695
    }
}