{
    "video_name": "czz2023101603",
    "frame_id": 47026,
    "head_bbox": {
        "x0": 647,
        "y0": 157,
        "x1": 689,
        "y1": 208,
        "w": 42,
        "h": 51
    },
    "frame_size": {
        "h": 1080,
        "w": 1920
    },
    "head_pose_angle_6drepnet360": {
        "yaw": 4.984757900238037,
        "pitch": -4.396352291107178,
        "roll": 3.0452041625976562
    }
}