{
    "video_name": "czz2023101603",
    "frame_id": 4711,
    "head_bbox": {
        "x0": 790,
        "y0": 158,
        "x1": 829,
        "y1": 210,
        "w": 39,
        "h": 52
    },
    "frame_size": {
        "h": 1080,
        "w": 1920
    },
    "head_pose_angle_6drepnet360": {
        "yaw": 11.709786415100098,
        "pitch": -6.699051856994629,
        "roll": -2.445335865020752
    }
}