{
    "video_name": "czz2023101603",
    "frame_id": 47176,
    "head_bbox": {
        "x0": 656,
        "y0": 154,
        "x1": 697,
        "y1": 202,
        "w": 41,
        "h": 48
    },
    "frame_size": {
        "h": 1080,
        "w": 1920
    },
    "head_pose_angle_6drepnet360": {
        "yaw": 10.904805183410645,
        "pitch": -1.0090471506118774,
        "roll": -1.5435657501220703
    }
}