{
    "video_name": "czz2023101603",
    "frame_id": 47236,
    "head_bbox": {
        "x0": 680,
        "y0": 164,
        "x1": 722,
        "y1": 213,
        "w": 42,
        "h": 49
    },
    "frame_size": {
        "h": 1080,
        "w": 1920
    },
    "head_pose_angle_6drepnet360": {
        "yaw": 10.529227256774902,
        "pitch": -6.998290538787842,
        "roll": -1.6496888399124146
    }
}