{
    "video_name": "czz2023101603",
    "frame_id": 47251,
    "head_bbox": {
        "x0": 643,
        "y0": 168,
        "x1": 687,
        "y1": 219,
        "w": 44,
        "h": 51
    },
    "frame_size": {
        "h": 1080,
        "w": 1920
    },
    "head_pose_angle_6drepnet360": {
        "yaw": 7.395449161529541,
        "pitch": -13.193666458129883,
        "roll": -6.0383710861206055
    }
}