{
    "video_name": "czz2023101603",
    "frame_id": 47296,
    "head_bbox": {
        "x0": 685,
        "y0": 166,
        "x1": 728,
        "y1": 214,
        "w": 43,
        "h": 48
    },
    "frame_size": {
        "h": 1080,
        "w": 1920
    },
    "head_pose_angle_6drepnet360": {
        "yaw": 12.192093849182129,
        "pitch": -5.2576985359191895,
        "roll": -0.7312719821929932
    }
}