{
    "video_name": "czz2023101603",
    "frame_id": 47506,
    "head_bbox": {
        "x0": 667,
        "y0": 162,
        "x1": 715,
        "y1": 214,
        "w": 48,
        "h": 52
    },
    "frame_size": {
        "h": 1080,
        "w": 1920
    },
    "head_pose_angle_6drepnet360": {
        "yaw": -53.03648376464844,
        "pitch": -157.56930541992188,
        "roll": 154.9549560546875
    }
}