{
    "video_name": "czz2023101603",
    "frame_id": 47626,
    "head_bbox": {
        "x0": 646,
        "y0": 146,
        "x1": 686,
        "y1": 192,
        "w": 40,
        "h": 46
    },
    "frame_size": {
        "h": 1080,
        "w": 1920
    },
    "head_pose_angle_6drepnet360": {
        "yaw": 0.682753324508667,
        "pitch": -8.229819297790527,
        "roll": -14.08251953125
    }
}