{
    "video_name": "czz2023101603",
    "frame_id": 47731,
    "head_bbox": {
        "x0": 642,
        "y0": 155,
        "x1": 684,
        "y1": 208,
        "w": 42,
        "h": 53
    },
    "frame_size": {
        "h": 1080,
        "w": 1920
    },
    "head_pose_angle_6drepnet360": {
        "yaw": 2.3877477645874023,
        "pitch": -12.605611801147461,
        "roll": -7.454256057739258
    }
}