{
    "video_name": "czz2023101603",
    "frame_id": 47791,
    "head_bbox": {
        "x0": 613,
        "y0": 160,
        "x1": 657,
        "y1": 214,
        "w": 44,
        "h": 54
    },
    "frame_size": {
        "h": 1080,
        "w": 1920
    },
    "head_pose_angle_6drepnet360": {
        "yaw": 3.7518856525421143,
        "pitch": -11.187528610229492,
        "roll": -16.091129302978516
    }
}