{
    "video_name": "czz2023101603",
    "frame_id": 47986,
    "head_bbox": {
        "x0": 678,
        "y0": 142,
        "x1": 719,
        "y1": 188,
        "w": 41,
        "h": 46
    },
    "frame_size": {
        "h": 1080,
        "w": 1920
    },
    "head_pose_angle_6drepnet360": {
        "yaw": 3.060276985168457,
        "pitch": -7.379929065704346,
        "roll": -14.584078788757324
    }
}