{
    "video_name": "czz2023101603",
    "frame_id": 48031,
    "head_bbox": {
        "x0": 652,
        "y0": 152,
        "x1": 694,
        "y1": 204,
        "w": 42,
        "h": 52
    },
    "frame_size": {
        "h": 1080,
        "w": 1920
    },
    "head_pose_angle_6drepnet360": {
        "yaw": 8.840864181518555,
        "pitch": -10.346834182739258,
        "roll": -10.463571548461914
    }
}