{
    "video_name": "czz2023101603",
    "frame_id": 48061,
    "head_bbox": {
        "x0": 597,
        "y0": 157,
        "x1": 641,
        "y1": 209,
        "w": 44,
        "h": 52
    },
    "frame_size": {
        "h": 1080,
        "w": 1920
    },
    "head_pose_angle_6drepnet360": {
        "yaw": 29.137325286865234,
        "pitch": -18.474842071533203,
        "roll": -21.688093185424805
    }
}