{
    "video_name": "czz2023101603",
    "frame_id": 48181,
    "head_bbox": {
        "x0": 631,
        "y0": 150,
        "x1": 672,
        "y1": 199,
        "w": 41,
        "h": 49
    },
    "frame_size": {
        "h": 1080,
        "w": 1920
    },
    "head_pose_angle_6drepnet360": {
        "yaw": -7.090376377105713,
        "pitch": -12.585813522338867,
        "roll": 2.2974071502685547
    }
}