{
    "video_name": "czz2023101603",
    "frame_id": 4846,
    "head_bbox": {
        "x0": 789,
        "y0": 158,
        "x1": 831,
        "y1": 211,
        "w": 42,
        "h": 53
    },
    "frame_size": {
        "h": 1080,
        "w": 1920
    },
    "head_pose_angle_6drepnet360": {
        "yaw": 37.955875396728516,
        "pitch": -7.063082695007324,
        "roll": -2.3521320819854736
    }
}