{
    "video_name": "czz2023101603",
    "frame_id": 48586,
    "head_bbox": {
        "x0": 665,
        "y0": 153,
        "x1": 710,
        "y1": 199,
        "w": 45,
        "h": 46
    },
    "frame_size": {
        "h": 1080,
        "w": 1920
    },
    "head_pose_angle_6drepnet360": {
        "yaw": -53.836822509765625,
        "pitch": 160.05706787109375,
        "roll": 171.85757446289062
    }
}