{
    "video_name": "czz2023101603",
    "frame_id": 48796,
    "head_bbox": {
        "x0": 664,
        "y0": 156,
        "x1": 704,
        "y1": 206,
        "w": 40,
        "h": 50
    },
    "frame_size": {
        "h": 1080,
        "w": 1920
    },
    "head_pose_angle_6drepnet360": {
        "yaw": 13.77383041381836,
        "pitch": -5.193295955657959,
        "roll": 2.7121951580047607
    }
}