{
    "video_name": "czz2023101603",
    "frame_id": 4921,
    "head_bbox": {
        "x0": 787,
        "y0": 161,
        "x1": 826,
        "y1": 216,
        "w": 39,
        "h": 55
    },
    "frame_size": {
        "h": 1080,
        "w": 1920
    },
    "head_pose_angle_6drepnet360": {
        "yaw": 10.606465339660645,
        "pitch": -16.322147369384766,
        "roll": -5.867542743682861
    }
}