{
    "video_name": "czz2023101603",
    "frame_id": 4936,
    "head_bbox": {
        "x0": 787,
        "y0": 158,
        "x1": 826,
        "y1": 213,
        "w": 39,
        "h": 55
    },
    "frame_size": {
        "h": 1080,
        "w": 1920
    },
    "head_pose_angle_6drepnet360": {
        "yaw": 2.464921236038208,
        "pitch": -13.440507888793945,
        "roll": -7.494423866271973
    }
}