{
    "video_name": "czz2023101603",
    "frame_id": 49441,
    "head_bbox": {
        "x0": 649,
        "y0": 156,
        "x1": 690,
        "y1": 205,
        "w": 41,
        "h": 49
    },
    "frame_size": {
        "h": 1080,
        "w": 1920
    },
    "head_pose_angle_6drepnet360": {
        "yaw": 15.402013778686523,
        "pitch": -4.040924549102783,
        "roll": -0.09685006737709045
    }
}