{
    "video_name": "czz2023101603",
    "frame_id": 49606,
    "head_bbox": {
        "x0": 609,
        "y0": 156,
        "x1": 652,
        "y1": 211,
        "w": 43,
        "h": 55
    },
    "frame_size": {
        "h": 1080,
        "w": 1920
    },
    "head_pose_angle_6drepnet360": {
        "yaw": 10.490591049194336,
        "pitch": -15.202014923095703,
        "roll": -12.734772682189941
    }
}