{
    "video_name": "czz2023101603",
    "frame_id": 49621,
    "head_bbox": {
        "x0": 621,
        "y0": 155,
        "x1": 663,
        "y1": 205,
        "w": 42,
        "h": 50
    },
    "frame_size": {
        "h": 1080,
        "w": 1920
    },
    "head_pose_angle_6drepnet360": {
        "yaw": 28.733749389648438,
        "pitch": -5.007845401763916,
        "roll": -6.61890983581543
    }
}