{
    "video_name": "czz2023101603",
    "frame_id": 4966,
    "head_bbox": {
        "x0": 796,
        "y0": 158,
        "x1": 835,
        "y1": 208,
        "w": 39,
        "h": 50
    },
    "frame_size": {
        "h": 1080,
        "w": 1920
    },
    "head_pose_angle_6drepnet360": {
        "yaw": 11.85176944732666,
        "pitch": 1.9232794046401978,
        "roll": -4.206061363220215
    }
}