{
    "video_name": "czz2023101603",
    "frame_id": 49846,
    "head_bbox": {
        "x0": 689,
        "y0": 147,
        "x1": 735,
        "y1": 195,
        "w": 46,
        "h": 48
    },
    "frame_size": {
        "h": 1080,
        "w": 1920
    },
    "head_pose_angle_6drepnet360": {
        "yaw": -76.90675354003906,
        "pitch": -167.5982666015625,
        "roll": 155.4630584716797
    }
}