{
    "video_name": "czz2023101603",
    "frame_id": 49876,
    "head_bbox": {
        "x0": 685,
        "y0": 144,
        "x1": 725,
        "y1": 192,
        "w": 40,
        "h": 48
    },
    "frame_size": {
        "h": 1080,
        "w": 1920
    },
    "head_pose_angle_6drepnet360": {
        "yaw": -20.80306053161621,
        "pitch": -6.021799087524414,
        "roll": -0.13378137350082397
    }
}