{
    "video_name": "czz2023101603",
    "frame_id": 49906,
    "head_bbox": {
        "x0": 684,
        "y0": 150,
        "x1": 723,
        "y1": 200,
        "w": 39,
        "h": 50
    },
    "frame_size": {
        "h": 1080,
        "w": 1920
    },
    "head_pose_angle_6drepnet360": {
        "yaw": 8.845565795898438,
        "pitch": -10.973695755004883,
        "roll": -2.4863662719726562
    }
}