{
    "video_name": "czz2023101603",
    "frame_id": 4996,
    "head_bbox": {
        "x0": 804,
        "y0": 160,
        "x1": 847,
        "y1": 212,
        "w": 43,
        "h": 52
    },
    "frame_size": {
        "h": 1080,
        "w": 1920
    },
    "head_pose_angle_6drepnet360": {
        "yaw": 52.49070358276367,
        "pitch": -0.5716663002967834,
        "roll": -1.941518783569336
    }
}