{
    "video_name": "czz2023101603",
    "frame_id": 50056,
    "head_bbox": {
        "x0": 672,
        "y0": 151,
        "x1": 713,
        "y1": 203,
        "w": 41,
        "h": 52
    },
    "frame_size": {
        "h": 1080,
        "w": 1920
    },
    "head_pose_angle_6drepnet360": {
        "yaw": -3.9572370052337646,
        "pitch": -19.50008773803711,
        "roll": -10.691301345825195
    }
}