{
    "video_name": "czz2023101603",
    "frame_id": 50071,
    "head_bbox": {
        "x0": 666,
        "y0": 150,
        "x1": 708,
        "y1": 207,
        "w": 42,
        "h": 57
    },
    "frame_size": {
        "h": 1080,
        "w": 1920
    },
    "head_pose_angle_6drepnet360": {
        "yaw": -2.779109477996826,
        "pitch": -18.972286224365234,
        "roll": -7.363553047180176
    }
}