{
    "video_name": "czz2023101603",
    "frame_id": 50101,
    "head_bbox": {
        "x0": 669,
        "y0": 151,
        "x1": 711,
        "y1": 205,
        "w": 42,
        "h": 54
    },
    "frame_size": {
        "h": 1080,
        "w": 1920
    },
    "head_pose_angle_6drepnet360": {
        "yaw": -15.166049003601074,
        "pitch": -24.038549423217773,
        "roll": -1.318617582321167
    }
}