{
    "video_name": "czz2023101603",
    "frame_id": 50131,
    "head_bbox": {
        "x0": 705,
        "y0": 148,
        "x1": 753,
        "y1": 195,
        "w": 48,
        "h": 47
    },
    "frame_size": {
        "h": 1080,
        "w": 1920
    },
    "head_pose_angle_6drepnet360": {
        "yaw": -64.80388641357422,
        "pitch": -161.2543487548828,
        "roll": 158.59034729003906
    }
}