{
    "video_name": "czz2023101603",
    "frame_id": 50146,
    "head_bbox": {
        "x0": 707,
        "y0": 148,
        "x1": 752,
        "y1": 198,
        "w": 45,
        "h": 50
    },
    "frame_size": {
        "h": 1080,
        "w": 1920
    },
    "head_pose_angle_6drepnet360": {
        "yaw": -60.43739318847656,
        "pitch": 179.87698364257812,
        "roll": 170.8657989501953
    }
}