{
    "video_name": "czz2023101603",
    "frame_id": 50176,
    "head_bbox": {
        "x0": 663,
        "y0": 156,
        "x1": 711,
        "y1": 198,
        "w": 48,
        "h": 42
    },
    "frame_size": {
        "h": 1080,
        "w": 1920
    },
    "head_pose_angle_6drepnet360": {
        "yaw": -69.91134643554688,
        "pitch": 135.4681396484375,
        "roll": -146.92718505859375
    }
}