{
    "video_name": "czz2023101603",
    "frame_id": 50326,
    "head_bbox": {
        "x0": 640,
        "y0": 148,
        "x1": 687,
        "y1": 199,
        "w": 47,
        "h": 51
    },
    "frame_size": {
        "h": 1080,
        "w": 1920
    },
    "head_pose_angle_6drepnet360": {
        "yaw": -67.03245544433594,
        "pitch": 166.4224853515625,
        "roll": 178.8006591796875
    }
}