{
    "video_name": "czz2023101603",
    "frame_id": 50656,
    "head_bbox": {
        "x0": 1060,
        "y0": 149,
        "x1": 1103,
        "y1": 193,
        "w": 43,
        "h": 44
    },
    "frame_size": {
        "h": 1080,
        "w": 1920
    },
    "head_pose_angle_6drepnet360": {
        "yaw": 42.39927673339844,
        "pitch": 168.42825317382812,
        "roll": 177.43101501464844
    }
}