{
    "video_name": "czz2023101603",
    "frame_id": 5086,
    "head_bbox": {
        "x0": 719,
        "y0": 160,
        "x1": 760,
        "y1": 209,
        "w": 41,
        "h": 49
    },
    "frame_size": {
        "h": 1080,
        "w": 1920
    },
    "head_pose_angle_6drepnet360": {
        "yaw": -11.075746536254883,
        "pitch": -4.136421203613281,
        "roll": -7.091349124908447
    }
}