{
    "video_name": "czz2023101603",
    "frame_id": 50896,
    "head_bbox": {
        "x0": 1066,
        "y0": 148,
        "x1": 1105,
        "y1": 199,
        "w": 39,
        "h": 51
    },
    "frame_size": {
        "h": 1080,
        "w": 1920
    },
    "head_pose_angle_6drepnet360": {
        "yaw": 20.461997985839844,
        "pitch": -20.134363174438477,
        "roll": -5.688504695892334
    }
}