{
    "video_name": "czz2023101603",
    "frame_id": 51106,
    "head_bbox": {
        "x0": 1097,
        "y0": 158,
        "x1": 1141,
        "y1": 205,
        "w": 44,
        "h": 47
    },
    "frame_size": {
        "h": 1080,
        "w": 1920
    },
    "head_pose_angle_6drepnet360": {
        "yaw": 63.72926712036133,
        "pitch": 159.6870880126953,
        "roll": 168.07720947265625
    }
}