{
    "video_name": "czz2023101603",
    "frame_id": 5116,
    "head_bbox": {
        "x0": 825,
        "y0": 155,
        "x1": 864,
        "y1": 204,
        "w": 39,
        "h": 49
    },
    "frame_size": {
        "h": 1080,
        "w": 1920
    },
    "head_pose_angle_6drepnet360": {
        "yaw": -41.15983963012695,
        "pitch": -13.493230819702148,
        "roll": 2.4107556343078613
    }
}