{
    "video_name": "czz2023101603",
    "frame_id": 51271,
    "head_bbox": {
        "x0": 1087,
        "y0": 150,
        "x1": 1125,
        "y1": 200,
        "w": 38,
        "h": 50
    },
    "frame_size": {
        "h": 1080,
        "w": 1920
    },
    "head_pose_angle_6drepnet360": {
        "yaw": 22.867765426635742,
        "pitch": -20.97516441345215,
        "roll": 1.5216480493545532
    }
}