{
    "video_name": "czz2023101603",
    "frame_id": 51316,
    "head_bbox": {
        "x0": 1095,
        "y0": 148,
        "x1": 1140,
        "y1": 196,
        "w": 45,
        "h": 48
    },
    "frame_size": {
        "h": 1080,
        "w": 1920
    },
    "head_pose_angle_6drepnet360": {
        "yaw": 75.42540740966797,
        "pitch": 83.21260833740234,
        "roll": 96.21509552001953
    }
}