{
    "video_name": "czz2023101603",
    "frame_id": 51451,
    "head_bbox": {
        "x0": 1074,
        "y0": 150,
        "x1": 1114,
        "y1": 197,
        "w": 40,
        "h": 47
    },
    "frame_size": {
        "h": 1080,
        "w": 1920
    },
    "head_pose_angle_6drepnet360": {
        "yaw": 49.564327239990234,
        "pitch": -1.5834097862243652,
        "roll": 10.145425796508789
    }
}