{
    "video_name": "czz2023101603",
    "frame_id": 5146,
    "head_bbox": {
        "x0": 886,
        "y0": 162,
        "x1": 925,
        "y1": 214,
        "w": 39,
        "h": 52
    },
    "frame_size": {
        "h": 1080,
        "w": 1920
    },
    "head_pose_angle_6drepnet360": {
        "yaw": -17.08409309387207,
        "pitch": -10.414725303649902,
        "roll": -6.137528419494629
    }
}