{
    "video_name": "czz2023101603",
    "frame_id": 51481,
    "head_bbox": {
        "x0": 976,
        "y0": 153,
        "x1": 1012,
        "y1": 196,
        "w": 36,
        "h": 43
    },
    "frame_size": {
        "h": 1080,
        "w": 1920
    },
    "head_pose_angle_6drepnet360": {
        "yaw": 38.90302276611328,
        "pitch": 0.86601322889328,
        "roll": 1.4283957481384277
    }
}