{
    "video_name": "czz2023101603",
    "frame_id": 51661,
    "head_bbox": {
        "x0": 690,
        "y0": 148,
        "x1": 738,
        "y1": 190,
        "w": 48,
        "h": 42
    },
    "frame_size": {
        "h": 1080,
        "w": 1920
    },
    "head_pose_angle_6drepnet360": {
        "yaw": -74.46286010742188,
        "pitch": 121.47530364990234,
        "roll": -132.09628295898438
    }
}