{
    "video_name": "czz2023101603",
    "frame_id": 51751,
    "head_bbox": {
        "x0": 689,
        "y0": 150,
        "x1": 734,
        "y1": 194,
        "w": 45,
        "h": 44
    },
    "frame_size": {
        "h": 1080,
        "w": 1920
    },
    "head_pose_angle_6drepnet360": {
        "yaw": -63.206478118896484,
        "pitch": 140.75205993652344,
        "roll": -165.82846069335938
    }
}