{
    "video_name": "czz2023101603",
    "frame_id": 51796,
    "head_bbox": {
        "x0": 679,
        "y0": 152,
        "x1": 724,
        "y1": 198,
        "w": 45,
        "h": 46
    },
    "frame_size": {
        "h": 1080,
        "w": 1920
    },
    "head_pose_angle_6drepnet360": {
        "yaw": -60.80458450317383,
        "pitch": 150.39422607421875,
        "roll": -171.18484497070312
    }
}