{
    "video_name": "czz2023101603",
    "frame_id": 52126,
    "head_bbox": {
        "x0": 680,
        "y0": 146,
        "x1": 720,
        "y1": 195,
        "w": 40,
        "h": 49
    },
    "frame_size": {
        "h": 1080,
        "w": 1920
    },
    "head_pose_angle_6drepnet360": {
        "yaw": 1.0021830797195435,
        "pitch": -11.558427810668945,
        "roll": -6.363622188568115
    }
}