{
    "video_name": "czz2023101603",
    "frame_id": 52201,
    "head_bbox": {
        "x0": 634,
        "y0": 159,
        "x1": 677,
        "y1": 212,
        "w": 43,
        "h": 53
    },
    "frame_size": {
        "h": 1080,
        "w": 1920
    },
    "head_pose_angle_6drepnet360": {
        "yaw": -5.5393476486206055,
        "pitch": -12.568365097045898,
        "roll": -13.072612762451172
    }
}