{
    "video_name": "czz2023101603",
    "frame_id": 52246,
    "head_bbox": {
        "x0": 651,
        "y0": 170,
        "x1": 694,
        "y1": 223,
        "w": 43,
        "h": 53
    },
    "frame_size": {
        "h": 1080,
        "w": 1920
    },
    "head_pose_angle_6drepnet360": {
        "yaw": -0.06715475767850876,
        "pitch": -26.238906860351562,
        "roll": -2.836273670196533
    }
}