{
    "video_name": "czz2023101603",
    "frame_id": 52291,
    "head_bbox": {
        "x0": 659,
        "y0": 157,
        "x1": 701,
        "y1": 208,
        "w": 42,
        "h": 51
    },
    "frame_size": {
        "h": 1080,
        "w": 1920
    },
    "head_pose_angle_6drepnet360": {
        "yaw": 8.384603500366211,
        "pitch": -5.348726272583008,
        "roll": -4.975615978240967
    }
}