{
    "video_name": "czz2023101603",
    "frame_id": 52351,
    "head_bbox": {
        "x0": 689,
        "y0": 171,
        "x1": 729,
        "y1": 221,
        "w": 40,
        "h": 50
    },
    "frame_size": {
        "h": 1080,
        "w": 1920
    },
    "head_pose_angle_6drepnet360": {
        "yaw": -0.7720197439193726,
        "pitch": -21.0057315826416,
        "roll": 8.638961791992188
    }
}