{
    "video_name": "czz2023101603",
    "frame_id": 52366,
    "head_bbox": {
        "x0": 680,
        "y0": 159,
        "x1": 721,
        "y1": 208,
        "w": 41,
        "h": 49
    },
    "frame_size": {
        "h": 1080,
        "w": 1920
    },
    "head_pose_angle_6drepnet360": {
        "yaw": 12.69235610961914,
        "pitch": -6.776309490203857,
        "roll": -10.921469688415527
    }
}