{
    "video_name": "czz2023101603",
    "frame_id": 52486,
    "head_bbox": {
        "x0": 672,
        "y0": 154,
        "x1": 718,
        "y1": 200,
        "w": 46,
        "h": 46
    },
    "frame_size": {
        "h": 1080,
        "w": 1920
    },
    "head_pose_angle_6drepnet360": {
        "yaw": -57.06782150268555,
        "pitch": -166.8912353515625,
        "roll": 157.95179748535156
    }
}