{
    "video_name": "czz2023101603",
    "frame_id": 52501,
    "head_bbox": {
        "x0": 694,
        "y0": 154,
        "x1": 763,
        "y1": 204,
        "w": 69,
        "h": 50
    },
    "frame_size": {
        "h": 1080,
        "w": 1920
    },
    "head_pose_angle_6drepnet360": {
        "yaw": -50.83061599731445,
        "pitch": 173.65342712402344,
        "roll": 168.82598876953125
    }
}