{
    "video_name": "czz2023101603",
    "frame_id": 52531,
    "head_bbox": {
        "x0": 715,
        "y0": 145,
        "x1": 750,
        "y1": 189,
        "w": 35,
        "h": 44
    },
    "frame_size": {
        "h": 1080,
        "w": 1920
    },
    "head_pose_angle_6drepnet360": {
        "yaw": -7.696119785308838,
        "pitch": -9.526077270507812,
        "roll": -4.704621315002441
    }
}