{
    "video_name": "czz2023101603",
    "frame_id": 52951,
    "head_bbox": {
        "x0": 648,
        "y0": 148,
        "x1": 689,
        "y1": 197,
        "w": 41,
        "h": 49
    },
    "frame_size": {
        "h": 1080,
        "w": 1920
    },
    "head_pose_angle_6drepnet360": {
        "yaw": 5.672271728515625,
        "pitch": -8.474803924560547,
        "roll": -5.962989330291748
    }
}