{
    "video_name": "czz2023101603",
    "frame_id": 5296,
    "head_bbox": {
        "x0": 933,
        "y0": 161,
        "x1": 974,
        "y1": 216,
        "w": 41,
        "h": 55
    },
    "frame_size": {
        "h": 1080,
        "w": 1920
    },
    "head_pose_angle_6drepnet360": {
        "yaw": 42.57868957519531,
        "pitch": -13.204007148742676,
        "roll": -10.1985502243042
    }
}