{
    "video_name": "czz2023101603",
    "frame_id": 53161,
    "head_bbox": {
        "x0": 644,
        "y0": 158,
        "x1": 685,
        "y1": 208,
        "w": 41,
        "h": 50
    },
    "frame_size": {
        "h": 1080,
        "w": 1920
    },
    "head_pose_angle_6drepnet360": {
        "yaw": -8.804314613342285,
        "pitch": -22.394184112548828,
        "roll": 6.633569240570068
    }
}