{
    "video_name": "czz2023101603",
    "frame_id": 53281,
    "head_bbox": {
        "x0": 660,
        "y0": 154,
        "x1": 700,
        "y1": 201,
        "w": 40,
        "h": 47
    },
    "frame_size": {
        "h": 1080,
        "w": 1920
    },
    "head_pose_angle_6drepnet360": {
        "yaw": 7.832150459289551,
        "pitch": -5.237277030944824,
        "roll": -2.160043478012085
    }
}