{
    "video_name": "czz2023101603",
    "frame_id": 53326,
    "head_bbox": {
        "x0": 626,
        "y0": 153,
        "x1": 667,
        "y1": 201,
        "w": 41,
        "h": 48
    },
    "frame_size": {
        "h": 1080,
        "w": 1920
    },
    "head_pose_angle_6drepnet360": {
        "yaw": 5.316043853759766,
        "pitch": -4.513575553894043,
        "roll": -6.249581336975098
    }
}