{
    "video_name": "czz2023101603",
    "frame_id": 5356,
    "head_bbox": {
        "x0": 945,
        "y0": 160,
        "x1": 987,
        "y1": 212,
        "w": 42,
        "h": 52
    },
    "frame_size": {
        "h": 1080,
        "w": 1920
    },
    "head_pose_angle_6drepnet360": {
        "yaw": 46.8672981262207,
        "pitch": -3.535696268081665,
        "roll": 2.937560796737671
    }
}