{
    "video_name": "czz2023101603",
    "frame_id": 53581,
    "head_bbox": {
        "x0": 661,
        "y0": 159,
        "x1": 701,
        "y1": 208,
        "w": 40,
        "h": 49
    },
    "frame_size": {
        "h": 1080,
        "w": 1920
    },
    "head_pose_angle_6drepnet360": {
        "yaw": -7.614203929901123,
        "pitch": -10.286722183227539,
        "roll": 4.6788530349731445
    }
}