{
    "video_name": "czz2023101603",
    "frame_id": 53596,
    "head_bbox": {
        "x0": 659,
        "y0": 158,
        "x1": 704,
        "y1": 213,
        "w": 45,
        "h": 55
    },
    "frame_size": {
        "h": 1080,
        "w": 1920
    },
    "head_pose_angle_6drepnet360": {
        "yaw": -20.276912689208984,
        "pitch": -14.497591018676758,
        "roll": 4.682655334472656
    }
}