{
    "video_name": "czz2023101603",
    "frame_id": 53641,
    "head_bbox": {
        "x0": 653,
        "y0": 147,
        "x1": 693,
        "y1": 197,
        "w": 40,
        "h": 50
    },
    "frame_size": {
        "h": 1080,
        "w": 1920
    },
    "head_pose_angle_6drepnet360": {
        "yaw": -12.285162925720215,
        "pitch": -8.26048755645752,
        "roll": -4.025238037109375
    }
}