{
    "video_name": "czz2023101603",
    "frame_id": 53776,
    "head_bbox": {
        "x0": 633,
        "y0": 150,
        "x1": 674,
        "y1": 202,
        "w": 41,
        "h": 52
    },
    "frame_size": {
        "h": 1080,
        "w": 1920
    },
    "head_pose_angle_6drepnet360": {
        "yaw": 6.453235149383545,
        "pitch": -8.820621490478516,
        "roll": -13.293437004089355
    }
}