{
    "video_name": "czz2023101603",
    "frame_id": 53791,
    "head_bbox": {
        "x0": 628,
        "y0": 151,
        "x1": 669,
        "y1": 203,
        "w": 41,
        "h": 52
    },
    "frame_size": {
        "h": 1080,
        "w": 1920
    },
    "head_pose_angle_6drepnet360": {
        "yaw": 2.1863129138946533,
        "pitch": -10.758293151855469,
        "roll": -11.183882713317871
    }
}