{
    "video_name": "czz2023101603",
    "frame_id": 53911,
    "head_bbox": {
        "x0": 641,
        "y0": 151,
        "x1": 682,
        "y1": 205,
        "w": 41,
        "h": 54
    },
    "frame_size": {
        "h": 1080,
        "w": 1920
    },
    "head_pose_angle_6drepnet360": {
        "yaw": -4.368124008178711,
        "pitch": -13.657305717468262,
        "roll": -7.50153112411499
    }
}