{
    "video_name": "czz2023101603",
    "frame_id": 54121,
    "head_bbox": {
        "x0": 745,
        "y0": 142,
        "x1": 787,
        "y1": 191,
        "w": 42,
        "h": 49
    },
    "frame_size": {
        "h": 1080,
        "w": 1920
    },
    "head_pose_angle_6drepnet360": {
        "yaw": -65.42457580566406,
        "pitch": -168.51483154296875,
        "roll": 161.24993896484375
    }
}