{
    "video_name": "czz2023101603",
    "frame_id": 54256,
    "head_bbox": {
        "x0": 818,
        "y0": 149,
        "x1": 858,
        "y1": 189,
        "w": 40,
        "h": 40
    },
    "frame_size": {
        "h": 1080,
        "w": 1920
    },
    "head_pose_angle_6drepnet360": {
        "yaw": -10.803267478942871,
        "pitch": 171.55606079101562,
        "roll": -176.0680389404297
    }
}