{
    "video_name": "czz2023101603",
    "frame_id": 54346,
    "head_bbox": {
        "x0": 755,
        "y0": 148,
        "x1": 797,
        "y1": 194,
        "w": 42,
        "h": 46
    },
    "frame_size": {
        "h": 1080,
        "w": 1920
    },
    "head_pose_angle_6drepnet360": {
        "yaw": -60.87388229370117,
        "pitch": 175.29672241210938,
        "roll": 165.78236389160156
    }
}