{
    "video_name": "czz2023101603",
    "frame_id": 5461,
    "head_bbox": {
        "x0": 819,
        "y0": 161,
        "x1": 859,
        "y1": 211,
        "w": 40,
        "h": 50
    },
    "frame_size": {
        "h": 1080,
        "w": 1920
    },
    "head_pose_angle_6drepnet360": {
        "yaw": -1.536149263381958,
        "pitch": -18.247982025146484,
        "roll": -24.633865356445312
    }
}