{
    "video_name": "czz2023101603",
    "frame_id": 5476,
    "head_bbox": {
        "x0": 845,
        "y0": 159,
        "x1": 883,
        "y1": 208,
        "w": 38,
        "h": 49
    },
    "frame_size": {
        "h": 1080,
        "w": 1920
    },
    "head_pose_angle_6drepnet360": {
        "yaw": 11.046638488769531,
        "pitch": -8.41455078125,
        "roll": -4.282196044921875
    }
}