{
    "video_name": "czz2023101603",
    "frame_id": 54826,
    "head_bbox": {
        "x0": 460,
        "y0": 144,
        "x1": 508,
        "y1": 192,
        "w": 48,
        "h": 48
    },
    "frame_size": {
        "h": 1080,
        "w": 1920
    },
    "head_pose_angle_6drepnet360": {
        "yaw": -77.3058853149414,
        "pitch": 117.5411148071289,
        "roll": -138.67010498046875
    }
}