{
    "video_name": "czz2023101603",
    "frame_id": 54871,
    "head_bbox": {
        "x0": 456,
        "y0": 149,
        "x1": 505,
        "y1": 191,
        "w": 49,
        "h": 42
    },
    "frame_size": {
        "h": 1080,
        "w": 1920
    },
    "head_pose_angle_6drepnet360": {
        "yaw": -77.20945739746094,
        "pitch": 117.87731170654297,
        "roll": -130.8505401611328
    }
}