{
    "video_name": "czz2023101603",
    "frame_id": 55021,
    "head_bbox": {
        "x0": 430,
        "y0": 152,
        "x1": 471,
        "y1": 205,
        "w": 41,
        "h": 53
    },
    "frame_size": {
        "h": 1080,
        "w": 1920
    },
    "head_pose_angle_6drepnet360": {
        "yaw": 8.099252700805664,
        "pitch": -34.049034118652344,
        "roll": -10.217581748962402
    }
}