{
    "video_name": "czz2023101603",
    "frame_id": 5521,
    "head_bbox": {
        "x0": 846,
        "y0": 162,
        "x1": 885,
        "y1": 215,
        "w": 39,
        "h": 53
    },
    "frame_size": {
        "h": 1080,
        "w": 1920
    },
    "head_pose_angle_6drepnet360": {
        "yaw": 4.061516761779785,
        "pitch": -11.270923614501953,
        "roll": -4.2194647789001465
    }
}