{
    "video_name": "czz2023101603",
    "frame_id": 5536,
    "head_bbox": {
        "x0": 865,
        "y0": 161,
        "x1": 903,
        "y1": 212,
        "w": 38,
        "h": 51
    },
    "frame_size": {
        "h": 1080,
        "w": 1920
    },
    "head_pose_angle_6drepnet360": {
        "yaw": 11.297439575195312,
        "pitch": -8.235984802246094,
        "roll": -1.5996311902999878
    }
}