{
    "video_name": "czz2023101603",
    "frame_id": 55756,
    "head_bbox": {
        "x0": 429,
        "y0": 153,
        "x1": 469,
        "y1": 207,
        "w": 40,
        "h": 54
    },
    "frame_size": {
        "h": 1080,
        "w": 1920
    },
    "head_pose_angle_6drepnet360": {
        "yaw": -0.37687981128692627,
        "pitch": -17.63021469116211,
        "roll": -6.812556743621826
    }
}