{
    "video_name": "czz2023101603",
    "frame_id": 55876,
    "head_bbox": {
        "x0": 520,
        "y0": 144,
        "x1": 570,
        "y1": 192,
        "w": 50,
        "h": 48
    },
    "frame_size": {
        "h": 1080,
        "w": 1920
    },
    "head_pose_angle_6drepnet360": {
        "yaw": -78.19296264648438,
        "pitch": 83.45954895019531,
        "roll": -104.89771270751953
    }
}