{
    "video_name": "czz2023101603",
    "frame_id": 55981,
    "head_bbox": {
        "x0": 429,
        "y0": 158,
        "x1": 469,
        "y1": 205,
        "w": 40,
        "h": 47
    },
    "frame_size": {
        "h": 1080,
        "w": 1920
    },
    "head_pose_angle_6drepnet360": {
        "yaw": 2.538454294204712,
        "pitch": -22.653141021728516,
        "roll": -9.356675148010254
    }
}