{
    "video_name": "czz2023101603",
    "frame_id": 56131,
    "head_bbox": {
        "x0": 420,
        "y0": 149,
        "x1": 462,
        "y1": 203,
        "w": 42,
        "h": 54
    },
    "frame_size": {
        "h": 1080,
        "w": 1920
    },
    "head_pose_angle_6drepnet360": {
        "yaw": -1.7202616930007935,
        "pitch": -18.59564971923828,
        "roll": -13.071399688720703
    }
}