{
    "video_name": "czz2023101603",
    "frame_id": 56176,
    "head_bbox": {
        "x0": 421,
        "y0": 152,
        "x1": 462,
        "y1": 203,
        "w": 41,
        "h": 51
    },
    "frame_size": {
        "h": 1080,
        "w": 1920
    },
    "head_pose_angle_6drepnet360": {
        "yaw": -2.7782540321350098,
        "pitch": -16.72739028930664,
        "roll": -12.13308048248291
    }
}