{
    "video_name": "czz2023101603",
    "frame_id": 56221,
    "head_bbox": {
        "x0": 420,
        "y0": 152,
        "x1": 461,
        "y1": 204,
        "w": 41,
        "h": 52
    },
    "frame_size": {
        "h": 1080,
        "w": 1920
    },
    "head_pose_angle_6drepnet360": {
        "yaw": -2.346116542816162,
        "pitch": -15.104549407958984,
        "roll": -11.838021278381348
    }
}