{
    "video_name": "czz2023101603",
    "frame_id": 5626,
    "head_bbox": {
        "x0": 842,
        "y0": 161,
        "x1": 883,
        "y1": 214,
        "w": 41,
        "h": 53
    },
    "frame_size": {
        "h": 1080,
        "w": 1920
    },
    "head_pose_angle_6drepnet360": {
        "yaw": 42.24522399902344,
        "pitch": -4.451232433319092,
        "roll": 0.20151621103286743
    }
}