{
    "video_name": "czz2023101603",
    "frame_id": 56281,
    "head_bbox": {
        "x0": 416,
        "y0": 151,
        "x1": 461,
        "y1": 205,
        "w": 45,
        "h": 54
    },
    "frame_size": {
        "h": 1080,
        "w": 1920
    },
    "head_pose_angle_6drepnet360": {
        "yaw": -2.4036731719970703,
        "pitch": -25.38330841064453,
        "roll": -13.79887580871582
    }
}