{
    "video_name": "czz2023101603",
    "frame_id": 56401,
    "head_bbox": {
        "x0": 417,
        "y0": 150,
        "x1": 460,
        "y1": 204,
        "w": 43,
        "h": 54
    },
    "frame_size": {
        "h": 1080,
        "w": 1920
    },
    "head_pose_angle_6drepnet360": {
        "yaw": -1.4271504878997803,
        "pitch": -18.20705223083496,
        "roll": -13.88589096069336
    }
}