{
    "video_name": "czz2023101603",
    "frame_id": 56461,
    "head_bbox": {
        "x0": 418,
        "y0": 150,
        "x1": 469,
        "y1": 198,
        "w": 51,
        "h": 48
    },
    "frame_size": {
        "h": 1080,
        "w": 1920
    },
    "head_pose_angle_6drepnet360": {
        "yaw": -73.85601806640625,
        "pitch": -22.892425537109375,
        "roll": 15.671072006225586
    }
}