{
    "video_name": "czz2023101603",
    "frame_id": 56581,
    "head_bbox": {
        "x0": 426,
        "y0": 151,
        "x1": 468,
        "y1": 206,
        "w": 42,
        "h": 55
    },
    "frame_size": {
        "h": 1080,
        "w": 1920
    },
    "head_pose_angle_6drepnet360": {
        "yaw": 1.2478581666946411,
        "pitch": -18.059743881225586,
        "roll": -7.5200514793396
    }
}