{
    "video_name": "czz2023101603",
    "frame_id": 56776,
    "head_bbox": {
        "x0": 558,
        "y0": 149,
        "x1": 611,
        "y1": 196,
        "w": 53,
        "h": 47
    },
    "frame_size": {
        "h": 1080,
        "w": 1920
    },
    "head_pose_angle_6drepnet360": {
        "yaw": -66.07897186279297,
        "pitch": 118.41915130615234,
        "roll": -144.71986389160156
    }
}