{
    "video_name": "czz2023101603",
    "frame_id": 56821,
    "head_bbox": {
        "x0": 660,
        "y0": 148,
        "x1": 707,
        "y1": 196,
        "w": 47,
        "h": 48
    },
    "frame_size": {
        "h": 1080,
        "w": 1920
    },
    "head_pose_angle_6drepnet360": {
        "yaw": -70.38056945800781,
        "pitch": 142.08258056640625,
        "roll": -159.2055206298828
    }
}