{
    "video_name": "czz2023101603",
    "frame_id": 56911,
    "head_bbox": {
        "x0": 686,
        "y0": 147,
        "x1": 732,
        "y1": 195,
        "w": 46,
        "h": 48
    },
    "frame_size": {
        "h": 1080,
        "w": 1920
    },
    "head_pose_angle_6drepnet360": {
        "yaw": -65.2408218383789,
        "pitch": 149.876220703125,
        "roll": -164.2644805908203
    }
}