{
    "video_name": "czz2023101603",
    "frame_id": 57091,
    "head_bbox": {
        "x0": 553,
        "y0": 141,
        "x1": 595,
        "y1": 193,
        "w": 42,
        "h": 52
    },
    "frame_size": {
        "h": 1080,
        "w": 1920
    },
    "head_pose_angle_6drepnet360": {
        "yaw": 45.56391906738281,
        "pitch": -27.66616439819336,
        "roll": -17.6961727142334
    }
}