{
    "video_name": "czz2023101603",
    "frame_id": 57376,
    "head_bbox": {
        "x0": 425,
        "y0": 145,
        "x1": 467,
        "y1": 200,
        "w": 42,
        "h": 55
    },
    "frame_size": {
        "h": 1080,
        "w": 1920
    },
    "head_pose_angle_6drepnet360": {
        "yaw": 0.6262329816818237,
        "pitch": -13.825309753417969,
        "roll": -9.974752426147461
    }
}