{
    "video_name": "czz2023101603",
    "frame_id": 5761,
    "head_bbox": {
        "x0": 845,
        "y0": 163,
        "x1": 885,
        "y1": 220,
        "w": 40,
        "h": 57
    },
    "frame_size": {
        "h": 1080,
        "w": 1920
    },
    "head_pose_angle_6drepnet360": {
        "yaw": 16.719377517700195,
        "pitch": -21.563098907470703,
        "roll": -9.990591049194336
    }
}