{
    "video_name": "czz2023101603",
    "frame_id": 57721,
    "head_bbox": {
        "x0": 419,
        "y0": 150,
        "x1": 462,
        "y1": 203,
        "w": 43,
        "h": 53
    },
    "frame_size": {
        "h": 1080,
        "w": 1920
    },
    "head_pose_angle_6drepnet360": {
        "yaw": -1.4403220415115356,
        "pitch": -17.24586296081543,
        "roll": -10.628646850585938
    }
}