{
    "video_name": "czz2023101603",
    "frame_id": 5776,
    "head_bbox": {
        "x0": 848,
        "y0": 162,
        "x1": 888,
        "y1": 218,
        "w": 40,
        "h": 56
    },
    "frame_size": {
        "h": 1080,
        "w": 1920
    },
    "head_pose_angle_6drepnet360": {
        "yaw": -0.5196205377578735,
        "pitch": -19.279953002929688,
        "roll": -5.186544418334961
    }
}