{
    "video_name": "czz2023101603",
    "frame_id": 57781,
    "head_bbox": {
        "x0": 420,
        "y0": 150,
        "x1": 461,
        "y1": 199,
        "w": 41,
        "h": 49
    },
    "frame_size": {
        "h": 1080,
        "w": 1920
    },
    "head_pose_angle_6drepnet360": {
        "yaw": -1.2648929357528687,
        "pitch": -14.831185340881348,
        "roll": -12.613640785217285
    }
}