{
    "video_name": "czz2023101603",
    "frame_id": 57901,
    "head_bbox": {
        "x0": 442,
        "y0": 137,
        "x1": 483,
        "y1": 182,
        "w": 41,
        "h": 45
    },
    "frame_size": {
        "h": 1080,
        "w": 1920
    },
    "head_pose_angle_6drepnet360": {
        "yaw": -7.492608547210693,
        "pitch": -0.866550624370575,
        "roll": 3.086848258972168
    }
}