{
    "video_name": "czz2023101603",
    "frame_id": 57916,
    "head_bbox": {
        "x0": 445,
        "y0": 137,
        "x1": 486,
        "y1": 182,
        "w": 41,
        "h": 45
    },
    "frame_size": {
        "h": 1080,
        "w": 1920
    },
    "head_pose_angle_6drepnet360": {
        "yaw": -12.413980484008789,
        "pitch": 1.0013614892959595,
        "roll": 1.572484016418457
    }
}