{
    "video_name": "czz2023101603",
    "frame_id": 58051,
    "head_bbox": {
        "x0": 553,
        "y0": 138,
        "x1": 590,
        "y1": 182,
        "w": 37,
        "h": 44
    },
    "frame_size": {
        "h": 1080,
        "w": 1920
    },
    "head_pose_angle_6drepnet360": {
        "yaw": 0.9804937839508057,
        "pitch": -4.658538341522217,
        "roll": -12.571272850036621
    }
}