{
    "video_name": "czz2023101603",
    "frame_id": 5806,
    "head_bbox": {
        "x0": 854,
        "y0": 160,
        "x1": 894,
        "y1": 213,
        "w": 40,
        "h": 53
    },
    "frame_size": {
        "h": 1080,
        "w": 1920
    },
    "head_pose_angle_6drepnet360": {
        "yaw": -2.745129108428955,
        "pitch": -2.088186740875244,
        "roll": -0.26994436979293823
    }
}