{
    "video_name": "czz2023101603",
    "frame_id": 58201,
    "head_bbox": {
        "x0": 642,
        "y0": 154,
        "x1": 681,
        "y1": 202,
        "w": 39,
        "h": 48
    },
    "frame_size": {
        "h": 1080,
        "w": 1920
    },
    "head_pose_angle_6drepnet360": {
        "yaw": 17.695390701293945,
        "pitch": -6.109932899475098,
        "roll": -2.3616106510162354
    }
}