{
    "video_name": "czz2023101603",
    "frame_id": 58411,
    "head_bbox": {
        "x0": 650,
        "y0": 156,
        "x1": 692,
        "y1": 206,
        "w": 42,
        "h": 50
    },
    "frame_size": {
        "h": 1080,
        "w": 1920
    },
    "head_pose_angle_6drepnet360": {
        "yaw": 4.866643905639648,
        "pitch": -6.153598308563232,
        "roll": 0.1460382640361786
    }
}