{
    "video_name": "czz2023101603",
    "frame_id": 58456,
    "head_bbox": {
        "x0": 631,
        "y0": 154,
        "x1": 675,
        "y1": 209,
        "w": 44,
        "h": 55
    },
    "frame_size": {
        "h": 1080,
        "w": 1920
    },
    "head_pose_angle_6drepnet360": {
        "yaw": 31.991191864013672,
        "pitch": -10.02335262298584,
        "roll": -14.072526931762695
    }
}