{
    "video_name": "czz2023101603",
    "frame_id": 58636,
    "head_bbox": {
        "x0": 493,
        "y0": 145,
        "x1": 534,
        "y1": 192,
        "w": 41,
        "h": 47
    },
    "frame_size": {
        "h": 1080,
        "w": 1920
    },
    "head_pose_angle_6drepnet360": {
        "yaw": 11.536429405212402,
        "pitch": -10.74085521697998,
        "roll": -3.793745517730713
    }
}