{
    "video_name": "czz2023101603",
    "frame_id": 58786,
    "head_bbox": {
        "x0": 428,
        "y0": 152,
        "x1": 471,
        "y1": 200,
        "w": 43,
        "h": 48
    },
    "frame_size": {
        "h": 1080,
        "w": 1920
    },
    "head_pose_angle_6drepnet360": {
        "yaw": 1.6680965423583984,
        "pitch": -15.39256477355957,
        "roll": -15.70040512084961
    }
}