{
    "video_name": "czz2023101603",
    "frame_id": 5881,
    "head_bbox": {
        "x0": 852,
        "y0": 162,
        "x1": 892,
        "y1": 218,
        "w": 40,
        "h": 56
    },
    "frame_size": {
        "h": 1080,
        "w": 1920
    },
    "head_pose_angle_6drepnet360": {
        "yaw": 12.926118850708008,
        "pitch": -13.89010238647461,
        "roll": -0.9895249009132385
    }
}