{
    "video_name": "czz2023101603",
    "frame_id": 58966,
    "head_bbox": {
        "x0": 431,
        "y0": 149,
        "x1": 473,
        "y1": 199,
        "w": 42,
        "h": 50
    },
    "frame_size": {
        "h": 1080,
        "w": 1920
    },
    "head_pose_angle_6drepnet360": {
        "yaw": 4.2378363609313965,
        "pitch": -16.915746688842773,
        "roll": -14.730758666992188
    }
}