{
    "video_name": "czz2023101603",
    "frame_id": 59086,
    "head_bbox": {
        "x0": 429,
        "y0": 153,
        "x1": 472,
        "y1": 201,
        "w": 43,
        "h": 48
    },
    "frame_size": {
        "h": 1080,
        "w": 1920
    },
    "head_pose_angle_6drepnet360": {
        "yaw": 3.511237382888794,
        "pitch": -16.652938842773438,
        "roll": -12.905723571777344
    }
}