{
    "video_name": "czz2023101603",
    "frame_id": 59176,
    "head_bbox": {
        "x0": 460,
        "y0": 140,
        "x1": 501,
        "y1": 187,
        "w": 41,
        "h": 47
    },
    "frame_size": {
        "h": 1080,
        "w": 1920
    },
    "head_pose_angle_6drepnet360": {
        "yaw": -3.235363721847534,
        "pitch": -4.612668991088867,
        "roll": -0.500722348690033
    }
}