{
    "video_name": "czz2023101603",
    "frame_id": 59296,
    "head_bbox": {
        "x0": 431,
        "y0": 145,
        "x1": 473,
        "y1": 199,
        "w": 42,
        "h": 54
    },
    "frame_size": {
        "h": 1080,
        "w": 1920
    },
    "head_pose_angle_6drepnet360": {
        "yaw": 3.1771464347839355,
        "pitch": -14.755491256713867,
        "roll": -12.205182075500488
    }
}