{
    "video_name": "czz2023101603",
    "frame_id": 59491,
    "head_bbox": {
        "x0": 627,
        "y0": 141,
        "x1": 667,
        "y1": 187,
        "w": 40,
        "h": 46
    },
    "frame_size": {
        "h": 1080,
        "w": 1920
    },
    "head_pose_angle_6drepnet360": {
        "yaw": 4.892175674438477,
        "pitch": -2.9575088024139404,
        "roll": 1.2582846879959106
    }
}