{
    "video_name": "czz2023101603",
    "frame_id": 59611,
    "head_bbox": {
        "x0": 642,
        "y0": 147,
        "x1": 684,
        "y1": 199,
        "w": 42,
        "h": 52
    },
    "frame_size": {
        "h": 1080,
        "w": 1920
    },
    "head_pose_angle_6drepnet360": {
        "yaw": 21.651355743408203,
        "pitch": -6.498315811157227,
        "roll": -6.170421600341797
    }
}