{
    "video_name": "czz2023101603",
    "frame_id": 59626,
    "head_bbox": {
        "x0": 628,
        "y0": 149,
        "x1": 668,
        "y1": 196,
        "w": 40,
        "h": 47
    },
    "frame_size": {
        "h": 1080,
        "w": 1920
    },
    "head_pose_angle_6drepnet360": {
        "yaw": 12.731640815734863,
        "pitch": -4.2607622146606445,
        "roll": -5.234848499298096
    }
}