{
    "video_name": "czz2023101603",
    "frame_id": 59701,
    "head_bbox": {
        "x0": 640,
        "y0": 155,
        "x1": 679,
        "y1": 203,
        "w": 39,
        "h": 48
    },
    "frame_size": {
        "h": 1080,
        "w": 1920
    },
    "head_pose_angle_6drepnet360": {
        "yaw": 1.1429780721664429,
        "pitch": -4.459166049957275,
        "roll": 5.946845054626465
    }
}