{
    "video_name": "czz2023101603",
    "frame_id": 5986,
    "head_bbox": {
        "x0": 859,
        "y0": 162,
        "x1": 898,
        "y1": 218,
        "w": 39,
        "h": 56
    },
    "frame_size": {
        "h": 1080,
        "w": 1920
    },
    "head_pose_angle_6drepnet360": {
        "yaw": 8.863700866699219,
        "pitch": -13.170926094055176,
        "roll": -0.20107240974903107
    }
}