{
    "video_name": "czz2023101603",
    "frame_id": 6001,
    "head_bbox": {
        "x0": 856,
        "y0": 161,
        "x1": 894,
        "y1": 214,
        "w": 38,
        "h": 53
    },
    "frame_size": {
        "h": 1080,
        "w": 1920
    },
    "head_pose_angle_6drepnet360": {
        "yaw": 15.239428520202637,
        "pitch": -9.757018089294434,
        "roll": -2.1891915798187256
    }
}