{
    "video_name": "czz2023101603",
    "frame_id": 60076,
    "head_bbox": {
        "x0": 434,
        "y0": 143,
        "x1": 476,
        "y1": 196,
        "w": 42,
        "h": 53
    },
    "frame_size": {
        "h": 1080,
        "w": 1920
    },
    "head_pose_angle_6drepnet360": {
        "yaw": 2.579075336456299,
        "pitch": -14.411968231201172,
        "roll": -9.144098281860352
    }
}