{
    "video_name": "czz2023101603",
    "frame_id": 60091,
    "head_bbox": {
        "x0": 435,
        "y0": 146,
        "x1": 474,
        "y1": 197,
        "w": 39,
        "h": 51
    },
    "frame_size": {
        "h": 1080,
        "w": 1920
    },
    "head_pose_angle_6drepnet360": {
        "yaw": 1.87880277633667,
        "pitch": -17.913681030273438,
        "roll": -9.805648803710938
    }
}