{
    "video_name": "czz2023101603",
    "frame_id": 60151,
    "head_bbox": {
        "x0": 432,
        "y0": 148,
        "x1": 473,
        "y1": 197,
        "w": 41,
        "h": 49
    },
    "frame_size": {
        "h": 1080,
        "w": 1920
    },
    "head_pose_angle_6drepnet360": {
        "yaw": 2.54331374168396,
        "pitch": -13.801796913146973,
        "roll": -12.124407768249512
    }
}