{
    "video_name": "czz2023101603",
    "frame_id": 60181,
    "head_bbox": {
        "x0": 433,
        "y0": 149,
        "x1": 473,
        "y1": 196,
        "w": 40,
        "h": 47
    },
    "frame_size": {
        "h": 1080,
        "w": 1920
    },
    "head_pose_angle_6drepnet360": {
        "yaw": 2.4485833644866943,
        "pitch": -12.253613471984863,
        "roll": -14.070658683776855
    }
}