{
    "video_name": "czz2023101603",
    "frame_id": 60196,
    "head_bbox": {
        "x0": 433,
        "y0": 150,
        "x1": 472,
        "y1": 196,
        "w": 39,
        "h": 46
    },
    "frame_size": {
        "h": 1080,
        "w": 1920
    },
    "head_pose_angle_6drepnet360": {
        "yaw": 2.8297410011291504,
        "pitch": -14.204891204833984,
        "roll": -13.425880432128906
    }
}