{
    "video_name": "czz2023101603",
    "frame_id": 60391,
    "head_bbox": {
        "x0": 616,
        "y0": 148,
        "x1": 657,
        "y1": 199,
        "w": 41,
        "h": 51
    },
    "frame_size": {
        "h": 1080,
        "w": 1920
    },
    "head_pose_angle_6drepnet360": {
        "yaw": 23.740022659301758,
        "pitch": -10.107728004455566,
        "roll": 2.0804781913757324
    }
}