{
    "video_name": "czz2023101603",
    "frame_id": 6046,
    "head_bbox": {
        "x0": 873,
        "y0": 169,
        "x1": 915,
        "y1": 226,
        "w": 42,
        "h": 57
    },
    "frame_size": {
        "h": 1080,
        "w": 1920
    },
    "head_pose_angle_6drepnet360": {
        "yaw": 42.58442687988281,
        "pitch": -20.967836380004883,
        "roll": -6.9778666496276855
    }
}