{
    "video_name": "czz2023101603",
    "frame_id": 60556,
    "head_bbox": {
        "x0": 430,
        "y0": 152,
        "x1": 472,
        "y1": 202,
        "w": 42,
        "h": 50
    },
    "frame_size": {
        "h": 1080,
        "w": 1920
    },
    "head_pose_angle_6drepnet360": {
        "yaw": 0.8587413430213928,
        "pitch": -18.902217864990234,
        "roll": -8.830920219421387
    }
}