{
    "video_name": "czz2023101603",
    "frame_id": 60871,
    "head_bbox": {
        "x0": 427,
        "y0": 149,
        "x1": 469,
        "y1": 202,
        "w": 42,
        "h": 53
    },
    "frame_size": {
        "h": 1080,
        "w": 1920
    },
    "head_pose_angle_6drepnet360": {
        "yaw": 1.6186223030090332,
        "pitch": -20.08012580871582,
        "roll": -11.616841316223145
    }
}