{
    "video_name": "czz2023101603",
    "frame_id": 61036,
    "head_bbox": {
        "x0": 433,
        "y0": 152,
        "x1": 472,
        "y1": 203,
        "w": 39,
        "h": 51
    },
    "frame_size": {
        "h": 1080,
        "w": 1920
    },
    "head_pose_angle_6drepnet360": {
        "yaw": 3.248178005218506,
        "pitch": -17.16811180114746,
        "roll": -9.218031883239746
    }
}