{
    "video_name": "czz2023101603",
    "frame_id": 61051,
    "head_bbox": {
        "x0": 433,
        "y0": 161,
        "x1": 475,
        "y1": 206,
        "w": 42,
        "h": 45
    },
    "frame_size": {
        "h": 1080,
        "w": 1920
    },
    "head_pose_angle_6drepnet360": {
        "yaw": -0.49850910902023315,
        "pitch": -19.614139556884766,
        "roll": -9.911049842834473
    }
}