{
    "video_name": "czz2023101603",
    "frame_id": 61276,
    "head_bbox": {
        "x0": 433,
        "y0": 154,
        "x1": 475,
        "y1": 208,
        "w": 42,
        "h": 54
    },
    "frame_size": {
        "h": 1080,
        "w": 1920
    },
    "head_pose_angle_6drepnet360": {
        "yaw": -2.761129856109619,
        "pitch": -18.73709487915039,
        "roll": -10.297800064086914
    }
}