{
    "video_name": "czz2023101603",
    "frame_id": 61711,
    "head_bbox": {
        "x0": 568,
        "y0": 146,
        "x1": 606,
        "y1": 195,
        "w": 38,
        "h": 49
    },
    "frame_size": {
        "h": 1080,
        "w": 1920
    },
    "head_pose_angle_6drepnet360": {
        "yaw": -0.1472759246826172,
        "pitch": -7.055268287658691,
        "roll": -1.4901978969573975
    }
}