{
    "video_name": "czz2023101603",
    "frame_id": 61726,
    "head_bbox": {
        "x0": 570,
        "y0": 147,
        "x1": 609,
        "y1": 197,
        "w": 39,
        "h": 50
    },
    "frame_size": {
        "h": 1080,
        "w": 1920
    },
    "head_pose_angle_6drepnet360": {
        "yaw": -3.7934961318969727,
        "pitch": -6.754476547241211,
        "roll": 0.3389977216720581
    }
}