{
    "video_name": "czz2023101603",
    "frame_id": 61801,
    "head_bbox": {
        "x0": 487,
        "y0": 142,
        "x1": 528,
        "y1": 192,
        "w": 41,
        "h": 50
    },
    "frame_size": {
        "h": 1080,
        "w": 1920
    },
    "head_pose_angle_6drepnet360": {
        "yaw": 18.409626007080078,
        "pitch": -21.778156280517578,
        "roll": -10.606305122375488
    }
}