{
    "video_name": "czz2023101603",
    "frame_id": 61876,
    "head_bbox": {
        "x0": 437,
        "y0": 150,
        "x1": 478,
        "y1": 199,
        "w": 41,
        "h": 49
    },
    "frame_size": {
        "h": 1080,
        "w": 1920
    },
    "head_pose_angle_6drepnet360": {
        "yaw": 2.543321371078491,
        "pitch": -13.443109512329102,
        "roll": -11.591568946838379
    }
}