{
    "video_name": "czz2023101603",
    "frame_id": 61951,
    "head_bbox": {
        "x0": 428,
        "y0": 154,
        "x1": 470,
        "y1": 200,
        "w": 42,
        "h": 46
    },
    "frame_size": {
        "h": 1080,
        "w": 1920
    },
    "head_pose_angle_6drepnet360": {
        "yaw": 3.484243392944336,
        "pitch": -16.9827880859375,
        "roll": -13.40868091583252
    }
}