{
    "video_name": "czz2023101603",
    "frame_id": 62101,
    "head_bbox": {
        "x0": 428,
        "y0": 155,
        "x1": 471,
        "y1": 202,
        "w": 43,
        "h": 47
    },
    "frame_size": {
        "h": 1080,
        "w": 1920
    },
    "head_pose_angle_6drepnet360": {
        "yaw": -0.22613584995269775,
        "pitch": -16.359844207763672,
        "roll": -12.698955535888672
    }
}