{
    "video_name": "czz2023101603",
    "frame_id": 62161,
    "head_bbox": {
        "x0": 432,
        "y0": 149,
        "x1": 473,
        "y1": 203,
        "w": 41,
        "h": 54
    },
    "frame_size": {
        "h": 1080,
        "w": 1920
    },
    "head_pose_angle_6drepnet360": {
        "yaw": 1.2430139780044556,
        "pitch": -14.84647274017334,
        "roll": -6.500889301300049
    }
}