{
    "video_name": "czz2023101603",
    "frame_id": 62191,
    "head_bbox": {
        "x0": 431,
        "y0": 150,
        "x1": 473,
        "y1": 202,
        "w": 42,
        "h": 52
    },
    "frame_size": {
        "h": 1080,
        "w": 1920
    },
    "head_pose_angle_6drepnet360": {
        "yaw": 2.9852380752563477,
        "pitch": -14.718822479248047,
        "roll": -9.35610580444336
    }
}