{
    "video_name": "czz2023101603",
    "frame_id": 62236,
    "head_bbox": {
        "x0": 430,
        "y0": 152,
        "x1": 472,
        "y1": 201,
        "w": 42,
        "h": 49
    },
    "frame_size": {
        "h": 1080,
        "w": 1920
    },
    "head_pose_angle_6drepnet360": {
        "yaw": 1.373469352722168,
        "pitch": -14.152177810668945,
        "roll": -8.96126937866211
    }
}