{
    "video_name": "czz2023101603",
    "frame_id": 62551,
    "head_bbox": {
        "x0": 431,
        "y0": 149,
        "x1": 473,
        "y1": 204,
        "w": 42,
        "h": 55
    },
    "frame_size": {
        "h": 1080,
        "w": 1920
    },
    "head_pose_angle_6drepnet360": {
        "yaw": 1.6660135984420776,
        "pitch": -18.727357864379883,
        "roll": -8.483874320983887
    }
}