{
    "video_name": "czz2023101603",
    "frame_id": 62686,
    "head_bbox": {
        "x0": 430,
        "y0": 149,
        "x1": 473,
        "y1": 201,
        "w": 43,
        "h": 52
    },
    "frame_size": {
        "h": 1080,
        "w": 1920
    },
    "head_pose_angle_6drepnet360": {
        "yaw": 3.8130998611450195,
        "pitch": -14.96431827545166,
        "roll": -8.201212882995605
    }
}