{
    "video_name": "czz2023101603",
    "frame_id": 62851,
    "head_bbox": {
        "x0": 433,
        "y0": 154,
        "x1": 474,
        "y1": 208,
        "w": 41,
        "h": 54
    },
    "frame_size": {
        "h": 1080,
        "w": 1920
    },
    "head_pose_angle_6drepnet360": {
        "yaw": 0.29913291335105896,
        "pitch": -22.80323028564453,
        "roll": -6.453882694244385
    }
}