{
    "video_name": "czz2023101603",
    "frame_id": 62881,
    "head_bbox": {
        "x0": 433,
        "y0": 153,
        "x1": 474,
        "y1": 206,
        "w": 41,
        "h": 53
    },
    "frame_size": {
        "h": 1080,
        "w": 1920
    },
    "head_pose_angle_6drepnet360": {
        "yaw": 0.4385709762573242,
        "pitch": -19.046024322509766,
        "roll": -7.120760917663574
    }
}