{
    "video_name": "czz2023101603",
    "frame_id": 62896,
    "head_bbox": {
        "x0": 434,
        "y0": 155,
        "x1": 474,
        "y1": 206,
        "w": 40,
        "h": 51
    },
    "frame_size": {
        "h": 1080,
        "w": 1920
    },
    "head_pose_angle_6drepnet360": {
        "yaw": 1.46886146068573,
        "pitch": -17.633193969726562,
        "roll": -7.364933013916016
    }
}