{
    "video_name": "czz2023101603",
    "frame_id": 62971,
    "head_bbox": {
        "x0": 438,
        "y0": 146,
        "x1": 478,
        "y1": 190,
        "w": 40,
        "h": 44
    },
    "frame_size": {
        "h": 1080,
        "w": 1920
    },
    "head_pose_angle_6drepnet360": {
        "yaw": -10.82369613647461,
        "pitch": -2.40372371673584,
        "roll": -1.1769726276397705
    }
}