{
    "video_name": "czz2023101603",
    "frame_id": 63076,
    "head_bbox": {
        "x0": 436,
        "y0": 150,
        "x1": 476,
        "y1": 200,
        "w": 40,
        "h": 50
    },
    "frame_size": {
        "h": 1080,
        "w": 1920
    },
    "head_pose_angle_6drepnet360": {
        "yaw": 4.666679382324219,
        "pitch": -15.108942031860352,
        "roll": -7.437748432159424
    }
}