{
    "video_name": "czz2023101603",
    "frame_id": 63196,
    "head_bbox": {
        "x0": 434,
        "y0": 149,
        "x1": 476,
        "y1": 202,
        "w": 42,
        "h": 53
    },
    "frame_size": {
        "h": 1080,
        "w": 1920
    },
    "head_pose_angle_6drepnet360": {
        "yaw": 4.674743175506592,
        "pitch": -17.8773193359375,
        "roll": -6.70210075378418
    }
}