{
    "video_name": "czz2023101603",
    "frame_id": 63436,
    "head_bbox": {
        "x0": 434,
        "y0": 150,
        "x1": 476,
        "y1": 202,
        "w": 42,
        "h": 52
    },
    "frame_size": {
        "h": 1080,
        "w": 1920
    },
    "head_pose_angle_6drepnet360": {
        "yaw": 2.853623867034912,
        "pitch": -16.34300422668457,
        "roll": -4.254947185516357
    }
}