{
    "video_name": "czz2023101603",
    "frame_id": 63496,
    "head_bbox": {
        "x0": 438,
        "y0": 148,
        "x1": 479,
        "y1": 203,
        "w": 41,
        "h": 55
    },
    "frame_size": {
        "h": 1080,
        "w": 1920
    },
    "head_pose_angle_6drepnet360": {
        "yaw": 7.567984104156494,
        "pitch": -26.871240615844727,
        "roll": -10.205491065979004
    }
}