{
    "video_name": "czz2023101603",
    "frame_id": 63706,
    "head_bbox": {
        "x0": 438,
        "y0": 152,
        "x1": 480,
        "y1": 204,
        "w": 42,
        "h": 52
    },
    "frame_size": {
        "h": 1080,
        "w": 1920
    },
    "head_pose_angle_6drepnet360": {
        "yaw": 3.673112630844116,
        "pitch": -19.54962158203125,
        "roll": -6.564979553222656
    }
}