{
    "video_name": "czz2023101603",
    "frame_id": 63736,
    "head_bbox": {
        "x0": 439,
        "y0": 150,
        "x1": 479,
        "y1": 202,
        "w": 40,
        "h": 52
    },
    "frame_size": {
        "h": 1080,
        "w": 1920
    },
    "head_pose_angle_6drepnet360": {
        "yaw": 1.8289450407028198,
        "pitch": -16.496910095214844,
        "roll": -4.139725685119629
    }
}