{
    "video_name": "czz2023101603",
    "frame_id": 63781,
    "head_bbox": {
        "x0": 438,
        "y0": 150,
        "x1": 478,
        "y1": 202,
        "w": 40,
        "h": 52
    },
    "frame_size": {
        "h": 1080,
        "w": 1920
    },
    "head_pose_angle_6drepnet360": {
        "yaw": 6.376852035522461,
        "pitch": -18.45496368408203,
        "roll": -8.38528060913086
    }
}