{
    "video_name": "czz2023101603",
    "frame_id": 63871,
    "head_bbox": {
        "x0": 435,
        "y0": 173,
        "x1": 475,
        "y1": 214,
        "w": 40,
        "h": 41
    },
    "frame_size": {
        "h": 1080,
        "w": 1920
    },
    "head_pose_angle_6drepnet360": {
        "yaw": 4.553520679473877,
        "pitch": -22.37384033203125,
        "roll": -8.412930488586426
    }
}