{
    "video_name": "czz2023101603",
    "frame_id": 63961,
    "head_bbox": {
        "x0": 434,
        "y0": 159,
        "x1": 475,
        "y1": 211,
        "w": 41,
        "h": 52
    },
    "frame_size": {
        "h": 1080,
        "w": 1920
    },
    "head_pose_angle_6drepnet360": {
        "yaw": 2.9012482166290283,
        "pitch": -22.205028533935547,
        "roll": -5.6905717849731445
    }
}