{
    "video_name": "czz2023101603",
    "frame_id": 64096,
    "head_bbox": {
        "x0": 434,
        "y0": 156,
        "x1": 474,
        "y1": 207,
        "w": 40,
        "h": 51
    },
    "frame_size": {
        "h": 1080,
        "w": 1920
    },
    "head_pose_angle_6drepnet360": {
        "yaw": 2.105595350265503,
        "pitch": -15.981359481811523,
        "roll": -8.311827659606934
    }
}