{
    "video_name": "czz2023101603",
    "frame_id": 64111,
    "head_bbox": {
        "x0": 434,
        "y0": 155,
        "x1": 475,
        "y1": 205,
        "w": 41,
        "h": 50
    },
    "frame_size": {
        "h": 1080,
        "w": 1920
    },
    "head_pose_angle_6drepnet360": {
        "yaw": 0.1383906900882721,
        "pitch": -17.1187744140625,
        "roll": -7.535295486450195
    }
}