{
    "video_name": "czz2023101603",
    "frame_id": 64156,
    "head_bbox": {
        "x0": 434,
        "y0": 156,
        "x1": 475,
        "y1": 207,
        "w": 41,
        "h": 51
    },
    "frame_size": {
        "h": 1080,
        "w": 1920
    },
    "head_pose_angle_6drepnet360": {
        "yaw": 1.9377081394195557,
        "pitch": -19.882781982421875,
        "roll": -7.035235404968262
    }
}