{
    "video_name": "czz2023101603",
    "frame_id": 64651,
    "head_bbox": {
        "x0": 666,
        "y0": 153,
        "x1": 706,
        "y1": 203,
        "w": 40,
        "h": 50
    },
    "frame_size": {
        "h": 1080,
        "w": 1920
    },
    "head_pose_angle_6drepnet360": {
        "yaw": 4.919969081878662,
        "pitch": -5.754624366760254,
        "roll": -4.977989673614502
    }
}