{
    "video_name": "czz2023101603",
    "frame_id": 64786,
    "head_bbox": {
        "x0": 680,
        "y0": 170,
        "x1": 725,
        "y1": 218,
        "w": 45,
        "h": 48
    },
    "frame_size": {
        "h": 1080,
        "w": 1920
    },
    "head_pose_angle_6drepnet360": {
        "yaw": -33.13028335571289,
        "pitch": -9.991395950317383,
        "roll": 15.799286842346191
    }
}