{
    "video_name": "czz2023101603",
    "frame_id": 64906,
    "head_bbox": {
        "x0": 681,
        "y0": 163,
        "x1": 723,
        "y1": 212,
        "w": 42,
        "h": 49
    },
    "frame_size": {
        "h": 1080,
        "w": 1920
    },
    "head_pose_angle_6drepnet360": {
        "yaw": 0.7969738245010376,
        "pitch": -8.142699241638184,
        "roll": 2.9438490867614746
    }
}