{
    "video_name": "czz2023101603",
    "frame_id": 6511,
    "head_bbox": {
        "x0": 714,
        "y0": 156,
        "x1": 751,
        "y1": 202,
        "w": 37,
        "h": 46
    },
    "frame_size": {
        "h": 1080,
        "w": 1920
    },
    "head_pose_angle_6drepnet360": {
        "yaw": -6.6670451164245605,
        "pitch": -9.051519393920898,
        "roll": -0.8645537495613098
    }
}