{
    "video_name": "czz2023101603",
    "frame_id": 65221,
    "head_bbox": {
        "x0": 739,
        "y0": 157,
        "x1": 779,
        "y1": 203,
        "w": 40,
        "h": 46
    },
    "frame_size": {
        "h": 1080,
        "w": 1920
    },
    "head_pose_angle_6drepnet360": {
        "yaw": -4.323078632354736,
        "pitch": -9.778904914855957,
        "roll": -18.927490234375
    }
}