{
    "video_name": "czz2023101603",
    "frame_id": 65341,
    "head_bbox": {
        "x0": 674,
        "y0": 162,
        "x1": 713,
        "y1": 209,
        "w": 39,
        "h": 47
    },
    "frame_size": {
        "h": 1080,
        "w": 1920
    },
    "head_pose_angle_6drepnet360": {
        "yaw": 6.705093860626221,
        "pitch": -13.279159545898438,
        "roll": -1.9850794076919556
    }
}