{
    "video_name": "czz2023101603",
    "frame_id": 65461,
    "head_bbox": {
        "x0": 647,
        "y0": 140,
        "x1": 685,
        "y1": 188,
        "w": 38,
        "h": 48
    },
    "frame_size": {
        "h": 1080,
        "w": 1920
    },
    "head_pose_angle_6drepnet360": {
        "yaw": 2.7079646587371826,
        "pitch": -9.953010559082031,
        "roll": -0.7873595952987671
    }
}