{
    "video_name": "czz2023101603",
    "frame_id": 65521,
    "head_bbox": {
        "x0": 637,
        "y0": 148,
        "x1": 677,
        "y1": 197,
        "w": 40,
        "h": 49
    },
    "frame_size": {
        "h": 1080,
        "w": 1920
    },
    "head_pose_angle_6drepnet360": {
        "yaw": -3.143770217895508,
        "pitch": -9.265782356262207,
        "roll": 1.800107717514038
    }
}