{
    "video_name": "czz2023101603",
    "frame_id": 6571,
    "head_bbox": {
        "x0": 783,
        "y0": 161,
        "x1": 823,
        "y1": 217,
        "w": 40,
        "h": 56
    },
    "frame_size": {
        "h": 1080,
        "w": 1920
    },
    "head_pose_angle_6drepnet360": {
        "yaw": 26.04157829284668,
        "pitch": -17.02313804626465,
        "roll": -8.47874641418457
    }
}