{
    "video_name": "czz2023101603",
    "frame_id": 65836,
    "head_bbox": {
        "x0": 599,
        "y0": 155,
        "x1": 644,
        "y1": 211,
        "w": 45,
        "h": 56
    },
    "frame_size": {
        "h": 1080,
        "w": 1920
    },
    "head_pose_angle_6drepnet360": {
        "yaw": 28.731483459472656,
        "pitch": -19.024417877197266,
        "roll": -21.488536834716797
    }
}