{
    "video_name": "czz2023101603",
    "frame_id": 6586,
    "head_bbox": {
        "x0": 807,
        "y0": 165,
        "x1": 848,
        "y1": 222,
        "w": 41,
        "h": 57
    },
    "frame_size": {
        "h": 1080,
        "w": 1920
    },
    "head_pose_angle_6drepnet360": {
        "yaw": 21.42831039428711,
        "pitch": -21.06809425354004,
        "roll": 2.697904586791992
    }
}