{
    "video_name": "czz2023101603",
    "frame_id": 65986,
    "head_bbox": {
        "x0": 431,
        "y0": 159,
        "x1": 471,
        "y1": 202,
        "w": 40,
        "h": 43
    },
    "frame_size": {
        "h": 1080,
        "w": 1920
    },
    "head_pose_angle_6drepnet360": {
        "yaw": -1.0844030380249023,
        "pitch": -19.438207626342773,
        "roll": -10.974424362182617
    }
}