{
    "video_name": "czz2023101603",
    "frame_id": 66046,
    "head_bbox": {
        "x0": 434,
        "y0": 151,
        "x1": 476,
        "y1": 206,
        "w": 42,
        "h": 55
    },
    "frame_size": {
        "h": 1080,
        "w": 1920
    },
    "head_pose_angle_6drepnet360": {
        "yaw": -1.4945379495620728,
        "pitch": -18.945981979370117,
        "roll": -8.359477043151855
    }
}