{
    "video_name": "czz2023101603",
    "frame_id": 66181,
    "head_bbox": {
        "x0": 437,
        "y0": 151,
        "x1": 478,
        "y1": 205,
        "w": 41,
        "h": 54
    },
    "frame_size": {
        "h": 1080,
        "w": 1920
    },
    "head_pose_angle_6drepnet360": {
        "yaw": 2.822772979736328,
        "pitch": -18.63521385192871,
        "roll": -8.459172248840332
    }
}