{
    "video_name": "czz2023101603",
    "frame_id": 66256,
    "head_bbox": {
        "x0": 437,
        "y0": 153,
        "x1": 476,
        "y1": 204,
        "w": 39,
        "h": 51
    },
    "frame_size": {
        "h": 1080,
        "w": 1920
    },
    "head_pose_angle_6drepnet360": {
        "yaw": 3.0058228969573975,
        "pitch": -17.80446434020996,
        "roll": -7.4672722816467285
    }
}