{
    "video_name": "czz2023101603",
    "frame_id": 66286,
    "head_bbox": {
        "x0": 439,
        "y0": 151,
        "x1": 479,
        "y1": 204,
        "w": 40,
        "h": 53
    },
    "frame_size": {
        "h": 1080,
        "w": 1920
    },
    "head_pose_angle_6drepnet360": {
        "yaw": 5.177255630493164,
        "pitch": -26.06255340576172,
        "roll": -10.792449951171875
    }
}