{
    "video_name": "czz2023101603",
    "frame_id": 6631,
    "head_bbox": {
        "x0": 788,
        "y0": 161,
        "x1": 828,
        "y1": 214,
        "w": 40,
        "h": 53
    },
    "frame_size": {
        "h": 1080,
        "w": 1920
    },
    "head_pose_angle_6drepnet360": {
        "yaw": 21.663110733032227,
        "pitch": -12.531020164489746,
        "roll": 0.31848734617233276
    }
}