{
    "video_name": "czz2023101603",
    "frame_id": 66436,
    "head_bbox": {
        "x0": 436,
        "y0": 154,
        "x1": 477,
        "y1": 204,
        "w": 41,
        "h": 50
    },
    "frame_size": {
        "h": 1080,
        "w": 1920
    },
    "head_pose_angle_6drepnet360": {
        "yaw": -0.515846848487854,
        "pitch": -17.221012115478516,
        "roll": -8.91466999053955
    }
}