{
    "video_name": "czz2023101603",
    "frame_id": 66586,
    "head_bbox": {
        "x0": 437,
        "y0": 151,
        "x1": 478,
        "y1": 204,
        "w": 41,
        "h": 53
    },
    "frame_size": {
        "h": 1080,
        "w": 1920
    },
    "head_pose_angle_6drepnet360": {
        "yaw": 1.182026982307434,
        "pitch": -14.570062637329102,
        "roll": -7.964235782623291
    }
}