{
    "video_name": "czz2023101603",
    "frame_id": 66661,
    "head_bbox": {
        "x0": 435,
        "y0": 153,
        "x1": 477,
        "y1": 204,
        "w": 42,
        "h": 51
    },
    "frame_size": {
        "h": 1080,
        "w": 1920
    },
    "head_pose_angle_6drepnet360": {
        "yaw": 4.778207778930664,
        "pitch": -20.222206115722656,
        "roll": -13.706785202026367
    }
}