{
    "video_name": "czz2023101603",
    "frame_id": 66676,
    "head_bbox": {
        "x0": 435,
        "y0": 152,
        "x1": 477,
        "y1": 204,
        "w": 42,
        "h": 52
    },
    "frame_size": {
        "h": 1080,
        "w": 1920
    },
    "head_pose_angle_6drepnet360": {
        "yaw": 5.995695114135742,
        "pitch": -19.294294357299805,
        "roll": -13.15311050415039
    }
}