{
    "video_name": "czz2023101603",
    "frame_id": 66796,
    "head_bbox": {
        "x0": 444,
        "y0": 154,
        "x1": 485,
        "y1": 202,
        "w": 41,
        "h": 48
    },
    "frame_size": {
        "h": 1080,
        "w": 1920
    },
    "head_pose_angle_6drepnet360": {
        "yaw": 5.034731864929199,
        "pitch": -16.974821090698242,
        "roll": -10.89315414428711
    }
}