{
    "video_name": "czz2023101603",
    "frame_id": 66886,
    "head_bbox": {
        "x0": 441,
        "y0": 148,
        "x1": 484,
        "y1": 204,
        "w": 43,
        "h": 56
    },
    "frame_size": {
        "h": 1080,
        "w": 1920
    },
    "head_pose_angle_6drepnet360": {
        "yaw": 13.432353019714355,
        "pitch": -28.778759002685547,
        "roll": -13.828295707702637
    }
}