{
    "video_name": "czz2023101603",
    "frame_id": 67051,
    "head_bbox": {
        "x0": 435,
        "y0": 147,
        "x1": 475,
        "y1": 200,
        "w": 40,
        "h": 53
    },
    "frame_size": {
        "h": 1080,
        "w": 1920
    },
    "head_pose_angle_6drepnet360": {
        "yaw": -0.1892564743757248,
        "pitch": -13.217998504638672,
        "roll": -7.585616111755371
    }
}