{
    "video_name": "czz2023101603",
    "frame_id": 67801,
    "head_bbox": {
        "x0": 486,
        "y0": 142,
        "x1": 527,
        "y1": 187,
        "w": 41,
        "h": 45
    },
    "frame_size": {
        "h": 1080,
        "w": 1920
    },
    "head_pose_angle_6drepnet360": {
        "yaw": 10.128642082214355,
        "pitch": -13.000286102294922,
        "roll": -13.72905158996582
    }
}