{
    "video_name": "czz2023101603",
    "frame_id": 67921,
    "head_bbox": {
        "x0": 430,
        "y0": 152,
        "x1": 470,
        "y1": 200,
        "w": 40,
        "h": 48
    },
    "frame_size": {
        "h": 1080,
        "w": 1920
    },
    "head_pose_angle_6drepnet360": {
        "yaw": 1.4542176723480225,
        "pitch": -12.531717300415039,
        "roll": -6.183234691619873
    }
}