{
    "video_name": "czz2023101603",
    "frame_id": 67966,
    "head_bbox": {
        "x0": 428,
        "y0": 152,
        "x1": 470,
        "y1": 200,
        "w": 42,
        "h": 48
    },
    "frame_size": {
        "h": 1080,
        "w": 1920
    },
    "head_pose_angle_6drepnet360": {
        "yaw": 1.198817253112793,
        "pitch": -14.042500495910645,
        "roll": -7.265826225280762
    }
}