{
    "video_name": "czz2023101603",
    "frame_id": 6811,
    "head_bbox": {
        "x0": 799,
        "y0": 161,
        "x1": 839,
        "y1": 215,
        "w": 40,
        "h": 54
    },
    "frame_size": {
        "h": 1080,
        "w": 1920
    },
    "head_pose_angle_6drepnet360": {
        "yaw": -1.7457786798477173,
        "pitch": -11.083065032958984,
        "roll": 0.5318723320960999
    }
}