{
    "video_name": "czz2023101603",
    "frame_id": 68461,
    "head_bbox": {
        "x0": 624,
        "y0": 143,
        "x1": 663,
        "y1": 192,
        "w": 39,
        "h": 49
    },
    "frame_size": {
        "h": 1080,
        "w": 1920
    },
    "head_pose_angle_6drepnet360": {
        "yaw": 19.900888442993164,
        "pitch": -9.66498851776123,
        "roll": 0.018063165247440338
    }
}