{
    "video_name": "czz2023101603",
    "frame_id": 68506,
    "head_bbox": {
        "x0": 567,
        "y0": 146,
        "x1": 609,
        "y1": 194,
        "w": 42,
        "h": 48
    },
    "frame_size": {
        "h": 1080,
        "w": 1920
    },
    "head_pose_angle_6drepnet360": {
        "yaw": 7.476830959320068,
        "pitch": -8.851666450500488,
        "roll": -9.639548301696777
    }
}