{
    "video_name": "czz2023101603",
    "frame_id": 68761,
    "head_bbox": {
        "x0": 447,
        "y0": 152,
        "x1": 487,
        "y1": 204,
        "w": 40,
        "h": 52
    },
    "frame_size": {
        "h": 1080,
        "w": 1920
    },
    "head_pose_angle_6drepnet360": {
        "yaw": 3.4843993186950684,
        "pitch": -21.009204864501953,
        "roll": -13.123669624328613
    }
}