{
    "video_name": "czz2023101603",
    "frame_id": 69091,
    "head_bbox": {
        "x0": 599,
        "y0": 140,
        "x1": 638,
        "y1": 185,
        "w": 39,
        "h": 45
    },
    "frame_size": {
        "h": 1080,
        "w": 1920
    },
    "head_pose_angle_6drepnet360": {
        "yaw": 5.376513957977295,
        "pitch": -6.749321937561035,
        "roll": -10.533576011657715
    }
}