{
    "video_name": "czz2023101603",
    "frame_id": 6931,
    "head_bbox": {
        "x0": 795,
        "y0": 170,
        "x1": 842,
        "y1": 213,
        "w": 47,
        "h": 43
    },
    "frame_size": {
        "h": 1080,
        "w": 1920
    },
    "head_pose_angle_6drepnet360": {
        "yaw": 50.69828796386719,
        "pitch": 9.49695110321045,
        "roll": 23.58485984802246
    }
}