{
    "video_name": "czz2023101603",
    "frame_id": 69331,
    "head_bbox": {
        "x0": 641,
        "y0": 158,
        "x1": 682,
        "y1": 201,
        "w": 41,
        "h": 43
    },
    "frame_size": {
        "h": 1080,
        "w": 1920
    },
    "head_pose_angle_6drepnet360": {
        "yaw": 20.4161319732666,
        "pitch": 0.4880582392215729,
        "roll": -9.15962028503418
    }
}