{
    "video_name": "czz2023101603",
    "frame_id": 69346,
    "head_bbox": {
        "x0": 625,
        "y0": 155,
        "x1": 669,
        "y1": 208,
        "w": 44,
        "h": 53
    },
    "frame_size": {
        "h": 1080,
        "w": 1920
    },
    "head_pose_angle_6drepnet360": {
        "yaw": 36.278812408447266,
        "pitch": -19.12533950805664,
        "roll": -33.12936019897461
    }
}