{
    "video_name": "czz2023101603",
    "frame_id": 6946,
    "head_bbox": {
        "x0": 797,
        "y0": 163,
        "x1": 842,
        "y1": 219,
        "w": 45,
        "h": 56
    },
    "frame_size": {
        "h": 1080,
        "w": 1920
    },
    "head_pose_angle_6drepnet360": {
        "yaw": 29.817312240600586,
        "pitch": -16.994028091430664,
        "roll": 10.31227970123291
    }
}