{
    "video_name": "czz2023101603",
    "frame_id": 69601,
    "head_bbox": {
        "x0": 426,
        "y0": 148,
        "x1": 471,
        "y1": 198,
        "w": 45,
        "h": 50
    },
    "frame_size": {
        "h": 1080,
        "w": 1920
    },
    "head_pose_angle_6drepnet360": {
        "yaw": -12.354496955871582,
        "pitch": -3.3699092864990234,
        "roll": -12.571672439575195
    }
}