{
    "video_name": "czz2023101603",
    "frame_id": 69706,
    "head_bbox": {
        "x0": 433,
        "y0": 150,
        "x1": 476,
        "y1": 203,
        "w": 43,
        "h": 53
    },
    "frame_size": {
        "h": 1080,
        "w": 1920
    },
    "head_pose_angle_6drepnet360": {
        "yaw": 1.5656708478927612,
        "pitch": -16.339584350585938,
        "roll": -11.745530128479004
    }
}