{
    "video_name": "czz2023101603",
    "frame_id": 6976,
    "head_bbox": {
        "x0": 799,
        "y0": 163,
        "x1": 842,
        "y1": 218,
        "w": 43,
        "h": 55
    },
    "frame_size": {
        "h": 1080,
        "w": 1920
    },
    "head_pose_angle_6drepnet360": {
        "yaw": 36.14890670776367,
        "pitch": -15.850351333618164,
        "roll": 2.247795820236206
    }
}