{
    "video_name": "czz2023101603",
    "frame_id": 69886,
    "head_bbox": {
        "x0": 423,
        "y0": 165,
        "x1": 467,
        "y1": 217,
        "w": 44,
        "h": 52
    },
    "frame_size": {
        "h": 1080,
        "w": 1920
    },
    "head_pose_angle_6drepnet360": {
        "yaw": -1.3719708919525146,
        "pitch": -17.10361671447754,
        "roll": -11.815950393676758
    }
}