{
    "video_name": "czz2023101603",
    "frame_id": 70111,
    "head_bbox": {
        "x0": 567,
        "y0": 156,
        "x1": 616,
        "y1": 199,
        "w": 49,
        "h": 43
    },
    "frame_size": {
        "h": 1080,
        "w": 1920
    },
    "head_pose_angle_6drepnet360": {
        "yaw": -77.30911254882812,
        "pitch": 144.13706970214844,
        "roll": -159.83485412597656
    }
}