{
    "video_name": "czz2023101603",
    "frame_id": 7021,
    "head_bbox": {
        "x0": 800,
        "y0": 163,
        "x1": 841,
        "y1": 218,
        "w": 41,
        "h": 55
    },
    "frame_size": {
        "h": 1080,
        "w": 1920
    },
    "head_pose_angle_6drepnet360": {
        "yaw": 18.06072235107422,
        "pitch": -19.903629302978516,
        "roll": -0.08649071305990219
    }
}