{
    "video_name": "czz2023101603",
    "frame_id": 70351,
    "head_bbox": {
        "x0": 696,
        "y0": 151,
        "x1": 738,
        "y1": 203,
        "w": 42,
        "h": 52
    },
    "frame_size": {
        "h": 1080,
        "w": 1920
    },
    "head_pose_angle_6drepnet360": {
        "yaw": -37.54756164550781,
        "pitch": -13.230368614196777,
        "roll": 4.259659290313721
    }
}