{
    "video_name": "czz2023101603",
    "frame_id": 7036,
    "head_bbox": {
        "x0": 805,
        "y0": 160,
        "x1": 843,
        "y1": 216,
        "w": 38,
        "h": 56
    },
    "frame_size": {
        "h": 1080,
        "w": 1920
    },
    "head_pose_angle_6drepnet360": {
        "yaw": -1.105828046798706,
        "pitch": -12.220515251159668,
        "roll": 0.1504994034767151
    }
}