{
    "video_name": "czz2023101603",
    "frame_id": 70426,
    "head_bbox": {
        "x0": 611,
        "y0": 149,
        "x1": 660,
        "y1": 193,
        "w": 49,
        "h": 44
    },
    "frame_size": {
        "h": 1080,
        "w": 1920
    },
    "head_pose_angle_6drepnet360": {
        "yaw": -82.56027221679688,
        "pitch": -175.92225646972656,
        "roll": 174.37896728515625
    }
}