{
    "video_name": "czz2023101603",
    "frame_id": 70486,
    "head_bbox": {
        "x0": 662,
        "y0": 150,
        "x1": 708,
        "y1": 192,
        "w": 46,
        "h": 42
    },
    "frame_size": {
        "h": 1080,
        "w": 1920
    },
    "head_pose_angle_6drepnet360": {
        "yaw": -58.929710388183594,
        "pitch": 162.67379760742188,
        "roll": -174.87966918945312
    }
}