{
    "video_name": "czz2023101603",
    "frame_id": 706,
    "head_bbox": {
        "x0": 495,
        "y0": 159,
        "x1": 539,
        "y1": 219,
        "w": 44,
        "h": 60
    },
    "frame_size": {
        "h": 1080,
        "w": 1920
    },
    "head_pose_angle_6drepnet360": {
        "yaw": -6.522211074829102,
        "pitch": -42.41807556152344,
        "roll": -6.37232780456543
    }
}