{
    "video_name": "czz2023101603",
    "frame_id": 70621,
    "head_bbox": {
        "x0": 662,
        "y0": 153,
        "x1": 710,
        "y1": 198,
        "w": 48,
        "h": 45
    },
    "frame_size": {
        "h": 1080,
        "w": 1920
    },
    "head_pose_angle_6drepnet360": {
        "yaw": -62.83296203613281,
        "pitch": 155.8406524658203,
        "roll": -169.5589599609375
    }
}