{
    "video_name": "czz2023101603",
    "frame_id": 70801,
    "head_bbox": {
        "x0": 611,
        "y0": 154,
        "x1": 653,
        "y1": 204,
        "w": 42,
        "h": 50
    },
    "frame_size": {
        "h": 1080,
        "w": 1920
    },
    "head_pose_angle_6drepnet360": {
        "yaw": -2.001436948776245,
        "pitch": -18.936159133911133,
        "roll": -7.85084867477417
    }
}