{
    "video_name": "czz2023101603",
    "frame_id": 70906,
    "head_bbox": {
        "x0": 685,
        "y0": 152,
        "x1": 743,
        "y1": 199,
        "w": 58,
        "h": 47
    },
    "frame_size": {
        "h": 1080,
        "w": 1920
    },
    "head_pose_angle_6drepnet360": {
        "yaw": -50.23283004760742,
        "pitch": 173.94007873535156,
        "roll": 169.83514404296875
    }
}