{
    "video_name": "czz2023101603",
    "frame_id": 70966,
    "head_bbox": {
        "x0": 710,
        "y0": 145,
        "x1": 765,
        "y1": 190,
        "w": 55,
        "h": 45
    },
    "frame_size": {
        "h": 1080,
        "w": 1920
    },
    "head_pose_angle_6drepnet360": {
        "yaw": -67.03382110595703,
        "pitch": 171.60079956054688,
        "roll": -178.8933868408203
    }
}