{
    "video_name": "czz2023101603",
    "frame_id": 70981,
    "head_bbox": {
        "x0": 704,
        "y0": 149,
        "x1": 756,
        "y1": 196,
        "w": 52,
        "h": 47
    },
    "frame_size": {
        "h": 1080,
        "w": 1920
    },
    "head_pose_angle_6drepnet360": {
        "yaw": -57.983001708984375,
        "pitch": -177.42837524414062,
        "roll": 172.3809814453125
    }
}