{
    "video_name": "czz2023101603",
    "frame_id": 71161,
    "head_bbox": {
        "x0": 664,
        "y0": 146,
        "x1": 706,
        "y1": 198,
        "w": 42,
        "h": 52
    },
    "frame_size": {
        "h": 1080,
        "w": 1920
    },
    "head_pose_angle_6drepnet360": {
        "yaw": -24.663646697998047,
        "pitch": -21.120458602905273,
        "roll": 9.569062232971191
    }
}