{
    "video_name": "czz2023101603",
    "frame_id": 71206,
    "head_bbox": {
        "x0": 648,
        "y0": 158,
        "x1": 689,
        "y1": 209,
        "w": 41,
        "h": 51
    },
    "frame_size": {
        "h": 1080,
        "w": 1920
    },
    "head_pose_angle_6drepnet360": {
        "yaw": 2.8898041248321533,
        "pitch": -13.013808250427246,
        "roll": -4.138877868652344
    }
}