{
    "video_name": "czz2023101603",
    "frame_id": 71311,
    "head_bbox": {
        "x0": 626,
        "y0": 165,
        "x1": 670,
        "y1": 203,
        "w": 44,
        "h": 38
    },
    "frame_size": {
        "h": 1080,
        "w": 1920
    },
    "head_pose_angle_6drepnet360": {
        "yaw": -63.56211853027344,
        "pitch": -177.139892578125,
        "roll": 152.59530639648438
    }
}