{
    "video_name": "czz2023101603",
    "frame_id": 7156,
    "head_bbox": {
        "x0": 794,
        "y0": 156,
        "x1": 837,
        "y1": 203,
        "w": 43,
        "h": 47
    },
    "frame_size": {
        "h": 1080,
        "w": 1920
    },
    "head_pose_angle_6drepnet360": {
        "yaw": 54.019466400146484,
        "pitch": -0.8326393365859985,
        "roll": 2.6141531467437744
    }
}