{
    "video_name": "czz2023101603",
    "frame_id": 71611,
    "head_bbox": {
        "x0": 632,
        "y0": 155,
        "x1": 680,
        "y1": 204,
        "w": 48,
        "h": 49
    },
    "frame_size": {
        "h": 1080,
        "w": 1920
    },
    "head_pose_angle_6drepnet360": {
        "yaw": -80.72614288330078,
        "pitch": 175.43475341796875,
        "roll": 177.77554321289062
    }
}