{
    "video_name": "czz2023101603",
    "frame_id": 71626,
    "head_bbox": {
        "x0": 633,
        "y0": 154,
        "x1": 680,
        "y1": 203,
        "w": 47,
        "h": 49
    },
    "frame_size": {
        "h": 1080,
        "w": 1920
    },
    "head_pose_angle_6drepnet360": {
        "yaw": -81.29861450195312,
        "pitch": 155.7935333251953,
        "roll": -164.9879913330078
    }
}