{
    "video_name": "czz2023101603",
    "frame_id": 71641,
    "head_bbox": {
        "x0": 633,
        "y0": 154,
        "x1": 680,
        "y1": 203,
        "w": 47,
        "h": 49
    },
    "frame_size": {
        "h": 1080,
        "w": 1920
    },
    "head_pose_angle_6drepnet360": {
        "yaw": -86.30828857421875,
        "pitch": -32.85258865356445,
        "roll": 24.751367568969727
    }
}