{
    "video_name": "czz2023101603",
    "frame_id": 71881,
    "head_bbox": {
        "x0": 621,
        "y0": 165,
        "x1": 663,
        "y1": 217,
        "w": 42,
        "h": 52
    },
    "frame_size": {
        "h": 1080,
        "w": 1920
    },
    "head_pose_angle_6drepnet360": {
        "yaw": -9.174348831176758,
        "pitch": -20.939170837402344,
        "roll": 1.2303897142410278
    }
}