{
    "video_name": "czz2023101603",
    "frame_id": 72031,
    "head_bbox": {
        "x0": 633,
        "y0": 156,
        "x1": 676,
        "y1": 203,
        "w": 43,
        "h": 47
    },
    "frame_size": {
        "h": 1080,
        "w": 1920
    },
    "head_pose_angle_6drepnet360": {
        "yaw": 9.580787658691406,
        "pitch": 2.415646553039551,
        "roll": -15.283050537109375
    }
}