{
    "video_name": "czz2023101603",
    "frame_id": 72406,
    "head_bbox": {
        "x0": 682,
        "y0": 161,
        "x1": 725,
        "y1": 212,
        "w": 43,
        "h": 51
    },
    "frame_size": {
        "h": 1080,
        "w": 1920
    },
    "head_pose_angle_6drepnet360": {
        "yaw": 26.622779846191406,
        "pitch": -8.33159065246582,
        "roll": -5.84063196182251
    }
}