{
    "video_name": "czz2023101603",
    "frame_id": 72451,
    "head_bbox": {
        "x0": 673,
        "y0": 163,
        "x1": 716,
        "y1": 214,
        "w": 43,
        "h": 51
    },
    "frame_size": {
        "h": 1080,
        "w": 1920
    },
    "head_pose_angle_6drepnet360": {
        "yaw": 4.346940994262695,
        "pitch": -7.673150062561035,
        "roll": -10.920199394226074
    }
}