{
    "video_name": "czz2023101603",
    "frame_id": 72766,
    "head_bbox": {
        "x0": 711,
        "y0": 153,
        "x1": 764,
        "y1": 201,
        "w": 53,
        "h": 48
    },
    "frame_size": {
        "h": 1080,
        "w": 1920
    },
    "head_pose_angle_6drepnet360": {
        "yaw": -65.1825180053711,
        "pitch": 173.02169799804688,
        "roll": -177.79978942871094
    }
}