{
    "video_name": "czz2023101603",
    "frame_id": 72961,
    "head_bbox": {
        "x0": 670,
        "y0": 163,
        "x1": 712,
        "y1": 218,
        "w": 42,
        "h": 55
    },
    "frame_size": {
        "h": 1080,
        "w": 1920
    },
    "head_pose_angle_6drepnet360": {
        "yaw": 4.026020050048828,
        "pitch": -13.494709968566895,
        "roll": -2.857313632965088
    }
}