{
    "video_name": "czz2023101603",
    "frame_id": 73036,
    "head_bbox": {
        "x0": 667,
        "y0": 162,
        "x1": 710,
        "y1": 214,
        "w": 43,
        "h": 52
    },
    "frame_size": {
        "h": 1080,
        "w": 1920
    },
    "head_pose_angle_6drepnet360": {
        "yaw": 2.9676144123077393,
        "pitch": -10.3350191116333,
        "roll": -8.673748970031738
    }
}