{
    "video_name": "czz2023101603",
    "frame_id": 73111,
    "head_bbox": {
        "x0": 706,
        "y0": 156,
        "x1": 748,
        "y1": 209,
        "w": 42,
        "h": 53
    },
    "frame_size": {
        "h": 1080,
        "w": 1920
    },
    "head_pose_angle_6drepnet360": {
        "yaw": 23.45586395263672,
        "pitch": -3.393831968307495,
        "roll": 8.990890502929688
    }
}