{
    "video_name": "czz2023101603",
    "frame_id": 7321,
    "head_bbox": {
        "x0": 715,
        "y0": 167,
        "x1": 758,
        "y1": 218,
        "w": 43,
        "h": 51
    },
    "frame_size": {
        "h": 1080,
        "w": 1920
    },
    "head_pose_angle_6drepnet360": {
        "yaw": 41.16215896606445,
        "pitch": -20.399471282958984,
        "roll": -11.298373222351074
    }
}