{
    "video_name": "czz2023101603",
    "frame_id": 73231,
    "head_bbox": {
        "x0": 716,
        "y0": 159,
        "x1": 757,
        "y1": 206,
        "w": 41,
        "h": 47
    },
    "frame_size": {
        "h": 1080,
        "w": 1920
    },
    "head_pose_angle_6drepnet360": {
        "yaw": 29.605424880981445,
        "pitch": 1.3219528198242188,
        "roll": 4.992789268493652
    }
}