{
    "video_name": "czz2023101603",
    "frame_id": 73276,
    "head_bbox": {
        "x0": 733,
        "y0": 165,
        "x1": 775,
        "y1": 212,
        "w": 42,
        "h": 47
    },
    "frame_size": {
        "h": 1080,
        "w": 1920
    },
    "head_pose_angle_6drepnet360": {
        "yaw": 29.777284622192383,
        "pitch": -7.509231090545654,
        "roll": -1.2623317241668701
    }
}