{
    "video_name": "czz2023101603",
    "frame_id": 73441,
    "head_bbox": {
        "x0": 736,
        "y0": 162,
        "x1": 776,
        "y1": 212,
        "w": 40,
        "h": 50
    },
    "frame_size": {
        "h": 1080,
        "w": 1920
    },
    "head_pose_angle_6drepnet360": {
        "yaw": 15.991987228393555,
        "pitch": -3.8614344596862793,
        "roll": -1.42853581905365
    }
}