{
    "video_name": "czz2023101603",
    "frame_id": 73546,
    "head_bbox": {
        "x0": 731,
        "y0": 157,
        "x1": 775,
        "y1": 211,
        "w": 44,
        "h": 54
    },
    "frame_size": {
        "h": 1080,
        "w": 1920
    },
    "head_pose_angle_6drepnet360": {
        "yaw": 39.8586540222168,
        "pitch": -14.061036109924316,
        "roll": -7.769753456115723
    }
}