{
    "video_name": "czz2023101603",
    "frame_id": 73636,
    "head_bbox": {
        "x0": 661,
        "y0": 154,
        "x1": 701,
        "y1": 203,
        "w": 40,
        "h": 49
    },
    "frame_size": {
        "h": 1080,
        "w": 1920
    },
    "head_pose_angle_6drepnet360": {
        "yaw": -2.357081890106201,
        "pitch": -13.745513916015625,
        "roll": -11.305394172668457
    }
}