{
    "video_name": "czz2023101603",
    "frame_id": 73696,
    "head_bbox": {
        "x0": 645,
        "y0": 161,
        "x1": 687,
        "y1": 211,
        "w": 42,
        "h": 50
    },
    "frame_size": {
        "h": 1080,
        "w": 1920
    },
    "head_pose_angle_6drepnet360": {
        "yaw": -11.453644752502441,
        "pitch": -10.18750286102295,
        "roll": -7.368969440460205
    }
}