{
    "video_name": "czz2023101603",
    "frame_id": 73726,
    "head_bbox": {
        "x0": 650,
        "y0": 161,
        "x1": 693,
        "y1": 212,
        "w": 43,
        "h": 51
    },
    "frame_size": {
        "h": 1080,
        "w": 1920
    },
    "head_pose_angle_6drepnet360": {
        "yaw": -16.065698623657227,
        "pitch": -6.3952412605285645,
        "roll": -2.6936304569244385
    }
}