{
    "video_name": "czz2023101603",
    "frame_id": 73801,
    "head_bbox": {
        "x0": 662,
        "y0": 158,
        "x1": 704,
        "y1": 212,
        "w": 42,
        "h": 54
    },
    "frame_size": {
        "h": 1080,
        "w": 1920
    },
    "head_pose_angle_6drepnet360": {
        "yaw": 3.5465810298919678,
        "pitch": -10.989608764648438,
        "roll": -6.575702667236328
    }
}