{
    "video_name": "czz2023101603",
    "frame_id": 73831,
    "head_bbox": {
        "x0": 666,
        "y0": 158,
        "x1": 708,
        "y1": 208,
        "w": 42,
        "h": 50
    },
    "frame_size": {
        "h": 1080,
        "w": 1920
    },
    "head_pose_angle_6drepnet360": {
        "yaw": 3.8681411743164062,
        "pitch": -5.881272792816162,
        "roll": -1.7423372268676758
    }
}