{
    "video_name": "czz2023101603",
    "frame_id": 74191,
    "head_bbox": {
        "x0": 632,
        "y0": 158,
        "x1": 682,
        "y1": 210,
        "w": 50,
        "h": 52
    },
    "frame_size": {
        "h": 1080,
        "w": 1920
    },
    "head_pose_angle_6drepnet360": {
        "yaw": -82.62025451660156,
        "pitch": -106.8204345703125,
        "roll": 102.31169891357422
    }
}