{
    "video_name": "czz2023101603",
    "frame_id": 74206,
    "head_bbox": {
        "x0": 621,
        "y0": 157,
        "x1": 666,
        "y1": 206,
        "w": 45,
        "h": 49
    },
    "frame_size": {
        "h": 1080,
        "w": 1920
    },
    "head_pose_angle_6drepnet360": {
        "yaw": -70.92405700683594,
        "pitch": 173.76690673828125,
        "roll": 177.19908142089844
    }
}