{
    "video_name": "czz2023101603",
    "frame_id": 74221,
    "head_bbox": {
        "x0": 639,
        "y0": 150,
        "x1": 688,
        "y1": 200,
        "w": 49,
        "h": 50
    },
    "frame_size": {
        "h": 1080,
        "w": 1920
    },
    "head_pose_angle_6drepnet360": {
        "yaw": -65.39775085449219,
        "pitch": 166.82098388671875,
        "roll": -176.42837524414062
    }
}