{
    "video_name": "czz2023101603",
    "frame_id": 74446,
    "head_bbox": {
        "x0": 677,
        "y0": 160,
        "x1": 719,
        "y1": 208,
        "w": 42,
        "h": 48
    },
    "frame_size": {
        "h": 1080,
        "w": 1920
    },
    "head_pose_angle_6drepnet360": {
        "yaw": 6.970276355743408,
        "pitch": -3.0148494243621826,
        "roll": 7.612759590148926
    }
}