{
    "video_name": "czz2023101603",
    "frame_id": 74521,
    "head_bbox": {
        "x0": 652,
        "y0": 158,
        "x1": 693,
        "y1": 210,
        "w": 41,
        "h": 52
    },
    "frame_size": {
        "h": 1080,
        "w": 1920
    },
    "head_pose_angle_6drepnet360": {
        "yaw": 8.161430358886719,
        "pitch": -9.372513771057129,
        "roll": -2.764174222946167
    }
}