{
    "video_name": "czz2023101603",
    "frame_id": 74551,
    "head_bbox": {
        "x0": 660,
        "y0": 154,
        "x1": 701,
        "y1": 203,
        "w": 41,
        "h": 49
    },
    "frame_size": {
        "h": 1080,
        "w": 1920
    },
    "head_pose_angle_6drepnet360": {
        "yaw": 23.297447204589844,
        "pitch": -3.471353769302368,
        "roll": 2.323296308517456
    }
}