{
    "video_name": "czz2023101603",
    "frame_id": 74611,
    "head_bbox": {
        "x0": 622,
        "y0": 141,
        "x1": 660,
        "y1": 186,
        "w": 38,
        "h": 45
    },
    "frame_size": {
        "h": 1080,
        "w": 1920
    },
    "head_pose_angle_6drepnet360": {
        "yaw": 12.76531982421875,
        "pitch": -6.943565845489502,
        "roll": -7.028520584106445
    }
}