{
    "video_name": "czz2023101603",
    "frame_id": 7471,
    "head_bbox": {
        "x0": 621,
        "y0": 170,
        "x1": 664,
        "y1": 225,
        "w": 43,
        "h": 55
    },
    "frame_size": {
        "h": 1080,
        "w": 1920
    },
    "head_pose_angle_6drepnet360": {
        "yaw": 10.761617660522461,
        "pitch": -18.664684295654297,
        "roll": -1.8102946281433105
    }
}