{
    "video_name": "czz2023101603",
    "frame_id": 74761,
    "head_bbox": {
        "x0": 673,
        "y0": 158,
        "x1": 715,
        "y1": 206,
        "w": 42,
        "h": 48
    },
    "frame_size": {
        "h": 1080,
        "w": 1920
    },
    "head_pose_angle_6drepnet360": {
        "yaw": 21.777498245239258,
        "pitch": -2.11653733253479,
        "roll": 0.107475146651268
    }
}