{
    "video_name": "czz2023101603",
    "frame_id": 74866,
    "head_bbox": {
        "x0": 677,
        "y0": 169,
        "x1": 720,
        "y1": 216,
        "w": 43,
        "h": 47
    },
    "frame_size": {
        "h": 1080,
        "w": 1920
    },
    "head_pose_angle_6drepnet360": {
        "yaw": 20.528018951416016,
        "pitch": -10.473240852355957,
        "roll": 5.198581218719482
    }
}