{
    "video_name": "czz2023101603",
    "frame_id": 74881,
    "head_bbox": {
        "x0": 676,
        "y0": 162,
        "x1": 716,
        "y1": 214,
        "w": 40,
        "h": 52
    },
    "frame_size": {
        "h": 1080,
        "w": 1920
    },
    "head_pose_angle_6drepnet360": {
        "yaw": 19.246257781982422,
        "pitch": -6.505201816558838,
        "roll": 3.568020820617676
    }
}