{
    "video_name": "czz2023101603",
    "frame_id": 74956,
    "head_bbox": {
        "x0": 669,
        "y0": 158,
        "x1": 713,
        "y1": 213,
        "w": 44,
        "h": 55
    },
    "frame_size": {
        "h": 1080,
        "w": 1920
    },
    "head_pose_angle_6drepnet360": {
        "yaw": 42.578575134277344,
        "pitch": -3.499997615814209,
        "roll": 3.020033836364746
    }
}