{
    "video_name": "czz2023101603",
    "frame_id": 75001,
    "head_bbox": {
        "x0": 672,
        "y0": 158,
        "x1": 715,
        "y1": 213,
        "w": 43,
        "h": 55
    },
    "frame_size": {
        "h": 1080,
        "w": 1920
    },
    "head_pose_angle_6drepnet360": {
        "yaw": 32.403785705566406,
        "pitch": -10.728153228759766,
        "roll": -1.3078465461730957
    }
}