{
    "video_name": "czz2023101603",
    "frame_id": 75136,
    "head_bbox": {
        "x0": 698,
        "y0": 169,
        "x1": 739,
        "y1": 218,
        "w": 41,
        "h": 49
    },
    "frame_size": {
        "h": 1080,
        "w": 1920
    },
    "head_pose_angle_6drepnet360": {
        "yaw": 10.358075141906738,
        "pitch": -9.560298919677734,
        "roll": 13.029534339904785
    }
}