{
    "video_name": "czz2023101603",
    "frame_id": 7516,
    "head_bbox": {
        "x0": 633,
        "y0": 164,
        "x1": 677,
        "y1": 221,
        "w": 44,
        "h": 57
    },
    "frame_size": {
        "h": 1080,
        "w": 1920
    },
    "head_pose_angle_6drepnet360": {
        "yaw": 6.04932975769043,
        "pitch": -16.966299057006836,
        "roll": -3.5507993698120117
    }
}