{
    "video_name": "czz2023101603",
    "frame_id": 75406,
    "head_bbox": {
        "x0": 758,
        "y0": 160,
        "x1": 797,
        "y1": 210,
        "w": 39,
        "h": 50
    },
    "frame_size": {
        "h": 1080,
        "w": 1920
    },
    "head_pose_angle_6drepnet360": {
        "yaw": 19.351778030395508,
        "pitch": -13.059167861938477,
        "roll": -6.1123456954956055
    }
}