{
    "video_name": "czz2023101603",
    "frame_id": 75466,
    "head_bbox": {
        "x0": 759,
        "y0": 159,
        "x1": 799,
        "y1": 210,
        "w": 40,
        "h": 51
    },
    "frame_size": {
        "h": 1080,
        "w": 1920
    },
    "head_pose_angle_6drepnet360": {
        "yaw": 26.010038375854492,
        "pitch": -12.86257266998291,
        "roll": 1.6064410209655762
    }
}