{
    "video_name": "czz2023101603",
    "frame_id": 75571,
    "head_bbox": {
        "x0": 759,
        "y0": 160,
        "x1": 799,
        "y1": 215,
        "w": 40,
        "h": 55
    },
    "frame_size": {
        "h": 1080,
        "w": 1920
    },
    "head_pose_angle_6drepnet360": {
        "yaw": 13.530674934387207,
        "pitch": -13.243460655212402,
        "roll": -0.5652142763137817
    }
}