{
    "video_name": "czz2023101603",
    "frame_id": 75601,
    "head_bbox": {
        "x0": 741,
        "y0": 164,
        "x1": 784,
        "y1": 219,
        "w": 43,
        "h": 55
    },
    "frame_size": {
        "h": 1080,
        "w": 1920
    },
    "head_pose_angle_6drepnet360": {
        "yaw": 44.484004974365234,
        "pitch": -22.298095703125,
        "roll": -10.34902286529541
    }
}