{
    "video_name": "czz2023101603",
    "frame_id": 75676,
    "head_bbox": {
        "x0": 767,
        "y0": 159,
        "x1": 810,
        "y1": 216,
        "w": 43,
        "h": 57
    },
    "frame_size": {
        "h": 1080,
        "w": 1920
    },
    "head_pose_angle_6drepnet360": {
        "yaw": 30.767309188842773,
        "pitch": -22.105146408081055,
        "roll": 1.6281813383102417
    }
}