{
    "video_name": "czz2023101603",
    "frame_id": 7591,
    "head_bbox": {
        "x0": 766,
        "y0": 158,
        "x1": 806,
        "y1": 209,
        "w": 40,
        "h": 51
    },
    "frame_size": {
        "h": 1080,
        "w": 1920
    },
    "head_pose_angle_6drepnet360": {
        "yaw": -38.280845642089844,
        "pitch": -5.218181610107422,
        "roll": -4.7526702880859375
    }
}