{
    "video_name": "czz2023101603",
    "frame_id": 75961,
    "head_bbox": {
        "x0": 662,
        "y0": 154,
        "x1": 708,
        "y1": 197,
        "w": 46,
        "h": 43
    },
    "frame_size": {
        "h": 1080,
        "w": 1920
    },
    "head_pose_angle_6drepnet360": {
        "yaw": -43.851375579833984,
        "pitch": 157.7761993408203,
        "roll": -176.4373321533203
    }
}