{
    "video_name": "czz2023101603",
    "frame_id": 76021,
    "head_bbox": {
        "x0": 695,
        "y0": 146,
        "x1": 741,
        "y1": 192,
        "w": 46,
        "h": 46
    },
    "frame_size": {
        "h": 1080,
        "w": 1920
    },
    "head_pose_angle_6drepnet360": {
        "yaw": -61.93275451660156,
        "pitch": 167.26010131835938,
        "roll": 175.4302520751953
    }
}