{
    "video_name": "czz2023101603",
    "frame_id": 76186,
    "head_bbox": {
        "x0": 634,
        "y0": 161,
        "x1": 676,
        "y1": 209,
        "w": 42,
        "h": 48
    },
    "frame_size": {
        "h": 1080,
        "w": 1920
    },
    "head_pose_angle_6drepnet360": {
        "yaw": 9.101033210754395,
        "pitch": -17.542598724365234,
        "roll": -5.931975364685059
    }
}