{
    "video_name": "czz2023101603",
    "frame_id": 7621,
    "head_bbox": {
        "x0": 905,
        "y0": 158,
        "x1": 942,
        "y1": 209,
        "w": 37,
        "h": 51
    },
    "frame_size": {
        "h": 1080,
        "w": 1920
    },
    "head_pose_angle_6drepnet360": {
        "yaw": 4.868802547454834,
        "pitch": -9.990155220031738,
        "roll": 1.5209827423095703
    }
}