{
    "video_name": "czz2023101603",
    "frame_id": 76231,
    "head_bbox": {
        "x0": 612,
        "y0": 161,
        "x1": 656,
        "y1": 214,
        "w": 44,
        "h": 53
    },
    "frame_size": {
        "h": 1080,
        "w": 1920
    },
    "head_pose_angle_6drepnet360": {
        "yaw": -0.2825222313404083,
        "pitch": -11.605660438537598,
        "roll": -6.954041004180908
    }
}