{
    "video_name": "czz2023101603",
    "frame_id": 7651,
    "head_bbox": {
        "x0": 981,
        "y0": 169,
        "x1": 1019,
        "y1": 223,
        "w": 38,
        "h": 54
    },
    "frame_size": {
        "h": 1080,
        "w": 1920
    },
    "head_pose_angle_6drepnet360": {
        "yaw": 3.9614181518554688,
        "pitch": -12.493391990661621,
        "roll": -1.7573250532150269
    }
}