{
    "video_name": "czz2023101603",
    "frame_id": 76666,
    "head_bbox": {
        "x0": 620,
        "y0": 156,
        "x1": 663,
        "y1": 211,
        "w": 43,
        "h": 55
    },
    "frame_size": {
        "h": 1080,
        "w": 1920
    },
    "head_pose_angle_6drepnet360": {
        "yaw": 20.173412322998047,
        "pitch": -9.763453483581543,
        "roll": -6.5665974617004395
    }
}