{
    "video_name": "czz2023101603",
    "frame_id": 76921,
    "head_bbox": {
        "x0": 647,
        "y0": 148,
        "x1": 692,
        "y1": 192,
        "w": 45,
        "h": 44
    },
    "frame_size": {
        "h": 1080,
        "w": 1920
    },
    "head_pose_angle_6drepnet360": {
        "yaw": -68.57294464111328,
        "pitch": 151.59249877929688,
        "roll": -158.92498779296875
    }
}