{
    "video_name": "czz2023101603",
    "frame_id": 76936,
    "head_bbox": {
        "x0": 647,
        "y0": 144,
        "x1": 694,
        "y1": 192,
        "w": 47,
        "h": 48
    },
    "frame_size": {
        "h": 1080,
        "w": 1920
    },
    "head_pose_angle_6drepnet360": {
        "yaw": -67.11719512939453,
        "pitch": 150.46974182128906,
        "roll": -163.65545654296875
    }
}