{
    "video_name": "czz2023101603",
    "frame_id": 76996,
    "head_bbox": {
        "x0": 637,
        "y0": 146,
        "x1": 685,
        "y1": 194,
        "w": 48,
        "h": 48
    },
    "frame_size": {
        "h": 1080,
        "w": 1920
    },
    "head_pose_angle_6drepnet360": {
        "yaw": -66.25816345214844,
        "pitch": 160.25442504882812,
        "roll": -172.5327911376953
    }
}