{
    "video_name": "czz2023101603",
    "frame_id": 77161,
    "head_bbox": {
        "x0": 663,
        "y0": 142,
        "x1": 711,
        "y1": 189,
        "w": 48,
        "h": 47
    },
    "frame_size": {
        "h": 1080,
        "w": 1920
    },
    "head_pose_angle_6drepnet360": {
        "yaw": -82.27290344238281,
        "pitch": 123.33075714111328,
        "roll": -133.90792846679688
    }
}