{
    "video_name": "czz2023101603",
    "frame_id": 77431,
    "head_bbox": {
        "x0": 662,
        "y0": 158,
        "x1": 704,
        "y1": 210,
        "w": 42,
        "h": 52
    },
    "frame_size": {
        "h": 1080,
        "w": 1920
    },
    "head_pose_angle_6drepnet360": {
        "yaw": 6.007669448852539,
        "pitch": -8.094010353088379,
        "roll": -9.063082695007324
    }
}