{
    "video_name": "czz2023101603",
    "frame_id": 77596,
    "head_bbox": {
        "x0": 662,
        "y0": 158,
        "x1": 709,
        "y1": 209,
        "w": 47,
        "h": 51
    },
    "frame_size": {
        "h": 1080,
        "w": 1920
    },
    "head_pose_angle_6drepnet360": {
        "yaw": -81.02275085449219,
        "pitch": -167.5919952392578,
        "roll": 161.35765075683594
    }
}