{
    "video_name": "czz2023101603",
    "frame_id": 77686,
    "head_bbox": {
        "x0": 668,
        "y0": 148,
        "x1": 713,
        "y1": 196,
        "w": 45,
        "h": 48
    },
    "frame_size": {
        "h": 1080,
        "w": 1920
    },
    "head_pose_angle_6drepnet360": {
        "yaw": -67.40538787841797,
        "pitch": 171.45130920410156,
        "roll": 174.86917114257812
    }
}