{
    "video_name": "czz2023101603",
    "frame_id": 7771,
    "head_bbox": {
        "x0": 992,
        "y0": 206,
        "x1": 1042,
        "y1": 273,
        "w": 50,
        "h": 67
    },
    "frame_size": {
        "h": 1080,
        "w": 1920
    },
    "head_pose_angle_6drepnet360": {
        "yaw": 21.24159049987793,
        "pitch": -18.747947692871094,
        "roll": -12.015076637268066
    }
}