{
    "video_name": "czz2023101603",
    "frame_id": 77941,
    "head_bbox": {
        "x0": 626,
        "y0": 152,
        "x1": 672,
        "y1": 204,
        "w": 46,
        "h": 52
    },
    "frame_size": {
        "h": 1080,
        "w": 1920
    },
    "head_pose_angle_6drepnet360": {
        "yaw": -88.45977020263672,
        "pitch": -48.52674102783203,
        "roll": 37.82707595825195
    }
}