{
    "video_name": "czz2023101603",
    "frame_id": 78031,
    "head_bbox": {
        "x0": 628,
        "y0": 159,
        "x1": 670,
        "y1": 210,
        "w": 42,
        "h": 51
    },
    "frame_size": {
        "h": 1080,
        "w": 1920
    },
    "head_pose_angle_6drepnet360": {
        "yaw": -6.441668510437012,
        "pitch": -17.66347885131836,
        "roll": -3.0917890071868896
    }
}