{
    "video_name": "czz2023101603",
    "frame_id": 78061,
    "head_bbox": {
        "x0": 612,
        "y0": 157,
        "x1": 661,
        "y1": 210,
        "w": 49,
        "h": 53
    },
    "frame_size": {
        "h": 1080,
        "w": 1920
    },
    "head_pose_angle_6drepnet360": {
        "yaw": -71.74744415283203,
        "pitch": 177.7865753173828,
        "roll": 173.3827667236328
    }
}