{
    "video_name": "czz2023101603",
    "frame_id": 78211,
    "head_bbox": {
        "x0": 643,
        "y0": 157,
        "x1": 684,
        "y1": 211,
        "w": 41,
        "h": 54
    },
    "frame_size": {
        "h": 1080,
        "w": 1920
    },
    "head_pose_angle_6drepnet360": {
        "yaw": -0.43706655502319336,
        "pitch": -14.303518295288086,
        "roll": -2.336744785308838
    }
}