{
    "video_name": "czz2023101603",
    "frame_id": 78391,
    "head_bbox": {
        "x0": 615,
        "y0": 155,
        "x1": 661,
        "y1": 209,
        "w": 46,
        "h": 54
    },
    "frame_size": {
        "h": 1080,
        "w": 1920
    },
    "head_pose_angle_6drepnet360": {
        "yaw": -29.36149787902832,
        "pitch": -15.770009994506836,
        "roll": -3.9852559566497803
    }
}