{
    "video_name": "czz2023101603",
    "frame_id": 78421,
    "head_bbox": {
        "x0": 624,
        "y0": 159,
        "x1": 666,
        "y1": 209,
        "w": 42,
        "h": 50
    },
    "frame_size": {
        "h": 1080,
        "w": 1920
    },
    "head_pose_angle_6drepnet360": {
        "yaw": -0.12514902651309967,
        "pitch": -7.370114803314209,
        "roll": -5.385590553283691
    }
}