{
    "video_name": "czz2023101603",
    "frame_id": 78436,
    "head_bbox": {
        "x0": 624,
        "y0": 158,
        "x1": 666,
        "y1": 208,
        "w": 42,
        "h": 50
    },
    "frame_size": {
        "h": 1080,
        "w": 1920
    },
    "head_pose_angle_6drepnet360": {
        "yaw": -1.422144889831543,
        "pitch": -11.750300407409668,
        "roll": -9.382729530334473
    }
}