{
    "video_name": "czz2023101603",
    "frame_id": 78466,
    "head_bbox": {
        "x0": 628,
        "y0": 159,
        "x1": 669,
        "y1": 210,
        "w": 41,
        "h": 51
    },
    "frame_size": {
        "h": 1080,
        "w": 1920
    },
    "head_pose_angle_6drepnet360": {
        "yaw": 5.449728012084961,
        "pitch": -12.71298885345459,
        "roll": -5.071244239807129
    }
}