{
    "video_name": "czz2023101603",
    "frame_id": 78661,
    "head_bbox": {
        "x0": 684,
        "y0": 155,
        "x1": 729,
        "y1": 200,
        "w": 45,
        "h": 45
    },
    "frame_size": {
        "h": 1080,
        "w": 1920
    },
    "head_pose_angle_6drepnet360": {
        "yaw": -47.545204162597656,
        "pitch": 163.82894897460938,
        "roll": 177.9242401123047
    }
}