{
    "video_name": "czz2023101603",
    "frame_id": 7876,
    "head_bbox": {
        "x0": 1002,
        "y0": 231,
        "x1": 1061,
        "y1": 305,
        "w": 59,
        "h": 74
    },
    "frame_size": {
        "h": 1080,
        "w": 1920
    },
    "head_pose_angle_6drepnet360": {
        "yaw": 64.62389373779297,
        "pitch": -32.457008361816406,
        "roll": -20.223108291625977
    }
}