{
    "video_name": "czz2023101603",
    "frame_id": 78781,
    "head_bbox": {
        "x0": 670,
        "y0": 146,
        "x1": 715,
        "y1": 194,
        "w": 45,
        "h": 48
    },
    "frame_size": {
        "h": 1080,
        "w": 1920
    },
    "head_pose_angle_6drepnet360": {
        "yaw": -55.63283920288086,
        "pitch": 164.63320922851562,
        "roll": 174.29039001464844
    }
}