{
    "video_name": "czz2023101603",
    "frame_id": 78961,
    "head_bbox": {
        "x0": 708,
        "y0": 141,
        "x1": 768,
        "y1": 192,
        "w": 60,
        "h": 51
    },
    "frame_size": {
        "h": 1080,
        "w": 1920
    },
    "head_pose_angle_6drepnet360": {
        "yaw": -52.784461975097656,
        "pitch": 155.26898193359375,
        "roll": -173.69403076171875
    }
}