{
    "video_name": "czz2023101603",
    "frame_id": 79141,
    "head_bbox": {
        "x0": 924,
        "y0": 146,
        "x1": 964,
        "y1": 196,
        "w": 40,
        "h": 50
    },
    "frame_size": {
        "h": 1080,
        "w": 1920
    },
    "head_pose_angle_6drepnet360": {
        "yaw": -58.74656677246094,
        "pitch": 172.3716583251953,
        "roll": -177.22125244140625
    }
}