{
    "video_name": "czz2023101603",
    "frame_id": 79231,
    "head_bbox": {
        "x0": 685,
        "y0": 151,
        "x1": 729,
        "y1": 197,
        "w": 44,
        "h": 46
    },
    "frame_size": {
        "h": 1080,
        "w": 1920
    },
    "head_pose_angle_6drepnet360": {
        "yaw": -56.698238372802734,
        "pitch": 166.97352600097656,
        "roll": 176.3622589111328
    }
}