{
    "video_name": "czz2023101603",
    "frame_id": 79246,
    "head_bbox": {
        "x0": 691,
        "y0": 152,
        "x1": 735,
        "y1": 196,
        "w": 44,
        "h": 44
    },
    "frame_size": {
        "h": 1080,
        "w": 1920
    },
    "head_pose_angle_6drepnet360": {
        "yaw": -51.761043548583984,
        "pitch": 170.89666748046875,
        "roll": 174.45687866210938
    }
}