{
    "video_name": "czz2023101603",
    "frame_id": 79486,
    "head_bbox": {
        "x0": 826,
        "y0": 140,
        "x1": 867,
        "y1": 188,
        "w": 41,
        "h": 48
    },
    "frame_size": {
        "h": 1080,
        "w": 1920
    },
    "head_pose_angle_6drepnet360": {
        "yaw": -65.78856658935547,
        "pitch": -176.62881469726562,
        "roll": 173.65243530273438
    }
}