{
    "video_name": "czz2023101603",
    "frame_id": 79531,
    "head_bbox": {
        "x0": 835,
        "y0": 149,
        "x1": 877,
        "y1": 197,
        "w": 42,
        "h": 48
    },
    "frame_size": {
        "h": 1080,
        "w": 1920
    },
    "head_pose_angle_6drepnet360": {
        "yaw": -77.90522766113281,
        "pitch": 170.68260192871094,
        "roll": 172.67379760742188
    }
}