{
    "video_name": "czz2023101603",
    "frame_id": 7966,
    "head_bbox": {
        "x0": 979,
        "y0": 217,
        "x1": 1035,
        "y1": 285,
        "w": 56,
        "h": 68
    },
    "frame_size": {
        "h": 1080,
        "w": 1920
    },
    "head_pose_angle_6drepnet360": {
        "yaw": 49.99969482421875,
        "pitch": -18.783187866210938,
        "roll": -17.241397857666016
    }
}