{
    "video_name": "czz2023101603",
    "frame_id": 79711,
    "head_bbox": {
        "x0": 631,
        "y0": 159,
        "x1": 673,
        "y1": 208,
        "w": 42,
        "h": 49
    },
    "frame_size": {
        "h": 1080,
        "w": 1920
    },
    "head_pose_angle_6drepnet360": {
        "yaw": -1.7424503564834595,
        "pitch": -8.679502487182617,
        "roll": -7.455893039703369
    }
}