{
    "video_name": "czz2023101603",
    "frame_id": 79771,
    "head_bbox": {
        "x0": 671,
        "y0": 158,
        "x1": 712,
        "y1": 207,
        "w": 41,
        "h": 49
    },
    "frame_size": {
        "h": 1080,
        "w": 1920
    },
    "head_pose_angle_6drepnet360": {
        "yaw": 0.5090183615684509,
        "pitch": -10.14413833618164,
        "roll": -2.672086715698242
    }
}