{
    "video_name": "czz2023101603",
    "frame_id": 8116,
    "head_bbox": {
        "x0": 1014,
        "y0": 215,
        "x1": 1071,
        "y1": 279,
        "w": 57,
        "h": 64
    },
    "frame_size": {
        "h": 1080,
        "w": 1920
    },
    "head_pose_angle_6drepnet360": {
        "yaw": 77.31148529052734,
        "pitch": 158.82139587402344,
        "roll": 170.9783172607422
    }
}