{
    "video_name": "czz2023101603",
    "frame_id": 8161,
    "head_bbox": {
        "x0": 951,
        "y0": 201,
        "x1": 1006,
        "y1": 264,
        "w": 55,
        "h": 63
    },
    "frame_size": {
        "h": 1080,
        "w": 1920
    },
    "head_pose_angle_6drepnet360": {
        "yaw": 85.28406524658203,
        "pitch": -80.34838104248047,
        "roll": -70.42181396484375
    }
}