{
    "video_name": "czz2023101603",
    "frame_id": 8281,
    "head_bbox": {
        "x0": 1020,
        "y0": 192,
        "x1": 1068,
        "y1": 254,
        "w": 48,
        "h": 62
    },
    "frame_size": {
        "h": 1080,
        "w": 1920
    },
    "head_pose_angle_6drepnet360": {
        "yaw": 22.059406280517578,
        "pitch": -10.970498085021973,
        "roll": 12.691879272460938
    }
}