{
    "video_name": "czz2023101603",
    "frame_id": 8401,
    "head_bbox": {
        "x0": 837,
        "y0": 159,
        "x1": 878,
        "y1": 209,
        "w": 41,
        "h": 50
    },
    "frame_size": {
        "h": 1080,
        "w": 1920
    },
    "head_pose_angle_6drepnet360": {
        "yaw": 46.021888732910156,
        "pitch": -12.033289909362793,
        "roll": -10.582722663879395
    }
}