{
    "video_name": "czz2023101603",
    "frame_id": 8521,
    "head_bbox": {
        "x0": 862,
        "y0": 155,
        "x1": 900,
        "y1": 203,
        "w": 38,
        "h": 48
    },
    "frame_size": {
        "h": 1080,
        "w": 1920
    },
    "head_pose_angle_6drepnet360": {
        "yaw": 17.04781150817871,
        "pitch": 3.4646480083465576,
        "roll": -0.24326202273368835
    }
}