{
    "video_name": "czz2023101603",
    "frame_id": 8626,
    "head_bbox": {
        "x0": 910,
        "y0": 159,
        "x1": 948,
        "y1": 210,
        "w": 38,
        "h": 51
    },
    "frame_size": {
        "h": 1080,
        "w": 1920
    },
    "head_pose_angle_6drepnet360": {
        "yaw": 23.137760162353516,
        "pitch": -3.6574525833129883,
        "roll": 7.301638126373291
    }
}