{
    "video_name": "czz2023101603",
    "frame_id": 8671,
    "head_bbox": {
        "x0": 910,
        "y0": 162,
        "x1": 948,
        "y1": 210,
        "w": 38,
        "h": 48
    },
    "frame_size": {
        "h": 1080,
        "w": 1920
    },
    "head_pose_angle_6drepnet360": {
        "yaw": 3.9101908206939697,
        "pitch": -6.884259223937988,
        "roll": 2.081975221633911
    }
}