{
    "video_name": "czz2023101603",
    "frame_id": 8881,
    "head_bbox": {
        "x0": 978,
        "y0": 146,
        "x1": 1017,
        "y1": 190,
        "w": 39,
        "h": 44
    },
    "frame_size": {
        "h": 1080,
        "w": 1920
    },
    "head_pose_angle_6drepnet360": {
        "yaw": -14.562089920043945,
        "pitch": 175.89483642578125,
        "roll": 173.89654541015625
    }
}