{
    "video_name": "czz2023101603",
    "frame_id": 9031,
    "head_bbox": {
        "x0": 1123,
        "y0": 164,
        "x1": 1160,
        "y1": 218,
        "w": 37,
        "h": 54
    },
    "frame_size": {
        "h": 1080,
        "w": 1920
    },
    "head_pose_angle_6drepnet360": {
        "yaw": 12.297643661499023,
        "pitch": -19.4997501373291,
        "roll": -5.937527656555176
    }
}