{
    "video_name": "czz2023101603",
    "frame_id": 9046,
    "head_bbox": {
        "x0": 1153,
        "y0": 165,
        "x1": 1192,
        "y1": 215,
        "w": 39,
        "h": 50
    },
    "frame_size": {
        "h": 1080,
        "w": 1920
    },
    "head_pose_angle_6drepnet360": {
        "yaw": 34.382869720458984,
        "pitch": -5.437975883483887,
        "roll": 8.713971138000488
    }
}