{
    "video_name": "czz2023101603",
    "frame_id": 9091,
    "head_bbox": {
        "x0": 1139,
        "y0": 166,
        "x1": 1178,
        "y1": 221,
        "w": 39,
        "h": 55
    },
    "frame_size": {
        "h": 1080,
        "w": 1920
    },
    "head_pose_angle_6drepnet360": {
        "yaw": 21.22219467163086,
        "pitch": -15.488585472106934,
        "roll": 1.6725815534591675
    }
}