{
    "video_name": "czz2023101603",
    "frame_id": 9106,
    "head_bbox": {
        "x0": 1140,
        "y0": 168,
        "x1": 1181,
        "y1": 223,
        "w": 41,
        "h": 55
    },
    "frame_size": {
        "h": 1080,
        "w": 1920
    },
    "head_pose_angle_6drepnet360": {
        "yaw": 27.025646209716797,
        "pitch": -17.54143714904785,
        "roll": -1.861911654472351
    }
}