{
    "video_name": "czz2023101603",
    "frame_id": 9166,
    "head_bbox": {
        "x0": 1167,
        "y0": 159,
        "x1": 1205,
        "y1": 210,
        "w": 38,
        "h": 51
    },
    "frame_size": {
        "h": 1080,
        "w": 1920
    },
    "head_pose_angle_6drepnet360": {
        "yaw": 27.157743453979492,
        "pitch": -7.86649227142334,
        "roll": -1.0936020612716675
    }
}