{
    "video_name": "czz2023101603",
    "frame_id": 9226,
    "head_bbox": {
        "x0": 1068,
        "y0": 168,
        "x1": 1110,
        "y1": 217,
        "w": 42,
        "h": 49
    },
    "frame_size": {
        "h": 1080,
        "w": 1920
    },
    "head_pose_angle_6drepnet360": {
        "yaw": 24.400686264038086,
        "pitch": -21.711259841918945,
        "roll": -17.756914138793945
    }
}