{
    "video_name": "czz2023101603",
    "frame_id": 9301,
    "head_bbox": {
        "x0": 944,
        "y0": 158,
        "x1": 983,
        "y1": 210,
        "w": 39,
        "h": 52
    },
    "frame_size": {
        "h": 1080,
        "w": 1920
    },
    "head_pose_angle_6drepnet360": {
        "yaw": 0.585172712802887,
        "pitch": -6.68958044052124,
        "roll": -11.026609420776367
    }
}