{
    "video_name": "czz2023101603",
    "frame_id": 9331,
    "head_bbox": {
        "x0": 975,
        "y0": 165,
        "x1": 1013,
        "y1": 221,
        "w": 38,
        "h": 56
    },
    "frame_size": {
        "h": 1080,
        "w": 1920
    },
    "head_pose_angle_6drepnet360": {
        "yaw": 0.454326331615448,
        "pitch": -11.993221282958984,
        "roll": 4.381368637084961
    }
}