{
    "video_name": "czz2023101603",
    "frame_id": 9511,
    "head_bbox": {
        "x0": 1010,
        "y0": 165,
        "x1": 1049,
        "y1": 217,
        "w": 39,
        "h": 52
    },
    "frame_size": {
        "h": 1080,
        "w": 1920
    },
    "head_pose_angle_6drepnet360": {
        "yaw": 26.235689163208008,
        "pitch": -5.942739486694336,
        "roll": 9.334039688110352
    }
}