{
    "video_name": "czz2023101603",
    "frame_id": 9526,
    "head_bbox": {
        "x0": 1013,
        "y0": 163,
        "x1": 1053,
        "y1": 214,
        "w": 40,
        "h": 51
    },
    "frame_size": {
        "h": 1080,
        "w": 1920
    },
    "head_pose_angle_6drepnet360": {
        "yaw": 24.222158432006836,
        "pitch": -9.986320495605469,
        "roll": 1.9813332557678223
    }
}