{
    "video_name": "czz2023101603",
    "frame_id": 9721,
    "head_bbox": {
        "x0": 1127,
        "y0": 165,
        "x1": 1167,
        "y1": 216,
        "w": 40,
        "h": 51
    },
    "frame_size": {
        "h": 1080,
        "w": 1920
    },
    "head_pose_angle_6drepnet360": {
        "yaw": 34.362754821777344,
        "pitch": -5.702765941619873,
        "roll": 4.55649995803833
    }
}