{
    "video_name": "czz2023101603",
    "frame_id": 9736,
    "head_bbox": {
        "x0": 1100,
        "y0": 165,
        "x1": 1140,
        "y1": 215,
        "w": 40,
        "h": 50
    },
    "frame_size": {
        "h": 1080,
        "w": 1920
    },
    "head_pose_angle_6drepnet360": {
        "yaw": 32.1807975769043,
        "pitch": -6.116344451904297,
        "roll": -2.151895761489868
    }
}