{
    "video_name": "czz2023101603",
    "frame_id": 9826,
    "head_bbox": {
        "x0": 880,
        "y0": 161,
        "x1": 919,
        "y1": 206,
        "w": 39,
        "h": 45
    },
    "frame_size": {
        "h": 1080,
        "w": 1920
    },
    "head_pose_angle_6drepnet360": {
        "yaw": 37.47572326660156,
        "pitch": -6.321901321411133,
        "roll": -9.07644271850586
    }
}