{
    "video_name": "czz2023101603",
    "frame_id": 9946,
    "head_bbox": {
        "x0": 754,
        "y0": 158,
        "x1": 794,
        "y1": 210,
        "w": 40,
        "h": 52
    },
    "frame_size": {
        "h": 1080,
        "w": 1920
    },
    "head_pose_angle_6drepnet360": {
        "yaw": 17.57291030883789,
        "pitch": -7.519039154052734,
        "roll": -2.4526546001434326
    }
}