{
    "video_name": "zdb2023110907",
    "frame_id": 1001,
    "head_bbox": {
        "x0": 500,
        "y0": 259,
        "x1": 548,
        "y1": 311,
        "w": 48,
        "h": 52
    },
    "frame_size": {
        "h": 1080,
        "w": 1920
    },
    "head_pose_angle_6drepnet360": {
        "yaw": -23.66006851196289,
        "pitch": -5.060288906097412,
        "roll": -0.2699481248855591
    }
}