{
    "video_name": "zdb2023110907",
    "frame_id": 101,
    "head_bbox": {
        "x0": 589,
        "y0": 261,
        "x1": 636,
        "y1": 308,
        "w": 47,
        "h": 47
    },
    "frame_size": {
        "h": 1080,
        "w": 1920
    },
    "head_pose_angle_6drepnet360": {
        "yaw": 4.325741767883301,
        "pitch": 5.01561164855957,
        "roll": -2.2255680561065674
    }
}