{
    "video_name": "zdb2023110907",
    "frame_id": 10301,
    "head_bbox": {
        "x0": 571,
        "y0": 261,
        "x1": 622,
        "y1": 314,
        "w": 51,
        "h": 53
    },
    "frame_size": {
        "h": 1080,
        "w": 1920
    },
    "head_pose_angle_6drepnet360": {
        "yaw": -32.720733642578125,
        "pitch": -2.657078266143799,
        "roll": -9.205062866210938
    }
}