{
    "video_name": "zdb2023110907",
    "frame_id": 10401,
    "head_bbox": {
        "x0": 761,
        "y0": 260,
        "x1": 807,
        "y1": 317,
        "w": 46,
        "h": 57
    },
    "frame_size": {
        "h": 1080,
        "w": 1920
    },
    "head_pose_angle_6drepnet360": {
        "yaw": -35.091129302978516,
        "pitch": -3.47141432762146,
        "roll": -10.472860336303711
    }
}