{
    "video_name": "zdb2023110907",
    "frame_id": 10601,
    "head_bbox": {
        "x0": 646,
        "y0": 264,
        "x1": 708,
        "y1": 311,
        "w": 62,
        "h": 47
    },
    "frame_size": {
        "h": 1080,
        "w": 1920
    },
    "head_pose_angle_6drepnet360": {
        "yaw": -77.8175277709961,
        "pitch": 126.79598236083984,
        "roll": -141.97837829589844
    }
}