{
    "video_name": "zdb2023110907",
    "frame_id": 10701,
    "head_bbox": {
        "x0": 726,
        "y0": 257,
        "x1": 767,
        "y1": 309,
        "w": 41,
        "h": 52
    },
    "frame_size": {
        "h": 1080,
        "w": 1920
    },
    "head_pose_angle_6drepnet360": {
        "yaw": 10.754644393920898,
        "pitch": -4.668769359588623,
        "roll": -1.9450395107269287
    }
}