{
    "video_name": "zdb2023110907",
    "frame_id": 10801,
    "head_bbox": {
        "x0": 685,
        "y0": 259,
        "x1": 727,
        "y1": 311,
        "w": 42,
        "h": 52
    },
    "frame_size": {
        "h": 1080,
        "w": 1920
    },
    "head_pose_angle_6drepnet360": {
        "yaw": -9.808747291564941,
        "pitch": -1.277842402458191,
        "roll": -2.9514219760894775
    }
}