{
    "video_name": "zdb2023110907",
    "frame_id": 10901,
    "head_bbox": {
        "x0": 582,
        "y0": 255,
        "x1": 631,
        "y1": 307,
        "w": 49,
        "h": 52
    },
    "frame_size": {
        "h": 1080,
        "w": 1920
    },
    "head_pose_angle_6drepnet360": {
        "yaw": 55.01380157470703,
        "pitch": 19.984031677246094,
        "roll": 21.521526336669922
    }
}