{
    "video_name": "zdb2023110907",
    "frame_id": 1101,
    "head_bbox": {
        "x0": 594,
        "y0": 260,
        "x1": 641,
        "y1": 310,
        "w": 47,
        "h": 50
    },
    "frame_size": {
        "h": 1080,
        "w": 1920
    },
    "head_pose_angle_6drepnet360": {
        "yaw": -14.340609550476074,
        "pitch": 3.505331516265869,
        "roll": -4.298675060272217
    }
}