{
    "video_name": "zdb2023110907",
    "frame_id": 11101,
    "head_bbox": {
        "x0": 908,
        "y0": 257,
        "x1": 950,
        "y1": 315,
        "w": 42,
        "h": 58
    },
    "frame_size": {
        "h": 1080,
        "w": 1920
    },
    "head_pose_angle_6drepnet360": {
        "yaw": 1.3648242950439453,
        "pitch": -1.5144208669662476,
        "roll": 1.0268279314041138
    }
}