{
    "video_name": "zdb2023110907",
    "frame_id": 11201,
    "head_bbox": {
        "x0": 803,
        "y0": 261,
        "x1": 846,
        "y1": 319,
        "w": 43,
        "h": 58
    },
    "frame_size": {
        "h": 1080,
        "w": 1920
    },
    "head_pose_angle_6drepnet360": {
        "yaw": 1.7199862003326416,
        "pitch": -2.9531776905059814,
        "roll": -0.7083682417869568
    }
}