{
    "video_name": "zdb2023110907",
    "frame_id": 11401,
    "head_bbox": {
        "x0": 841,
        "y0": 256,
        "x1": 887,
        "y1": 310,
        "w": 46,
        "h": 54
    },
    "frame_size": {
        "h": 1080,
        "w": 1920
    },
    "head_pose_angle_6drepnet360": {
        "yaw": 42.51325607299805,
        "pitch": 10.419487953186035,
        "roll": 14.179009437561035
    }
}