{
    "video_name": "zdb2023110907",
    "frame_id": 11601,
    "head_bbox": {
        "x0": 607,
        "y0": 263,
        "x1": 664,
        "y1": 307,
        "w": 57,
        "h": 44
    },
    "frame_size": {
        "h": 1080,
        "w": 1920
    },
    "head_pose_angle_6drepnet360": {
        "yaw": -76.30359649658203,
        "pitch": 85.2982177734375,
        "roll": -95.85411071777344
    }
}