{
    "video_name": "zdb2023110907",
    "frame_id": 11801,
    "head_bbox": {
        "x0": 844,
        "y0": 256,
        "x1": 887,
        "y1": 312,
        "w": 43,
        "h": 56
    },
    "frame_size": {
        "h": 1080,
        "w": 1920
    },
    "head_pose_angle_6drepnet360": {
        "yaw": 38.80569839477539,
        "pitch": 3.2064976692199707,
        "roll": 6.4499897956848145
    }
}