{
    "video_name": "zdb2023110907",
    "frame_id": 11901,
    "head_bbox": {
        "x0": 752,
        "y0": 260,
        "x1": 797,
        "y1": 318,
        "w": 45,
        "h": 58
    },
    "frame_size": {
        "h": 1080,
        "w": 1920
    },
    "head_pose_angle_6drepnet360": {
        "yaw": -33.1087532043457,
        "pitch": 3.8313567638397217,
        "roll": -17.052934646606445
    }
}