{
    "video_name": "zdb2023110907",
    "frame_id": 12001,
    "head_bbox": {
        "x0": 744,
        "y0": 254,
        "x1": 786,
        "y1": 310,
        "w": 42,
        "h": 56
    },
    "frame_size": {
        "h": 1080,
        "w": 1920
    },
    "head_pose_angle_6drepnet360": {
        "yaw": -12.64537525177002,
        "pitch": -2.7706263065338135,
        "roll": 2.789370536804199
    }
}