{
    "video_name": "zdb2023110907",
    "frame_id": 12101,
    "head_bbox": {
        "x0": 830,
        "y0": 264,
        "x1": 873,
        "y1": 325,
        "w": 43,
        "h": 61
    },
    "frame_size": {
        "h": 1080,
        "w": 1920
    },
    "head_pose_angle_6drepnet360": {
        "yaw": -8.184693336486816,
        "pitch": -6.933854579925537,
        "roll": -8.54472827911377
    }
}