{
    "video_name": "zdb2023110907",
    "frame_id": 12201,
    "head_bbox": {
        "x0": 970,
        "y0": 264,
        "x1": 1012,
        "y1": 322,
        "w": 42,
        "h": 58
    },
    "frame_size": {
        "h": 1080,
        "w": 1920
    },
    "head_pose_angle_6drepnet360": {
        "yaw": 21.13745880126953,
        "pitch": 0.3457097113132477,
        "roll": 7.99190092086792
    }
}