{
    "video_name": "zdb2023110907",
    "frame_id": 12301,
    "head_bbox": {
        "x0": 898,
        "y0": 263,
        "x1": 941,
        "y1": 317,
        "w": 43,
        "h": 54
    },
    "frame_size": {
        "h": 1080,
        "w": 1920
    },
    "head_pose_angle_6drepnet360": {
        "yaw": 21.733924865722656,
        "pitch": -0.7813658118247986,
        "roll": 0.5975449681282043
    }
}