{
    "video_name": "zdb2023110907",
    "frame_id": 12401,
    "head_bbox": {
        "x0": 788,
        "y0": 262,
        "x1": 831,
        "y1": 321,
        "w": 43,
        "h": 59
    },
    "frame_size": {
        "h": 1080,
        "w": 1920
    },
    "head_pose_angle_6drepnet360": {
        "yaw": -10.870213508605957,
        "pitch": -2.872495651245117,
        "roll": -10.495630264282227
    }
}