{
    "video_name": "zdb2023110907",
    "frame_id": 12501,
    "head_bbox": {
        "x0": 989,
        "y0": 269,
        "x1": 1032,
        "y1": 330,
        "w": 43,
        "h": 61
    },
    "frame_size": {
        "h": 1080,
        "w": 1920
    },
    "head_pose_angle_6drepnet360": {
        "yaw": -5.041752338409424,
        "pitch": -1.9968183040618896,
        "roll": -3.5849568843841553
    }
}