{
    "video_name": "zdb2023110907",
    "frame_id": 12801,
    "head_bbox": {
        "x0": 672,
        "y0": 260,
        "x1": 740,
        "y1": 312,
        "w": 68,
        "h": 52
    },
    "frame_size": {
        "h": 1080,
        "w": 1920
    },
    "head_pose_angle_6drepnet360": {
        "yaw": -63.870880126953125,
        "pitch": 140.9495086669922,
        "roll": -158.83062744140625
    }
}