{
    "video_name": "zdb2023110907",
    "frame_id": 12901,
    "head_bbox": {
        "x0": 692,
        "y0": 259,
        "x1": 736,
        "y1": 309,
        "w": 44,
        "h": 50
    },
    "frame_size": {
        "h": 1080,
        "w": 1920
    },
    "head_pose_angle_6drepnet360": {
        "yaw": 14.494888305664062,
        "pitch": -0.9994505643844604,
        "roll": -0.4973791837692261
    }
}