{
    "video_name": "zdb2023110907",
    "frame_id": 1301,
    "head_bbox": {
        "x0": 659,
        "y0": 276,
        "x1": 706,
        "y1": 325,
        "w": 47,
        "h": 49
    },
    "frame_size": {
        "h": 1080,
        "w": 1920
    },
    "head_pose_angle_6drepnet360": {
        "yaw": -14.266627311706543,
        "pitch": -13.355664253234863,
        "roll": 3.8651323318481445
    }
}