{
    "video_name": "zdb2023110907",
    "frame_id": 13101,
    "head_bbox": {
        "x0": 854,
        "y0": 258,
        "x1": 896,
        "y1": 314,
        "w": 42,
        "h": 56
    },
    "frame_size": {
        "h": 1080,
        "w": 1920
    },
    "head_pose_angle_6drepnet360": {
        "yaw": 29.974754333496094,
        "pitch": -2.4197890758514404,
        "roll": 7.070344924926758
    }
}