{
    "video_name": "zdb2023110907",
    "frame_id": 13301,
    "head_bbox": {
        "x0": 887,
        "y0": 254,
        "x1": 927,
        "y1": 311,
        "w": 40,
        "h": 57
    },
    "frame_size": {
        "h": 1080,
        "w": 1920
    },
    "head_pose_angle_6drepnet360": {
        "yaw": 11.555266380310059,
        "pitch": -1.233465313911438,
        "roll": 3.1134729385375977
    }
}