{
    "video_name": "zdb2023110907",
    "frame_id": 13401,
    "head_bbox": {
        "x0": 723,
        "y0": 259,
        "x1": 768,
        "y1": 314,
        "w": 45,
        "h": 55
    },
    "frame_size": {
        "h": 1080,
        "w": 1920
    },
    "head_pose_angle_6drepnet360": {
        "yaw": 34.52122116088867,
        "pitch": 2.7113606929779053,
        "roll": 6.7641921043396
    }
}