{
    "video_name": "zdb2023110907",
    "frame_id": 13801,
    "head_bbox": {
        "x0": 710,
        "y0": 259,
        "x1": 751,
        "y1": 307,
        "w": 41,
        "h": 48
    },
    "frame_size": {
        "h": 1080,
        "w": 1920
    },
    "head_pose_angle_6drepnet360": {
        "yaw": 2.0966546535491943,
        "pitch": -1.0113404989242554,
        "roll": -4.274476051330566
    }
}