{
    "video_name": "zdb2023110907",
    "frame_id": 13901,
    "head_bbox": {
        "x0": 543,
        "y0": 259,
        "x1": 589,
        "y1": 310,
        "w": 46,
        "h": 51
    },
    "frame_size": {
        "h": 1080,
        "w": 1920
    },
    "head_pose_angle_6drepnet360": {
        "yaw": -11.8423433303833,
        "pitch": -1.0263417959213257,
        "roll": -11.132208824157715
    }
}