{
    "video_name": "zdb2023110907",
    "frame_id": 14001,
    "head_bbox": {
        "x0": 729,
        "y0": 262,
        "x1": 776,
        "y1": 315,
        "w": 47,
        "h": 53
    },
    "frame_size": {
        "h": 1080,
        "w": 1920
    },
    "head_pose_angle_6drepnet360": {
        "yaw": -56.9688835144043,
        "pitch": 6.684321403503418,
        "roll": -12.497108459472656
    }
}