{
    "video_name": "zdb2023110907",
    "frame_id": 1401,
    "head_bbox": {
        "x0": 695,
        "y0": 266,
        "x1": 737,
        "y1": 317,
        "w": 42,
        "h": 51
    },
    "frame_size": {
        "h": 1080,
        "w": 1920
    },
    "head_pose_angle_6drepnet360": {
        "yaw": -4.861119270324707,
        "pitch": -8.743387222290039,
        "roll": 0.4117216467857361
    }
}