{
    "video_name": "zdb2023110907",
    "frame_id": 14301,
    "head_bbox": {
        "x0": 766,
        "y0": 254,
        "x1": 808,
        "y1": 310,
        "w": 42,
        "h": 56
    },
    "frame_size": {
        "h": 1080,
        "w": 1920
    },
    "head_pose_angle_6drepnet360": {
        "yaw": 35.80242156982422,
        "pitch": -2.0657739639282227,
        "roll": -3.2680768966674805
    }
}