{
    "video_name": "zdb2023110907",
    "frame_id": 14401,
    "head_bbox": {
        "x0": 565,
        "y0": 258,
        "x1": 609,
        "y1": 307,
        "w": 44,
        "h": 49
    },
    "frame_size": {
        "h": 1080,
        "w": 1920
    },
    "head_pose_angle_6drepnet360": {
        "yaw": -14.995935440063477,
        "pitch": -0.10879067331552505,
        "roll": -7.850404739379883
    }
}