{
    "video_name": "zdb2023110907",
    "frame_id": 14501,
    "head_bbox": {
        "x0": 694,
        "y0": 257,
        "x1": 755,
        "y1": 316,
        "w": 61,
        "h": 59
    },
    "frame_size": {
        "h": 1080,
        "w": 1920
    },
    "head_pose_angle_6drepnet360": {
        "yaw": -51.99283218383789,
        "pitch": 157.1627655029297,
        "roll": 177.29473876953125
    }
}