{
    "video_name": "zdb2023110907",
    "frame_id": 14601,
    "head_bbox": {
        "x0": 763,
        "y0": 250,
        "x1": 805,
        "y1": 305,
        "w": 42,
        "h": 55
    },
    "frame_size": {
        "h": 1080,
        "w": 1920
    },
    "head_pose_angle_6drepnet360": {
        "yaw": 2.3246538639068604,
        "pitch": -2.808432102203369,
        "roll": -0.23215089738368988
    }
}