{
    "video_name": "zdb2023110907",
    "frame_id": 14701,
    "head_bbox": {
        "x0": 583,
        "y0": 261,
        "x1": 631,
        "y1": 314,
        "w": 48,
        "h": 53
    },
    "frame_size": {
        "h": 1080,
        "w": 1920
    },
    "head_pose_angle_6drepnet360": {
        "yaw": 35.71759796142578,
        "pitch": -4.5257744789123535,
        "roll": -0.7734100818634033
    }
}