{
    "video_name": "zdb2023110907",
    "frame_id": 14901,
    "head_bbox": {
        "x0": 850,
        "y0": 261,
        "x1": 892,
        "y1": 321,
        "w": 42,
        "h": 60
    },
    "frame_size": {
        "h": 1080,
        "w": 1920
    },
    "head_pose_angle_6drepnet360": {
        "yaw": -13.91938304901123,
        "pitch": -9.312372207641602,
        "roll": -5.283033847808838
    }
}