{
    "video_name": "zdb2023110907",
    "frame_id": 15001,
    "head_bbox": {
        "x0": 1005,
        "y0": 266,
        "x1": 1047,
        "y1": 323,
        "w": 42,
        "h": 57
    },
    "frame_size": {
        "h": 1080,
        "w": 1920
    },
    "head_pose_angle_6drepnet360": {
        "yaw": -1.6104316711425781,
        "pitch": -0.6827638745307922,
        "roll": -3.470064163208008
    }
}