{
    "video_name": "zdb2023110907",
    "frame_id": 1501,
    "head_bbox": {
        "x0": 675,
        "y0": 268,
        "x1": 715,
        "y1": 318,
        "w": 40,
        "h": 50
    },
    "frame_size": {
        "h": 1080,
        "w": 1920
    },
    "head_pose_angle_6drepnet360": {
        "yaw": 0.8021462559700012,
        "pitch": -7.71867036819458,
        "roll": -2.6146652698516846
    }
}