{
    "video_name": "zdb2023110907",
    "frame_id": 15101,
    "head_bbox": {
        "x0": 838,
        "y0": 259,
        "x1": 883,
        "y1": 318,
        "w": 45,
        "h": 59
    },
    "frame_size": {
        "h": 1080,
        "w": 1920
    },
    "head_pose_angle_6drepnet360": {
        "yaw": 41.884769439697266,
        "pitch": -4.133911609649658,
        "roll": -0.19215820729732513
    }
}