{
    "video_name": "zdb2023110907",
    "frame_id": 15201,
    "head_bbox": {
        "x0": 654,
        "y0": 262,
        "x1": 698,
        "y1": 313,
        "w": 44,
        "h": 51
    },
    "frame_size": {
        "h": 1080,
        "w": 1920
    },
    "head_pose_angle_6drepnet360": {
        "yaw": 3.805929183959961,
        "pitch": -3.133110284805298,
        "roll": -9.369751930236816
    }
}