{
    "video_name": "zdb2023110907",
    "frame_id": 15301,
    "head_bbox": {
        "x0": 527,
        "y0": 258,
        "x1": 573,
        "y1": 310,
        "w": 46,
        "h": 52
    },
    "frame_size": {
        "h": 1080,
        "w": 1920
    },
    "head_pose_angle_6drepnet360": {
        "yaw": 7.850406646728516,
        "pitch": -1.4187413454055786,
        "roll": -2.3338284492492676
    }
}