{
    "video_name": "zdb2023110907",
    "frame_id": 15601,
    "head_bbox": {
        "x0": 898,
        "y0": 257,
        "x1": 939,
        "y1": 312,
        "w": 41,
        "h": 55
    },
    "frame_size": {
        "h": 1080,
        "w": 1920
    },
    "head_pose_angle_6drepnet360": {
        "yaw": 2.716892719268799,
        "pitch": -2.653139591217041,
        "roll": -4.97353982925415
    }
}