{
    "video_name": "zdb2023110907",
    "frame_id": 15801,
    "head_bbox": {
        "x0": 660,
        "y0": 257,
        "x1": 705,
        "y1": 308,
        "w": 45,
        "h": 51
    },
    "frame_size": {
        "h": 1080,
        "w": 1920
    },
    "head_pose_angle_6drepnet360": {
        "yaw": 18.09020233154297,
        "pitch": -4.791283130645752,
        "roll": -7.034179210662842
    }
}