{
    "video_name": "zdb2023110907",
    "frame_id": 15901,
    "head_bbox": {
        "x0": 555,
        "y0": 257,
        "x1": 601,
        "y1": 307,
        "w": 46,
        "h": 50
    },
    "frame_size": {
        "h": 1080,
        "w": 1920
    },
    "head_pose_angle_6drepnet360": {
        "yaw": -15.603321075439453,
        "pitch": -1.5102741718292236,
        "roll": -11.247442245483398
    }
}