{
    "video_name": "zdb2023110907",
    "frame_id": 16001,
    "head_bbox": {
        "x0": 754,
        "y0": 254,
        "x1": 796,
        "y1": 312,
        "w": 42,
        "h": 58
    },
    "frame_size": {
        "h": 1080,
        "w": 1920
    },
    "head_pose_angle_6drepnet360": {
        "yaw": -16.61370086669922,
        "pitch": -5.815671443939209,
        "roll": -2.5389976501464844
    }
}