{
    "video_name": "zdb2023110907",
    "frame_id": 1601,
    "head_bbox": {
        "x0": 739,
        "y0": 266,
        "x1": 781,
        "y1": 324,
        "w": 42,
        "h": 58
    },
    "frame_size": {
        "h": 1080,
        "w": 1920
    },
    "head_pose_angle_6drepnet360": {
        "yaw": -17.414182662963867,
        "pitch": -15.979718208312988,
        "roll": 7.396577835083008
    }
}