{
    "video_name": "zdb2023110907",
    "frame_id": 16301,
    "head_bbox": {
        "x0": 805,
        "y0": 259,
        "x1": 851,
        "y1": 317,
        "w": 46,
        "h": 58
    },
    "frame_size": {
        "h": 1080,
        "w": 1920
    },
    "head_pose_angle_6drepnet360": {
        "yaw": -37.07884216308594,
        "pitch": -6.727352142333984,
        "roll": -8.081196784973145
    }
}