{
    "video_name": "zdb2023110907",
    "frame_id": 16401,
    "head_bbox": {
        "x0": 861,
        "y0": 259,
        "x1": 904,
        "y1": 318,
        "w": 43,
        "h": 59
    },
    "frame_size": {
        "h": 1080,
        "w": 1920
    },
    "head_pose_angle_6drepnet360": {
        "yaw": -2.4206621646881104,
        "pitch": -6.370264530181885,
        "roll": -9.665290832519531
    }
}