{
    "video_name": "zdb2023110907",
    "frame_id": 16701,
    "head_bbox": {
        "x0": 570,
        "y0": 260,
        "x1": 633,
        "y1": 308,
        "w": 63,
        "h": 48
    },
    "frame_size": {
        "h": 1080,
        "w": 1920
    },
    "head_pose_angle_6drepnet360": {
        "yaw": -64.42042541503906,
        "pitch": 135.39517211914062,
        "roll": -151.52847290039062
    }
}