{
    "video_name": "zdb2023110907",
    "frame_id": 16801,
    "head_bbox": {
        "x0": 792,
        "y0": 258,
        "x1": 840,
        "y1": 312,
        "w": 48,
        "h": 54
    },
    "frame_size": {
        "h": 1080,
        "w": 1920
    },
    "head_pose_angle_6drepnet360": {
        "yaw": -75.74485778808594,
        "pitch": 155.0818634033203,
        "roll": -165.9807586669922
    }
}