{
    "video_name": "zdb2023110907",
    "frame_id": 17001,
    "head_bbox": {
        "x0": 625,
        "y0": 256,
        "x1": 669,
        "y1": 307,
        "w": 44,
        "h": 51
    },
    "frame_size": {
        "h": 1080,
        "w": 1920
    },
    "head_pose_angle_6drepnet360": {
        "yaw": -14.756953239440918,
        "pitch": 1.2860736846923828,
        "roll": -7.036121368408203
    }
}