{
    "video_name": "zdb2023110907",
    "frame_id": 1701,
    "head_bbox": {
        "x0": 810,
        "y0": 270,
        "x1": 854,
        "y1": 330,
        "w": 44,
        "h": 60
    },
    "frame_size": {
        "h": 1080,
        "w": 1920
    },
    "head_pose_angle_6drepnet360": {
        "yaw": -8.710184097290039,
        "pitch": -12.358604431152344,
        "roll": 2.8958516120910645
    }
}