{
    "video_name": "zdb2023110907",
    "frame_id": 17401,
    "head_bbox": {
        "x0": 764,
        "y0": 254,
        "x1": 805,
        "y1": 311,
        "w": 41,
        "h": 57
    },
    "frame_size": {
        "h": 1080,
        "w": 1920
    },
    "head_pose_angle_6drepnet360": {
        "yaw": 5.464034557342529,
        "pitch": -10.801864624023438,
        "roll": -8.597688674926758
    }
}