{
    "video_name": "zdb2023110907",
    "frame_id": 17501,
    "head_bbox": {
        "x0": 889,
        "y0": 265,
        "x1": 933,
        "y1": 323,
        "w": 44,
        "h": 58
    },
    "frame_size": {
        "h": 1080,
        "w": 1920
    },
    "head_pose_angle_6drepnet360": {
        "yaw": -26.26402473449707,
        "pitch": -11.384468078613281,
        "roll": -4.013405799865723
    }
}