{
    "video_name": "zdb2023110907",
    "frame_id": 17601,
    "head_bbox": {
        "x0": 802,
        "y0": 263,
        "x1": 849,
        "y1": 321,
        "w": 47,
        "h": 58
    },
    "frame_size": {
        "h": 1080,
        "w": 1920
    },
    "head_pose_angle_6drepnet360": {
        "yaw": 47.16969680786133,
        "pitch": 0.09089795500040054,
        "roll": 6.865250110626221
    }
}