{
    "video_name": "zdb2023110907",
    "frame_id": 17801,
    "head_bbox": {
        "x0": 730,
        "y0": 263,
        "x1": 781,
        "y1": 315,
        "w": 51,
        "h": 52
    },
    "frame_size": {
        "h": 1080,
        "w": 1920
    },
    "head_pose_angle_6drepnet360": {
        "yaw": -73.42816925048828,
        "pitch": 154.6468505859375,
        "roll": -168.10365295410156
    }
}