{
    "video_name": "zdb2023110907",
    "frame_id": 17901,
    "head_bbox": {
        "x0": 797,
        "y0": 257,
        "x1": 839,
        "y1": 315,
        "w": 42,
        "h": 58
    },
    "frame_size": {
        "h": 1080,
        "w": 1920
    },
    "head_pose_angle_6drepnet360": {
        "yaw": 13.833974838256836,
        "pitch": -2.530226707458496,
        "roll": -0.4540504217147827
    }
}