{
    "video_name": "zdb2023110907",
    "frame_id": 18001,
    "head_bbox": {
        "x0": 593,
        "y0": 263,
        "x1": 639,
        "y1": 317,
        "w": 46,
        "h": 54
    },
    "frame_size": {
        "h": 1080,
        "w": 1920
    },
    "head_pose_angle_6drepnet360": {
        "yaw": -5.801852226257324,
        "pitch": -7.000160217285156,
        "roll": -10.594500541687012
    }
}