{
    "video_name": "zdb2023110907",
    "frame_id": 1801,
    "head_bbox": {
        "x0": 779,
        "y0": 264,
        "x1": 821,
        "y1": 325,
        "w": 42,
        "h": 61
    },
    "frame_size": {
        "h": 1080,
        "w": 1920
    },
    "head_pose_angle_6drepnet360": {
        "yaw": -4.783154010772705,
        "pitch": -12.412788391113281,
        "roll": 0.10696332156658173
    }
}