{
    "video_name": "zdb2023110907",
    "frame_id": 18101,
    "head_bbox": {
        "x0": 746,
        "y0": 257,
        "x1": 792,
        "y1": 315,
        "w": 46,
        "h": 58
    },
    "frame_size": {
        "h": 1080,
        "w": 1920
    },
    "head_pose_angle_6drepnet360": {
        "yaw": -30.06415367126465,
        "pitch": -6.1150946617126465,
        "roll": -3.334075450897217
    }
}