{
    "video_name": "zdb2023110907",
    "frame_id": 18201,
    "head_bbox": {
        "x0": 941,
        "y0": 263,
        "x1": 987,
        "y1": 323,
        "w": 46,
        "h": 60
    },
    "frame_size": {
        "h": 1080,
        "w": 1920
    },
    "head_pose_angle_6drepnet360": {
        "yaw": 45.779056549072266,
        "pitch": -6.43747615814209,
        "roll": 0.39698097109794617
    }
}