{
    "video_name": "zdb2023110907",
    "frame_id": 18301,
    "head_bbox": {
        "x0": 737,
        "y0": 262,
        "x1": 781,
        "y1": 318,
        "w": 44,
        "h": 56
    },
    "frame_size": {
        "h": 1080,
        "w": 1920
    },
    "head_pose_angle_6drepnet360": {
        "yaw": -18.954938888549805,
        "pitch": -2.6998164653778076,
        "roll": -3.9753363132476807
    }
}