{
    "video_name": "zdb2023110907",
    "frame_id": 18401,
    "head_bbox": {
        "x0": 576,
        "y0": 259,
        "x1": 619,
        "y1": 310,
        "w": 43,
        "h": 51
    },
    "frame_size": {
        "h": 1080,
        "w": 1920
    },
    "head_pose_angle_6drepnet360": {
        "yaw": 11.190820693969727,
        "pitch": -4.698392391204834,
        "roll": -10.302950859069824
    }
}