{
    "video_name": "zdb2023110907",
    "frame_id": 18501,
    "head_bbox": {
        "x0": 601,
        "y0": 257,
        "x1": 645,
        "y1": 306,
        "w": 44,
        "h": 49
    },
    "frame_size": {
        "h": 1080,
        "w": 1920
    },
    "head_pose_angle_6drepnet360": {
        "yaw": -2.4952969551086426,
        "pitch": -0.9449484944343567,
        "roll": -4.325686931610107
    }
}