{
    "video_name": "zdb2023110907",
    "frame_id": 18601,
    "head_bbox": {
        "x0": 790,
        "y0": 259,
        "x1": 836,
        "y1": 316,
        "w": 46,
        "h": 57
    },
    "frame_size": {
        "h": 1080,
        "w": 1920
    },
    "head_pose_angle_6drepnet360": {
        "yaw": -42.811744689941406,
        "pitch": -8.26217269897461,
        "roll": -3.0785393714904785
    }
}