{
    "video_name": "zdb2023110907",
    "frame_id": 18701,
    "head_bbox": {
        "x0": 799,
        "y0": 258,
        "x1": 845,
        "y1": 317,
        "w": 46,
        "h": 59
    },
    "frame_size": {
        "h": 1080,
        "w": 1920
    },
    "head_pose_angle_6drepnet360": {
        "yaw": 49.57624816894531,
        "pitch": -6.294554710388184,
        "roll": 3.529627561569214
    }
}