{
    "video_name": "zdb2023110907",
    "frame_id": 18801,
    "head_bbox": {
        "x0": 533,
        "y0": 261,
        "x1": 580,
        "y1": 312,
        "w": 47,
        "h": 51
    },
    "frame_size": {
        "h": 1080,
        "w": 1920
    },
    "head_pose_angle_6drepnet360": {
        "yaw": 29.302886962890625,
        "pitch": -2.2848072052001953,
        "roll": 2.1629250049591064
    }
}