{
    "video_name": "zdb2023110907",
    "frame_id": 18901,
    "head_bbox": {
        "x0": 552,
        "y0": 260,
        "x1": 607,
        "y1": 308,
        "w": 55,
        "h": 48
    },
    "frame_size": {
        "h": 1080,
        "w": 1920
    },
    "head_pose_angle_6drepnet360": {
        "yaw": -73.36396789550781,
        "pitch": 43.169857025146484,
        "roll": -55.939605712890625
    }
}