{
    "video_name": "zdb2023110907",
    "frame_id": 19001,
    "head_bbox": {
        "x0": 765,
        "y0": 258,
        "x1": 815,
        "y1": 312,
        "w": 50,
        "h": 54
    },
    "frame_size": {
        "h": 1080,
        "w": 1920
    },
    "head_pose_angle_6drepnet360": {
        "yaw": -67.34339141845703,
        "pitch": 147.89089965820312,
        "roll": -165.23887634277344
    }
}