{
    "video_name": "zdb2023110907",
    "frame_id": 1901,
    "head_bbox": {
        "x0": 733,
        "y0": 256,
        "x1": 777,
        "y1": 313,
        "w": 44,
        "h": 57
    },
    "frame_size": {
        "h": 1080,
        "w": 1920
    },
    "head_pose_angle_6drepnet360": {
        "yaw": 34.079811096191406,
        "pitch": -17.451276779174805,
        "roll": -9.893717765808105
    }
}