{
    "video_name": "zdb2023110907",
    "frame_id": 19201,
    "head_bbox": {
        "x0": 506,
        "y0": 259,
        "x1": 552,
        "y1": 307,
        "w": 46,
        "h": 48
    },
    "frame_size": {
        "h": 1080,
        "w": 1920
    },
    "head_pose_angle_6drepnet360": {
        "yaw": -2.7557129859924316,
        "pitch": -2.4409303665161133,
        "roll": -6.033292293548584
    }
}