{
    "video_name": "zdb2023110907",
    "frame_id": 19501,
    "head_bbox": {
        "x0": 792,
        "y0": 256,
        "x1": 834,
        "y1": 311,
        "w": 42,
        "h": 55
    },
    "frame_size": {
        "h": 1080,
        "w": 1920
    },
    "head_pose_angle_6drepnet360": {
        "yaw": 7.9286723136901855,
        "pitch": -1.954163908958435,
        "roll": -3.5251755714416504
    }
}