{
    "video_name": "zdb2023110907",
    "frame_id": 19601,
    "head_bbox": {
        "x0": 614,
        "y0": 262,
        "x1": 658,
        "y1": 313,
        "w": 44,
        "h": 51
    },
    "frame_size": {
        "h": 1080,
        "w": 1920
    },
    "head_pose_angle_6drepnet360": {
        "yaw": 1.8080387115478516,
        "pitch": -2.268767833709717,
        "roll": 3.2962770462036133
    }
}