{
    "video_name": "zdb2023110907",
    "frame_id": 19701,
    "head_bbox": {
        "x0": 502,
        "y0": 257,
        "x1": 545,
        "y1": 309,
        "w": 43,
        "h": 52
    },
    "frame_size": {
        "h": 1080,
        "w": 1920
    },
    "head_pose_angle_6drepnet360": {
        "yaw": 7.093284606933594,
        "pitch": -9.022324562072754,
        "roll": -11.394451141357422
    }
}