{
    "video_name": "zdb2023110907",
    "frame_id": 19801,
    "head_bbox": {
        "x0": 607,
        "y0": 267,
        "x1": 655,
        "y1": 314,
        "w": 48,
        "h": 47
    },
    "frame_size": {
        "h": 1080,
        "w": 1920
    },
    "head_pose_angle_6drepnet360": {
        "yaw": -25.43739891052246,
        "pitch": -0.6498363614082336,
        "roll": -14.537152290344238
    }
}