{
    "video_name": "zdb2023110907",
    "frame_id": 19901,
    "head_bbox": {
        "x0": 811,
        "y0": 260,
        "x1": 855,
        "y1": 317,
        "w": 44,
        "h": 57
    },
    "frame_size": {
        "h": 1080,
        "w": 1920
    },
    "head_pose_angle_6drepnet360": {
        "yaw": -20.313520431518555,
        "pitch": -2.554380416870117,
        "roll": -6.1893815994262695
    }
}