{
    "video_name": "zdb2023110907",
    "frame_id": 20001,
    "head_bbox": {
        "x0": 621,
        "y0": 263,
        "x1": 668,
        "y1": 315,
        "w": 47,
        "h": 52
    },
    "frame_size": {
        "h": 1080,
        "w": 1920
    },
    "head_pose_angle_6drepnet360": {
        "yaw": -15.511177062988281,
        "pitch": -2.057133197784424,
        "roll": -2.55315899848938
    }
}