{
    "video_name": "zdb2023110907",
    "frame_id": 201,
    "head_bbox": {
        "x0": 588,
        "y0": 259,
        "x1": 632,
        "y1": 311,
        "w": 44,
        "h": 52
    },
    "frame_size": {
        "h": 1080,
        "w": 1920
    },
    "head_pose_angle_6drepnet360": {
        "yaw": 12.230313301086426,
        "pitch": -7.098872184753418,
        "roll": -4.955314636230469
    }
}