{
    "video_name": "zdb2023110907",
    "frame_id": 20101,
    "head_bbox": {
        "x0": 506,
        "y0": 256,
        "x1": 557,
        "y1": 305,
        "w": 51,
        "h": 49
    },
    "frame_size": {
        "h": 1080,
        "w": 1920
    },
    "head_pose_angle_6drepnet360": {
        "yaw": -30.185935974121094,
        "pitch": -0.6638665795326233,
        "roll": -6.896112442016602
    }
}