{
    "video_name": "zdb2023110907",
    "frame_id": 20201,
    "head_bbox": {
        "x0": 707,
        "y0": 256,
        "x1": 755,
        "y1": 314,
        "w": 48,
        "h": 58
    },
    "frame_size": {
        "h": 1080,
        "w": 1920
    },
    "head_pose_angle_6drepnet360": {
        "yaw": -32.830780029296875,
        "pitch": -7.956663608551025,
        "roll": 2.275585651397705
    }
}