{
    "video_name": "zdb2023110907",
    "frame_id": 20301,
    "head_bbox": {
        "x0": 831,
        "y0": 258,
        "x1": 873,
        "y1": 317,
        "w": 42,
        "h": 59
    },
    "frame_size": {
        "h": 1080,
        "w": 1920
    },
    "head_pose_angle_6drepnet360": {
        "yaw": -14.01418685913086,
        "pitch": -6.427941799163818,
        "roll": 3.6848950386047363
    }
}