{
    "video_name": "zdb2023110907",
    "frame_id": 20401,
    "head_bbox": {
        "x0": 654,
        "y0": 263,
        "x1": 701,
        "y1": 316,
        "w": 47,
        "h": 53
    },
    "frame_size": {
        "h": 1080,
        "w": 1920
    },
    "head_pose_angle_6drepnet360": {
        "yaw": 31.314346313476562,
        "pitch": -5.714020252227783,
        "roll": -6.939117431640625
    }
}