{
    "video_name": "zdb2023110907",
    "frame_id": 20501,
    "head_bbox": {
        "x0": 475,
        "y0": 254,
        "x1": 524,
        "y1": 309,
        "w": 49,
        "h": 55
    },
    "frame_size": {
        "h": 1080,
        "w": 1920
    },
    "head_pose_angle_6drepnet360": {
        "yaw": -17.84520149230957,
        "pitch": 0.20392051339149475,
        "roll": -0.7418209910392761
    }
}