{
    "video_name": "zdb2023110907",
    "frame_id": 20601,
    "head_bbox": {
        "x0": 619,
        "y0": 262,
        "x1": 664,
        "y1": 316,
        "w": 45,
        "h": 54
    },
    "frame_size": {
        "h": 1080,
        "w": 1920
    },
    "head_pose_angle_6drepnet360": {
        "yaw": -8.015748023986816,
        "pitch": -3.179333209991455,
        "roll": -9.299224853515625
    }
}