{
    "video_name": "zdb2023110907",
    "frame_id": 20701,
    "head_bbox": {
        "x0": 685,
        "y0": 261,
        "x1": 729,
        "y1": 315,
        "w": 44,
        "h": 54
    },
    "frame_size": {
        "h": 1080,
        "w": 1920
    },
    "head_pose_angle_6drepnet360": {
        "yaw": -18.612266540527344,
        "pitch": 0.07923126965761185,
        "roll": -9.907934188842773
    }
}