{
    "video_name": "zdb2023110907",
    "frame_id": 20801,
    "head_bbox": {
        "x0": 645,
        "y0": 257,
        "x1": 688,
        "y1": 309,
        "w": 43,
        "h": 52
    },
    "frame_size": {
        "h": 1080,
        "w": 1920
    },
    "head_pose_angle_6drepnet360": {
        "yaw": -5.143954277038574,
        "pitch": -4.307139873504639,
        "roll": -10.384785652160645
    }
}