{
    "video_name": "zdb2023110907",
    "frame_id": 20901,
    "head_bbox": {
        "x0": 572,
        "y0": 256,
        "x1": 620,
        "y1": 310,
        "w": 48,
        "h": 54
    },
    "frame_size": {
        "h": 1080,
        "w": 1920
    },
    "head_pose_angle_6drepnet360": {
        "yaw": 46.712013244628906,
        "pitch": -10.01826286315918,
        "roll": -3.359153985977173
    }
}