{
    "video_name": "zdb2023110907",
    "frame_id": 21001,
    "head_bbox": {
        "x0": 522,
        "y0": 256,
        "x1": 569,
        "y1": 306,
        "w": 47,
        "h": 50
    },
    "frame_size": {
        "h": 1080,
        "w": 1920
    },
    "head_pose_angle_6drepnet360": {
        "yaw": -13.909050941467285,
        "pitch": -1.1948082447052002,
        "roll": -4.984788417816162
    }
}