{
    "video_name": "zdb2023110907",
    "frame_id": 2101,
    "head_bbox": {
        "x0": 435,
        "y0": 264,
        "x1": 479,
        "y1": 312,
        "w": 44,
        "h": 48
    },
    "frame_size": {
        "h": 1080,
        "w": 1920
    },
    "head_pose_angle_6drepnet360": {
        "yaw": 1.0766489505767822,
        "pitch": -5.895523548126221,
        "roll": -3.9000096321105957
    }
}