{
    "video_name": "zdb2023110907",
    "frame_id": 21201,
    "head_bbox": {
        "x0": 717,
        "y0": 254,
        "x1": 763,
        "y1": 309,
        "w": 46,
        "h": 55
    },
    "frame_size": {
        "h": 1080,
        "w": 1920
    },
    "head_pose_angle_6drepnet360": {
        "yaw": 52.06251525878906,
        "pitch": -4.021150588989258,
        "roll": 3.558044195175171
    }
}