{
    "video_name": "zdb2023110907",
    "frame_id": 21301,
    "head_bbox": {
        "x0": 435,
        "y0": 255,
        "x1": 482,
        "y1": 307,
        "w": 47,
        "h": 52
    },
    "frame_size": {
        "h": 1080,
        "w": 1920
    },
    "head_pose_angle_6drepnet360": {
        "yaw": -4.681118965148926,
        "pitch": -4.952200412750244,
        "roll": -4.4942307472229
    }
}