{
    "video_name": "zdb2023110907",
    "frame_id": 21401,
    "head_bbox": {
        "x0": 514,
        "y0": 257,
        "x1": 565,
        "y1": 306,
        "w": 51,
        "h": 49
    },
    "frame_size": {
        "h": 1080,
        "w": 1920
    },
    "head_pose_angle_6drepnet360": {
        "yaw": -41.658119201660156,
        "pitch": 3.6412031650543213,
        "roll": -8.478222846984863
    }
}