{
    "video_name": "zdb2023110907",
    "frame_id": 21501,
    "head_bbox": {
        "x0": 709,
        "y0": 261,
        "x1": 758,
        "y1": 319,
        "w": 49,
        "h": 58
    },
    "frame_size": {
        "h": 1080,
        "w": 1920
    },
    "head_pose_angle_6drepnet360": {
        "yaw": -39.52427291870117,
        "pitch": -4.45749568939209,
        "roll": -7.158552169799805
    }
}