{
    "video_name": "zdb2023110907",
    "frame_id": 21601,
    "head_bbox": {
        "x0": 709,
        "y0": 255,
        "x1": 756,
        "y1": 310,
        "w": 47,
        "h": 55
    },
    "frame_size": {
        "h": 1080,
        "w": 1920
    },
    "head_pose_angle_6drepnet360": {
        "yaw": 52.24250030517578,
        "pitch": -4.681131839752197,
        "roll": -1.3983924388885498
    }
}