{
    "video_name": "zdb2023110907",
    "frame_id": 21701,
    "head_bbox": {
        "x0": 571,
        "y0": 257,
        "x1": 613,
        "y1": 309,
        "w": 42,
        "h": 52
    },
    "frame_size": {
        "h": 1080,
        "w": 1920
    },
    "head_pose_angle_6drepnet360": {
        "yaw": 11.45966911315918,
        "pitch": -9.299539566040039,
        "roll": -9.694900512695312
    }
}