{
    "video_name": "zdb2023110907",
    "frame_id": 21801,
    "head_bbox": {
        "x0": 422,
        "y0": 258,
        "x1": 470,
        "y1": 310,
        "w": 48,
        "h": 52
    },
    "frame_size": {
        "h": 1080,
        "w": 1920
    },
    "head_pose_angle_6drepnet360": {
        "yaw": -13.426877975463867,
        "pitch": -2.3846805095672607,
        "roll": -3.912160634994507
    }
}