{
    "video_name": "zdb2023110907",
    "frame_id": 21901,
    "head_bbox": {
        "x0": 476,
        "y0": 252,
        "x1": 526,
        "y1": 308,
        "w": 50,
        "h": 56
    },
    "frame_size": {
        "h": 1080,
        "w": 1920
    },
    "head_pose_angle_6drepnet360": {
        "yaw": -33.10750961303711,
        "pitch": -3.157198429107666,
        "roll": -2.9667375087738037
    }
}