{
    "video_name": "zdb2023110907",
    "frame_id": 22001,
    "head_bbox": {
        "x0": 608,
        "y0": 258,
        "x1": 657,
        "y1": 307,
        "w": 49,
        "h": 49
    },
    "frame_size": {
        "h": 1080,
        "w": 1920
    },
    "head_pose_angle_6drepnet360": {
        "yaw": -24.582763671875,
        "pitch": 2.661738634109497,
        "roll": -8.418487548828125
    }
}