{
    "video_name": "zdb2023110907",
    "frame_id": 2201,
    "head_bbox": {
        "x0": 451,
        "y0": 282,
        "x1": 498,
        "y1": 334,
        "w": 47,
        "h": 52
    },
    "frame_size": {
        "h": 1080,
        "w": 1920
    },
    "head_pose_angle_6drepnet360": {
        "yaw": 16.63420867919922,
        "pitch": -25.83115005493164,
        "roll": -9.88753890991211
    }
}