{
    "video_name": "zdb2023110907",
    "frame_id": 22101,
    "head_bbox": {
        "x0": 637,
        "y0": 257,
        "x1": 685,
        "y1": 306,
        "w": 48,
        "h": 49
    },
    "frame_size": {
        "h": 1080,
        "w": 1920
    },
    "head_pose_angle_6drepnet360": {
        "yaw": 54.67205810546875,
        "pitch": -4.765004634857178,
        "roll": -0.8706920146942139
    }
}