{
    "video_name": "zdb2023110907",
    "frame_id": 22201,
    "head_bbox": {
        "x0": 463,
        "y0": 259,
        "x1": 506,
        "y1": 309,
        "w": 43,
        "h": 50
    },
    "frame_size": {
        "h": 1080,
        "w": 1920
    },
    "head_pose_angle_6drepnet360": {
        "yaw": 0.2981496751308441,
        "pitch": -6.895391464233398,
        "roll": -6.475367546081543
    }
}