{
    "video_name": "zdb2023110907",
    "frame_id": 22301,
    "head_bbox": {
        "x0": 485,
        "y0": 257,
        "x1": 535,
        "y1": 307,
        "w": 50,
        "h": 50
    },
    "frame_size": {
        "h": 1080,
        "w": 1920
    },
    "head_pose_angle_6drepnet360": {
        "yaw": -32.18067932128906,
        "pitch": 1.0379254817962646,
        "roll": -8.759795188903809
    }
}