{
    "video_name": "zdb2023110907",
    "frame_id": 22401,
    "head_bbox": {
        "x0": 654,
        "y0": 256,
        "x1": 711,
        "y1": 308,
        "w": 57,
        "h": 52
    },
    "frame_size": {
        "h": 1080,
        "w": 1920
    },
    "head_pose_angle_6drepnet360": {
        "yaw": -74.07534790039062,
        "pitch": 106.89644622802734,
        "roll": -120.8002700805664
    }
}