{
    "video_name": "zdb2023110907",
    "frame_id": 22501,
    "head_bbox": {
        "x0": 662,
        "y0": 263,
        "x1": 710,
        "y1": 311,
        "w": 48,
        "h": 48
    },
    "frame_size": {
        "h": 1080,
        "w": 1920
    },
    "head_pose_angle_6drepnet360": {
        "yaw": -44.17552947998047,
        "pitch": -8.73548698425293,
        "roll": -0.8392093777656555
    }
}