{
    "video_name": "zdb2023110907",
    "frame_id": 22601,
    "head_bbox": {
        "x0": 817,
        "y0": 260,
        "x1": 862,
        "y1": 321,
        "w": 45,
        "h": 61
    },
    "frame_size": {
        "h": 1080,
        "w": 1920
    },
    "head_pose_angle_6drepnet360": {
        "yaw": -48.95603942871094,
        "pitch": -17.33261489868164,
        "roll": 2.519406318664551
    }
}