{
    "video_name": "zdb2023110907",
    "frame_id": 22701,
    "head_bbox": {
        "x0": 939,
        "y0": 272,
        "x1": 982,
        "y1": 332,
        "w": 43,
        "h": 60
    },
    "frame_size": {
        "h": 1080,
        "w": 1920
    },
    "head_pose_angle_6drepnet360": {
        "yaw": 14.606839179992676,
        "pitch": -3.663794994354248,
        "roll": -3.4343907833099365
    }
}