{
    "video_name": "zdb2023110907",
    "frame_id": 22801,
    "head_bbox": {
        "x0": 949,
        "y0": 276,
        "x1": 996,
        "y1": 339,
        "w": 47,
        "h": 63
    },
    "frame_size": {
        "h": 1080,
        "w": 1920
    },
    "head_pose_angle_6drepnet360": {
        "yaw": 46.86537170410156,
        "pitch": -8.698332786560059,
        "roll": -1.6869711875915527
    }
}