{
    "video_name": "zdb2023110907",
    "frame_id": 22901,
    "head_bbox": {
        "x0": 929,
        "y0": 261,
        "x1": 971,
        "y1": 318,
        "w": 42,
        "h": 57
    },
    "frame_size": {
        "h": 1080,
        "w": 1920
    },
    "head_pose_angle_6drepnet360": {
        "yaw": 30.335905075073242,
        "pitch": -4.934211730957031,
        "roll": -1.5381728410720825
    }
}