{
    "video_name": "zdb2023110907",
    "frame_id": 23001,
    "head_bbox": {
        "x0": 800,
        "y0": 263,
        "x1": 846,
        "y1": 322,
        "w": 46,
        "h": 59
    },
    "frame_size": {
        "h": 1080,
        "w": 1920
    },
    "head_pose_angle_6drepnet360": {
        "yaw": -28.166606903076172,
        "pitch": -1.3134952783584595,
        "roll": -12.274174690246582
    }
}