{
    "video_name": "zdb2023110907",
    "frame_id": 2301,
    "head_bbox": {
        "x0": 424,
        "y0": 297,
        "x1": 472,
        "y1": 350,
        "w": 48,
        "h": 53
    },
    "frame_size": {
        "h": 1080,
        "w": 1920
    },
    "head_pose_angle_6drepnet360": {
        "yaw": 19.53242301940918,
        "pitch": -30.448165893554688,
        "roll": -10.720196723937988
    }
}