{
    "video_name": "zdb2023110907",
    "frame_id": 23101,
    "head_bbox": {
        "x0": 872,
        "y0": 274,
        "x1": 919,
        "y1": 334,
        "w": 47,
        "h": 60
    },
    "frame_size": {
        "h": 1080,
        "w": 1920
    },
    "head_pose_angle_6drepnet360": {
        "yaw": -33.76789855957031,
        "pitch": -7.011887073516846,
        "roll": -6.418114185333252
    }
}