{
    "video_name": "zdb2023110907",
    "frame_id": 23201,
    "head_bbox": {
        "x0": 885,
        "y0": 265,
        "x1": 927,
        "y1": 324,
        "w": 42,
        "h": 59
    },
    "frame_size": {
        "h": 1080,
        "w": 1920
    },
    "head_pose_angle_6drepnet360": {
        "yaw": -7.496727466583252,
        "pitch": -2.496378183364868,
        "roll": -1.7492262125015259
    }
}