{
    "video_name": "zdb2023110907",
    "frame_id": 23301,
    "head_bbox": {
        "x0": 798,
        "y0": 261,
        "x1": 844,
        "y1": 319,
        "w": 46,
        "h": 58
    },
    "frame_size": {
        "h": 1080,
        "w": 1920
    },
    "head_pose_angle_6drepnet360": {
        "yaw": 44.515384674072266,
        "pitch": -1.7160205841064453,
        "roll": 3.6966567039489746
    }
}