{
    "video_name": "zdb2023110907",
    "frame_id": 23401,
    "head_bbox": {
        "x0": 610,
        "y0": 263,
        "x1": 655,
        "y1": 313,
        "w": 45,
        "h": 50
    },
    "frame_size": {
        "h": 1080,
        "w": 1920
    },
    "head_pose_angle_6drepnet360": {
        "yaw": 0.6436848044395447,
        "pitch": -6.316895484924316,
        "roll": -10.411162376403809
    }
}