{
    "video_name": "zdb2023110907",
    "frame_id": 23501,
    "head_bbox": {
        "x0": 507,
        "y0": 254,
        "x1": 555,
        "y1": 306,
        "w": 48,
        "h": 52
    },
    "frame_size": {
        "h": 1080,
        "w": 1920
    },
    "head_pose_angle_6drepnet360": {
        "yaw": -30.4827823638916,
        "pitch": 2.4444427490234375,
        "roll": -13.16363525390625
    }
}