{
    "video_name": "zdb2023110907",
    "frame_id": 23601,
    "head_bbox": {
        "x0": 694,
        "y0": 261,
        "x1": 739,
        "y1": 313,
        "w": 45,
        "h": 52
    },
    "frame_size": {
        "h": 1080,
        "w": 1920
    },
    "head_pose_angle_6drepnet360": {
        "yaw": -25.0282039642334,
        "pitch": 1.2935569286346436,
        "roll": -10.640156745910645
    }
}