{
    "video_name": "zdb2023110907",
    "frame_id": 23701,
    "head_bbox": {
        "x0": 842,
        "y0": 262,
        "x1": 885,
        "y1": 320,
        "w": 43,
        "h": 58
    },
    "frame_size": {
        "h": 1080,
        "w": 1920
    },
    "head_pose_angle_6drepnet360": {
        "yaw": 9.966100692749023,
        "pitch": -4.945016860961914,
        "roll": -5.305437088012695
    }
}