{
    "video_name": "zdb2023110907",
    "frame_id": 23801,
    "head_bbox": {
        "x0": 769,
        "y0": 258,
        "x1": 814,
        "y1": 316,
        "w": 45,
        "h": 58
    },
    "frame_size": {
        "h": 1080,
        "w": 1920
    },
    "head_pose_angle_6drepnet360": {
        "yaw": -15.772839546203613,
        "pitch": -2.893389940261841,
        "roll": -9.112222671508789
    }
}