{
    "video_name": "zdb2023110907",
    "frame_id": 23901,
    "head_bbox": {
        "x0": 590,
        "y0": 261,
        "x1": 637,
        "y1": 313,
        "w": 47,
        "h": 52
    },
    "frame_size": {
        "h": 1080,
        "w": 1920
    },
    "head_pose_angle_6drepnet360": {
        "yaw": 8.5956449508667,
        "pitch": -0.8977085947990417,
        "roll": -0.4334414601325989
    }
}