{
    "video_name": "zdb2023110907",
    "frame_id": 2401,
    "head_bbox": {
        "x0": 426,
        "y0": 299,
        "x1": 473,
        "y1": 350,
        "w": 47,
        "h": 51
    },
    "frame_size": {
        "h": 1080,
        "w": 1920
    },
    "head_pose_angle_6drepnet360": {
        "yaw": 13.742290496826172,
        "pitch": -22.3427734375,
        "roll": -5.572635173797607
    }
}