{
    "video_name": "zdb2023110907",
    "frame_id": 24101,
    "head_bbox": {
        "x0": 663,
        "y0": 256,
        "x1": 706,
        "y1": 307,
        "w": 43,
        "h": 51
    },
    "frame_size": {
        "h": 1080,
        "w": 1920
    },
    "head_pose_angle_6drepnet360": {
        "yaw": 5.909514427185059,
        "pitch": -0.24495179951190948,
        "roll": -0.3783184587955475
    }
}