{
    "video_name": "zdb2023110907",
    "frame_id": 24201,
    "head_bbox": {
        "x0": 488,
        "y0": 257,
        "x1": 535,
        "y1": 309,
        "w": 47,
        "h": 52
    },
    "frame_size": {
        "h": 1080,
        "w": 1920
    },
    "head_pose_angle_6drepnet360": {
        "yaw": -19.32135581970215,
        "pitch": 2.5549371242523193,
        "roll": -14.713932991027832
    }
}