{
    "video_name": "zdb2023110907",
    "frame_id": 24401,
    "head_bbox": {
        "x0": 872,
        "y0": 259,
        "x1": 914,
        "y1": 316,
        "w": 42,
        "h": 57
    },
    "frame_size": {
        "h": 1080,
        "w": 1920
    },
    "head_pose_angle_6drepnet360": {
        "yaw": 31.904848098754883,
        "pitch": -3.751126289367676,
        "roll": 0.6319950222969055
    }
}