{
    "video_name": "zdb2023110907",
    "frame_id": 24501,
    "head_bbox": {
        "x0": 685,
        "y0": 262,
        "x1": 729,
        "y1": 314,
        "w": 44,
        "h": 52
    },
    "frame_size": {
        "h": 1080,
        "w": 1920
    },
    "head_pose_angle_6drepnet360": {
        "yaw": 10.932331085205078,
        "pitch": 1.755937933921814,
        "roll": -1.3940811157226562
    }
}