{
    "video_name": "zdb2023110907",
    "frame_id": 24601,
    "head_bbox": {
        "x0": 530,
        "y0": 260,
        "x1": 577,
        "y1": 313,
        "w": 47,
        "h": 53
    },
    "frame_size": {
        "h": 1080,
        "w": 1920
    },
    "head_pose_angle_6drepnet360": {
        "yaw": 20.24729347229004,
        "pitch": -12.005637168884277,
        "roll": -12.619058609008789
    }
}