{
    "video_name": "zdb2023110907",
    "frame_id": 24701,
    "head_bbox": {
        "x0": 467,
        "y0": 260,
        "x1": 517,
        "y1": 305,
        "w": 50,
        "h": 45
    },
    "frame_size": {
        "h": 1080,
        "w": 1920
    },
    "head_pose_angle_6drepnet360": {
        "yaw": -68.0313949584961,
        "pitch": 79.51163482666016,
        "roll": -87.54364776611328
    }
}