{
    "video_name": "zdb2023110907",
    "frame_id": 24801,
    "head_bbox": {
        "x0": 720,
        "y0": 259,
        "x1": 766,
        "y1": 311,
        "w": 46,
        "h": 52
    },
    "frame_size": {
        "h": 1080,
        "w": 1920
    },
    "head_pose_angle_6drepnet360": {
        "yaw": -67.46839904785156,
        "pitch": 146.33721923828125,
        "roll": -167.53102111816406
    }
}