{
    "video_name": "zdb2023110907",
    "frame_id": 25001,
    "head_bbox": {
        "x0": 548,
        "y0": 256,
        "x1": 598,
        "y1": 309,
        "w": 50,
        "h": 53
    },
    "frame_size": {
        "h": 1080,
        "w": 1920
    },
    "head_pose_angle_6drepnet360": {
        "yaw": -32.34636306762695,
        "pitch": -1.2181841135025024,
        "roll": -13.502100944519043
    }
}