{
    "video_name": "zdb2023110907",
    "frame_id": 2501,
    "head_bbox": {
        "x0": 426,
        "y0": 301,
        "x1": 473,
        "y1": 350,
        "w": 47,
        "h": 49
    },
    "frame_size": {
        "h": 1080,
        "w": 1920
    },
    "head_pose_angle_6drepnet360": {
        "yaw": 11.395336151123047,
        "pitch": -29.47908592224121,
        "roll": -6.53647518157959
    }
}