{
    "video_name": "zdb2023110907",
    "frame_id": 25101,
    "head_bbox": {
        "x0": 533,
        "y0": 263,
        "x1": 596,
        "y1": 307,
        "w": 63,
        "h": 44
    },
    "frame_size": {
        "h": 1080,
        "w": 1920
    },
    "head_pose_angle_6drepnet360": {
        "yaw": -68.72379302978516,
        "pitch": 117.83462524414062,
        "roll": -137.10757446289062
    }
}