{
    "video_name": "zdb2023110907",
    "frame_id": 25201,
    "head_bbox": {
        "x0": 637,
        "y0": 266,
        "x1": 693,
        "y1": 309,
        "w": 56,
        "h": 43
    },
    "frame_size": {
        "h": 1080,
        "w": 1920
    },
    "head_pose_angle_6drepnet360": {
        "yaw": -61.01565170288086,
        "pitch": 144.59068298339844,
        "roll": -155.23268127441406
    }
}