{
    "video_name": "zdb2023110907",
    "frame_id": 25301,
    "head_bbox": {
        "x0": 498,
        "y0": 258,
        "x1": 542,
        "y1": 308,
        "w": 44,
        "h": 50
    },
    "frame_size": {
        "h": 1080,
        "w": 1920
    },
    "head_pose_angle_6drepnet360": {
        "yaw": 0.005372349172830582,
        "pitch": -5.511629581451416,
        "roll": -8.007634162902832
    }
}