{
    "video_name": "zdb2023110907",
    "frame_id": 25401,
    "head_bbox": {
        "x0": 635,
        "y0": 264,
        "x1": 698,
        "y1": 314,
        "w": 63,
        "h": 50
    },
    "frame_size": {
        "h": 1080,
        "w": 1920
    },
    "head_pose_angle_6drepnet360": {
        "yaw": -63.2172737121582,
        "pitch": 132.57284545898438,
        "roll": -148.6121826171875
    }
}