{
    "video_name": "zdb2023110907",
    "frame_id": 25501,
    "head_bbox": {
        "x0": 847,
        "y0": 259,
        "x1": 889,
        "y1": 318,
        "w": 42,
        "h": 59
    },
    "frame_size": {
        "h": 1080,
        "w": 1920
    },
    "head_pose_angle_6drepnet360": {
        "yaw": 26.52581214904785,
        "pitch": -4.304656028747559,
        "roll": 1.3957040309906006
    }
}