{
    "video_name": "zdb2023110907",
    "frame_id": 25701,
    "head_bbox": {
        "x0": 1078,
        "y0": 276,
        "x1": 1123,
        "y1": 336,
        "w": 45,
        "h": 60
    },
    "frame_size": {
        "h": 1080,
        "w": 1920
    },
    "head_pose_angle_6drepnet360": {
        "yaw": -12.602655410766602,
        "pitch": -6.846869945526123,
        "roll": -6.199769020080566
    }
}