{
    "video_name": "zdb2023110907",
    "frame_id": 25801,
    "head_bbox": {
        "x0": 1068,
        "y0": 274,
        "x1": 1115,
        "y1": 336,
        "w": 47,
        "h": 62
    },
    "frame_size": {
        "h": 1080,
        "w": 1920
    },
    "head_pose_angle_6drepnet360": {
        "yaw": 43.23200607299805,
        "pitch": -6.717116832733154,
        "roll": 0.186458557844162
    }
}