{
    "video_name": "zdb2023110907",
    "frame_id": 25901,
    "head_bbox": {
        "x0": 914,
        "y0": 269,
        "x1": 959,
        "y1": 328,
        "w": 45,
        "h": 59
    },
    "frame_size": {
        "h": 1080,
        "w": 1920
    },
    "head_pose_angle_6drepnet360": {
        "yaw": -9.646186828613281,
        "pitch": -6.120184898376465,
        "roll": -4.659578323364258
    }
}