{
    "video_name": "zdb2023110907",
    "frame_id": 26001,
    "head_bbox": {
        "x0": 799,
        "y0": 255,
        "x1": 842,
        "y1": 312,
        "w": 43,
        "h": 57
    },
    "frame_size": {
        "h": 1080,
        "w": 1920
    },
    "head_pose_angle_6drepnet360": {
        "yaw": -28.016029357910156,
        "pitch": -1.1087876558303833,
        "roll": -7.526983737945557
    }
}