{
    "video_name": "zdb2023110907",
    "frame_id": 2601,
    "head_bbox": {
        "x0": 428,
        "y0": 298,
        "x1": 474,
        "y1": 348,
        "w": 46,
        "h": 50
    },
    "frame_size": {
        "h": 1080,
        "w": 1920
    },
    "head_pose_angle_6drepnet360": {
        "yaw": 13.937816619873047,
        "pitch": -21.621999740600586,
        "roll": -4.436877250671387
    }
}