{
    "video_name": "zdb2023110907",
    "frame_id": 26101,
    "head_bbox": {
        "x0": 891,
        "y0": 266,
        "x1": 934,
        "y1": 326,
        "w": 43,
        "h": 60
    },
    "frame_size": {
        "h": 1080,
        "w": 1920
    },
    "head_pose_angle_6drepnet360": {
        "yaw": -17.18241310119629,
        "pitch": -6.434402942657471,
        "roll": -4.457451820373535
    }
}