{
    "video_name": "zdb2023110907",
    "frame_id": 26201,
    "head_bbox": {
        "x0": 1112,
        "y0": 275,
        "x1": 1156,
        "y1": 335,
        "w": 44,
        "h": 60
    },
    "frame_size": {
        "h": 1080,
        "w": 1920
    },
    "head_pose_angle_6drepnet360": {
        "yaw": 5.332930088043213,
        "pitch": -6.3018670082092285,
        "roll": -7.0807929039001465
    }
}