{
    "video_name": "zdb2023110907",
    "frame_id": 26301,
    "head_bbox": {
        "x0": 1058,
        "y0": 276,
        "x1": 1105,
        "y1": 338,
        "w": 47,
        "h": 62
    },
    "frame_size": {
        "h": 1080,
        "w": 1920
    },
    "head_pose_angle_6drepnet360": {
        "yaw": 32.06447982788086,
        "pitch": -8.4884033203125,
        "roll": 1.2880990505218506
    }
}