{
    "video_name": "zdb2023110907",
    "frame_id": 26401,
    "head_bbox": {
        "x0": 898,
        "y0": 267,
        "x1": 942,
        "y1": 326,
        "w": 44,
        "h": 59
    },
    "frame_size": {
        "h": 1080,
        "w": 1920
    },
    "head_pose_angle_6drepnet360": {
        "yaw": -12.604330062866211,
        "pitch": -4.602899074554443,
        "roll": -5.056900501251221
    }
}