{
    "video_name": "zdb2023110907",
    "frame_id": 26501,
    "head_bbox": {
        "x0": 700,
        "y0": 259,
        "x1": 745,
        "y1": 313,
        "w": 45,
        "h": 54
    },
    "frame_size": {
        "h": 1080,
        "w": 1920
    },
    "head_pose_angle_6drepnet360": {
        "yaw": 23.3039493560791,
        "pitch": -6.476161479949951,
        "roll": -4.7704668045043945
    }
}