{
    "video_name": "zdb2023110907",
    "frame_id": 26601,
    "head_bbox": {
        "x0": 626,
        "y0": 263,
        "x1": 677,
        "y1": 312,
        "w": 51,
        "h": 49
    },
    "frame_size": {
        "h": 1080,
        "w": 1920
    },
    "head_pose_angle_6drepnet360": {
        "yaw": -75.59735870361328,
        "pitch": 33.89802551269531,
        "roll": -47.13857650756836
    }
}