{
    "video_name": "zdb2023110907",
    "frame_id": 26701,
    "head_bbox": {
        "x0": 735,
        "y0": 261,
        "x1": 778,
        "y1": 318,
        "w": 43,
        "h": 57
    },
    "frame_size": {
        "h": 1080,
        "w": 1920
    },
    "head_pose_angle_6drepnet360": {
        "yaw": -18.425668716430664,
        "pitch": -5.9002299308776855,
        "roll": -2.9345879554748535
    }
}