{
    "video_name": "zdb2023110907",
    "frame_id": 26801,
    "head_bbox": {
        "x0": 803,
        "y0": 265,
        "x1": 849,
        "y1": 324,
        "w": 46,
        "h": 59
    },
    "frame_size": {
        "h": 1080,
        "w": 1920
    },
    "head_pose_angle_6drepnet360": {
        "yaw": -34.19331359863281,
        "pitch": -3.581404447555542,
        "roll": -6.553547382354736
    }
}