{
    "video_name": "zdb2023110907",
    "frame_id": 26901,
    "head_bbox": {
        "x0": 757,
        "y0": 259,
        "x1": 799,
        "y1": 314,
        "w": 42,
        "h": 55
    },
    "frame_size": {
        "h": 1080,
        "w": 1920
    },
    "head_pose_angle_6drepnet360": {
        "yaw": 12.668416976928711,
        "pitch": -1.4827901124954224,
        "roll": 0.7316709160804749
    }
}