{
    "video_name": "zdb2023110907",
    "frame_id": 27001,
    "head_bbox": {
        "x0": 533,
        "y0": 255,
        "x1": 580,
        "y1": 306,
        "w": 47,
        "h": 51
    },
    "frame_size": {
        "h": 1080,
        "w": 1920
    },
    "head_pose_angle_6drepnet360": {
        "yaw": -12.4896240234375,
        "pitch": 0.4635147452354431,
        "roll": -9.777242660522461
    }
}