{
    "video_name": "zdb2023110907",
    "frame_id": 2701,
    "head_bbox": {
        "x0": 429,
        "y0": 279,
        "x1": 475,
        "y1": 343,
        "w": 46,
        "h": 64
    },
    "frame_size": {
        "h": 1080,
        "w": 1920
    },
    "head_pose_angle_6drepnet360": {
        "yaw": 7.4215168952941895,
        "pitch": -24.029029846191406,
        "roll": -6.579353332519531
    }
}