{
    "video_name": "zdb2023110907",
    "frame_id": 27101,
    "head_bbox": {
        "x0": 644,
        "y0": 265,
        "x1": 707,
        "y1": 315,
        "w": 63,
        "h": 50
    },
    "frame_size": {
        "h": 1080,
        "w": 1920
    },
    "head_pose_angle_6drepnet360": {
        "yaw": -63.58068084716797,
        "pitch": 134.07188415527344,
        "roll": -152.1885986328125
    }
}