{
    "video_name": "zdb2023110907",
    "frame_id": 27201,
    "head_bbox": {
        "x0": 652,
        "y0": 259,
        "x1": 698,
        "y1": 311,
        "w": 46,
        "h": 52
    },
    "frame_size": {
        "h": 1080,
        "w": 1920
    },
    "head_pose_angle_6drepnet360": {
        "yaw": 43.534950256347656,
        "pitch": -7.801914691925049,
        "roll": -7.069141864776611
    }
}