{
    "video_name": "zdb2023110907",
    "frame_id": 27301,
    "head_bbox": {
        "x0": 625,
        "y0": 262,
        "x1": 682,
        "y1": 312,
        "w": 57,
        "h": 50
    },
    "frame_size": {
        "h": 1080,
        "w": 1920
    },
    "head_pose_angle_6drepnet360": {
        "yaw": -81.42384338378906,
        "pitch": 125.26350402832031,
        "roll": -132.08526611328125
    }
}