{
    "video_name": "zdb2023110907",
    "frame_id": 27401,
    "head_bbox": {
        "x0": 786,
        "y0": 256,
        "x1": 827,
        "y1": 312,
        "w": 41,
        "h": 56
    },
    "frame_size": {
        "h": 1080,
        "w": 1920
    },
    "head_pose_angle_6drepnet360": {
        "yaw": 13.93105697631836,
        "pitch": -1.6631743907928467,
        "roll": -2.074843406677246
    }
}