{
    "video_name": "zdb2023110907",
    "frame_id": 27501,
    "head_bbox": {
        "x0": 718,
        "y0": 256,
        "x1": 759,
        "y1": 312,
        "w": 41,
        "h": 56
    },
    "frame_size": {
        "h": 1080,
        "w": 1920
    },
    "head_pose_angle_6drepnet360": {
        "yaw": 8.553854942321777,
        "pitch": -3.4499523639678955,
        "roll": -3.1308648586273193
    }
}