{
    "video_name": "zdb2023110907",
    "frame_id": 27701,
    "head_bbox": {
        "x0": 833,
        "y0": 257,
        "x1": 876,
        "y1": 315,
        "w": 43,
        "h": 58
    },
    "frame_size": {
        "h": 1080,
        "w": 1920
    },
    "head_pose_angle_6drepnet360": {
        "yaw": -5.899465560913086,
        "pitch": -7.696067810058594,
        "roll": 0.9976856708526611
    }
}