{
    "video_name": "zdb2023110907",
    "frame_id": 27801,
    "head_bbox": {
        "x0": 903,
        "y0": 266,
        "x1": 949,
        "y1": 325,
        "w": 46,
        "h": 59
    },
    "frame_size": {
        "h": 1080,
        "w": 1920
    },
    "head_pose_angle_6drepnet360": {
        "yaw": -28.879066467285156,
        "pitch": -15.21174144744873,
        "roll": 21.682825088500977
    }
}