{
    "video_name": "zdb2023110907",
    "frame_id": 27901,
    "head_bbox": {
        "x0": 1072,
        "y0": 274,
        "x1": 1118,
        "y1": 335,
        "w": 46,
        "h": 61
    },
    "frame_size": {
        "h": 1080,
        "w": 1920
    },
    "head_pose_angle_6drepnet360": {
        "yaw": -23.69049835205078,
        "pitch": -9.863587379455566,
        "roll": 8.50160026550293
    }
}