{
    "video_name": "zdb2023110907",
    "frame_id": 28001,
    "head_bbox": {
        "x0": 1059,
        "y0": 272,
        "x1": 1104,
        "y1": 330,
        "w": 45,
        "h": 58
    },
    "frame_size": {
        "h": 1080,
        "w": 1920
    },
    "head_pose_angle_6drepnet360": {
        "yaw": 48.662349700927734,
        "pitch": -0.5456425547599792,
        "roll": 3.115618944168091
    }
}