{
    "video_name": "zdb2023110907",
    "frame_id": 2801,
    "head_bbox": {
        "x0": 432,
        "y0": 294,
        "x1": 479,
        "y1": 348,
        "w": 47,
        "h": 54
    },
    "frame_size": {
        "h": 1080,
        "w": 1920
    },
    "head_pose_angle_6drepnet360": {
        "yaw": -3.4953978061676025,
        "pitch": -16.752254486083984,
        "roll": -13.541786193847656
    }
}