{
    "video_name": "zdb2023110907",
    "frame_id": 28201,
    "head_bbox": {
        "x0": 762,
        "y0": 261,
        "x1": 807,
        "y1": 320,
        "w": 45,
        "h": 59
    },
    "frame_size": {
        "h": 1080,
        "w": 1920
    },
    "head_pose_angle_6drepnet360": {
        "yaw": -31.74802017211914,
        "pitch": -1.5211106538772583,
        "roll": -11.314846992492676
    }
}