{
    "video_name": "zdb2023110907",
    "frame_id": 28601,
    "head_bbox": {
        "x0": 870,
        "y0": 263,
        "x1": 913,
        "y1": 322,
        "w": 43,
        "h": 59
    },
    "frame_size": {
        "h": 1080,
        "w": 1920
    },
    "head_pose_angle_6drepnet360": {
        "yaw": 2.3859925270080566,
        "pitch": -5.885194778442383,
        "roll": 0.43614527583122253
    }
}