{
    "video_name": "zdb2023110907",
    "frame_id": 28701,
    "head_bbox": {
        "x0": 890,
        "y0": 260,
        "x1": 932,
        "y1": 319,
        "w": 42,
        "h": 59
    },
    "frame_size": {
        "h": 1080,
        "w": 1920
    },
    "head_pose_angle_6drepnet360": {
        "yaw": -18.988502502441406,
        "pitch": -4.5343546867370605,
        "roll": -0.9930031299591064
    }
}