{
    "video_name": "zdb2023110907",
    "frame_id": 28801,
    "head_bbox": {
        "x0": 827,
        "y0": 263,
        "x1": 871,
        "y1": 323,
        "w": 44,
        "h": 60
    },
    "frame_size": {
        "h": 1080,
        "w": 1920
    },
    "head_pose_angle_6drepnet360": {
        "yaw": -13.876847267150879,
        "pitch": -6.033926010131836,
        "roll": -9.145492553710938
    }
}