{
    "video_name": "zdb2023110907",
    "frame_id": 28901,
    "head_bbox": {
        "x0": 778,
        "y0": 261,
        "x1": 821,
        "y1": 320,
        "w": 43,
        "h": 59
    },
    "frame_size": {
        "h": 1080,
        "w": 1920
    },
    "head_pose_angle_6drepnet360": {
        "yaw": -22.73886489868164,
        "pitch": -9.285204887390137,
        "roll": -9.439842224121094
    }
}