{
    "video_name": "zdb2023110907",
    "frame_id": 29001,
    "head_bbox": {
        "x0": 928,
        "y0": 268,
        "x1": 972,
        "y1": 323,
        "w": 44,
        "h": 55
    },
    "frame_size": {
        "h": 1080,
        "w": 1920
    },
    "head_pose_angle_6drepnet360": {
        "yaw": -54.49366760253906,
        "pitch": -151.12429809570312,
        "roll": 141.18511962890625
    }
}