{
    "video_name": "zdb2023110907",
    "frame_id": 2901,
    "head_bbox": {
        "x0": 446,
        "y0": 294,
        "x1": 493,
        "y1": 346,
        "w": 47,
        "h": 52
    },
    "frame_size": {
        "h": 1080,
        "w": 1920
    },
    "head_pose_angle_6drepnet360": {
        "yaw": -4.312045097351074,
        "pitch": -18.502452850341797,
        "roll": -9.29786491394043
    }
}