{
    "video_name": "zdb2023110907",
    "frame_id": 29101,
    "head_bbox": {
        "x0": 852,
        "y0": 260,
        "x1": 896,
        "y1": 319,
        "w": 44,
        "h": 59
    },
    "frame_size": {
        "h": 1080,
        "w": 1920
    },
    "head_pose_angle_6drepnet360": {
        "yaw": 27.804515838623047,
        "pitch": -15.38028621673584,
        "roll": -11.412898063659668
    }
}