{
    "video_name": "zdb2023110907",
    "frame_id": 29201,
    "head_bbox": {
        "x0": 786,
        "y0": 256,
        "x1": 831,
        "y1": 315,
        "w": 45,
        "h": 59
    },
    "frame_size": {
        "h": 1080,
        "w": 1920
    },
    "head_pose_angle_6drepnet360": {
        "yaw": -23.57169532775879,
        "pitch": -6.092696189880371,
        "roll": -6.785817623138428
    }
}