{
    "video_name": "zdb2023110907",
    "frame_id": 29401,
    "head_bbox": {
        "x0": 887,
        "y0": 266,
        "x1": 930,
        "y1": 326,
        "w": 43,
        "h": 60
    },
    "frame_size": {
        "h": 1080,
        "w": 1920
    },
    "head_pose_angle_6drepnet360": {
        "yaw": 1.6231907606124878,
        "pitch": -4.37007474899292,
        "roll": 0.3887377381324768
    }
}