{
    "video_name": "zdb2023110907",
    "frame_id": 29501,
    "head_bbox": {
        "x0": 782,
        "y0": 255,
        "x1": 824,
        "y1": 313,
        "w": 42,
        "h": 58
    },
    "frame_size": {
        "h": 1080,
        "w": 1920
    },
    "head_pose_angle_6drepnet360": {
        "yaw": 1.7954185009002686,
        "pitch": -3.364471435546875,
        "roll": -3.320258140563965
    }
}