{
    "video_name": "zdb2023110907",
    "frame_id": 29701,
    "head_bbox": {
        "x0": 421,
        "y0": 271,
        "x1": 463,
        "y1": 320,
        "w": 42,
        "h": 49
    },
    "frame_size": {
        "h": 1080,
        "w": 1920
    },
    "head_pose_angle_6drepnet360": {
        "yaw": -0.3510414958000183,
        "pitch": -10.912986755371094,
        "roll": -14.191704750061035
    }
}