{
    "video_name": "zdb2023110907",
    "frame_id": 29801,
    "head_bbox": {
        "x0": 637,
        "y0": 264,
        "x1": 700,
        "y1": 313,
        "w": 63,
        "h": 49
    },
    "frame_size": {
        "h": 1080,
        "w": 1920
    },
    "head_pose_angle_6drepnet360": {
        "yaw": -75.71481323242188,
        "pitch": 79.80073547363281,
        "roll": -95.15254974365234
    }
}