{
    "video_name": "zdb2023110907",
    "frame_id": 29901,
    "head_bbox": {
        "x0": 864,
        "y0": 260,
        "x1": 909,
        "y1": 318,
        "w": 45,
        "h": 58
    },
    "frame_size": {
        "h": 1080,
        "w": 1920
    },
    "head_pose_angle_6drepnet360": {
        "yaw": -26.45026969909668,
        "pitch": -9.575284004211426,
        "roll": -0.8775884509086609
    }
}