{
    "video_name": "zdb2023110907",
    "frame_id": 30001,
    "head_bbox": {
        "x0": 909,
        "y0": 255,
        "x1": 949,
        "y1": 310,
        "w": 40,
        "h": 55
    },
    "frame_size": {
        "h": 1080,
        "w": 1920
    },
    "head_pose_angle_6drepnet360": {
        "yaw": 23.3769588470459,
        "pitch": -2.2341201305389404,
        "roll": 5.806465148925781
    }
}