{
    "video_name": "zdb2023110907",
    "frame_id": 3001,
    "head_bbox": {
        "x0": 434,
        "y0": 293,
        "x1": 481,
        "y1": 345,
        "w": 47,
        "h": 52
    },
    "frame_size": {
        "h": 1080,
        "w": 1920
    },
    "head_pose_angle_6drepnet360": {
        "yaw": -1.6057801246643066,
        "pitch": -14.65062427520752,
        "roll": -14.472064018249512
    }
}