{
    "video_name": "zdb2023110907",
    "frame_id": 301,
    "head_bbox": {
        "x0": 496,
        "y0": 260,
        "x1": 545,
        "y1": 308,
        "w": 49,
        "h": 48
    },
    "frame_size": {
        "h": 1080,
        "w": 1920
    },
    "head_pose_angle_6drepnet360": {
        "yaw": -25.48696517944336,
        "pitch": 4.264227390289307,
        "roll": -8.201967239379883
    }
}