{
    "video_name": "zdb2023110907",
    "frame_id": 30101,
    "head_bbox": {
        "x0": 957,
        "y0": 270,
        "x1": 1000,
        "y1": 323,
        "w": 43,
        "h": 53
    },
    "frame_size": {
        "h": 1080,
        "w": 1920
    },
    "head_pose_angle_6drepnet360": {
        "yaw": 7.476757049560547,
        "pitch": -1.2653040885925293,
        "roll": 1.3036892414093018
    }
}