{
    "video_name": "zdb2023110907",
    "frame_id": 30201,
    "head_bbox": {
        "x0": 877,
        "y0": 265,
        "x1": 919,
        "y1": 326,
        "w": 42,
        "h": 61
    },
    "frame_size": {
        "h": 1080,
        "w": 1920
    },
    "head_pose_angle_6drepnet360": {
        "yaw": 4.347060203552246,
        "pitch": -5.282417297363281,
        "roll": -7.6479973793029785
    }
}