{
    "video_name": "zdb2023110907",
    "frame_id": 30301,
    "head_bbox": {
        "x0": 683,
        "y0": 254,
        "x1": 730,
        "y1": 307,
        "w": 47,
        "h": 53
    },
    "frame_size": {
        "h": 1080,
        "w": 1920
    },
    "head_pose_angle_6drepnet360": {
        "yaw": 33.46083068847656,
        "pitch": -4.188896179199219,
        "roll": -3.883540391921997
    }
}