{
    "video_name": "zdb2023110907",
    "frame_id": 30401,
    "head_bbox": {
        "x0": 481,
        "y0": 269,
        "x1": 525,
        "y1": 325,
        "w": 44,
        "h": 56
    },
    "frame_size": {
        "h": 1080,
        "w": 1920
    },
    "head_pose_angle_6drepnet360": {
        "yaw": 12.242138862609863,
        "pitch": -16.160694122314453,
        "roll": -13.913846015930176
    }
}