{
    "video_name": "zdb2023110907",
    "frame_id": 30501,
    "head_bbox": {
        "x0": 712,
        "y0": 258,
        "x1": 764,
        "y1": 309,
        "w": 52,
        "h": 51
    },
    "frame_size": {
        "h": 1080,
        "w": 1920
    },
    "head_pose_angle_6drepnet360": {
        "yaw": -74.07952880859375,
        "pitch": 114.11444854736328,
        "roll": -137.5935516357422
    }
}