{
    "video_name": "zdb2023110907",
    "frame_id": 30601,
    "head_bbox": {
        "x0": 692,
        "y0": 259,
        "x1": 749,
        "y1": 314,
        "w": 57,
        "h": 55
    },
    "frame_size": {
        "h": 1080,
        "w": 1920
    },
    "head_pose_angle_6drepnet360": {
        "yaw": -57.35136032104492,
        "pitch": 159.97299194335938,
        "roll": -169.85769653320312
    }
}