{
    "video_name": "zdb2023110907",
    "frame_id": 30701,
    "head_bbox": {
        "x0": 744,
        "y0": 264,
        "x1": 794,
        "y1": 318,
        "w": 50,
        "h": 54
    },
    "frame_size": {
        "h": 1080,
        "w": 1920
    },
    "head_pose_angle_6drepnet360": {
        "yaw": -51.859222412109375,
        "pitch": 142.174072265625,
        "roll": -160.94210815429688
    }
}