{
    "video_name": "zdb2023110907",
    "frame_id": 30801,
    "head_bbox": {
        "x0": 771,
        "y0": 257,
        "x1": 821,
        "y1": 309,
        "w": 50,
        "h": 52
    },
    "frame_size": {
        "h": 1080,
        "w": 1920
    },
    "head_pose_angle_6drepnet360": {
        "yaw": -46.41903305053711,
        "pitch": 139.97427368164062,
        "roll": -158.92886352539062
    }
}