{
    "video_name": "zdb2023110907",
    "frame_id": 30901,
    "head_bbox": {
        "x0": 782,
        "y0": 259,
        "x1": 826,
        "y1": 314,
        "w": 44,
        "h": 55
    },
    "frame_size": {
        "h": 1080,
        "w": 1920
    },
    "head_pose_angle_6drepnet360": {
        "yaw": 36.635475158691406,
        "pitch": 1.3953248262405396,
        "roll": 8.270557403564453
    }
}