{
    "video_name": "zdb2023110907",
    "frame_id": 3101,
    "head_bbox": {
        "x0": 443,
        "y0": 288,
        "x1": 490,
        "y1": 339,
        "w": 47,
        "h": 51
    },
    "frame_size": {
        "h": 1080,
        "w": 1920
    },
    "head_pose_angle_6drepnet360": {
        "yaw": 8.709857940673828,
        "pitch": -21.72295379638672,
        "roll": -5.004951000213623
    }
}