{
    "video_name": "zdb2023110907",
    "frame_id": 31101,
    "head_bbox": {
        "x0": 645,
        "y0": 258,
        "x1": 692,
        "y1": 317,
        "w": 47,
        "h": 59
    },
    "frame_size": {
        "h": 1080,
        "w": 1920
    },
    "head_pose_angle_6drepnet360": {
        "yaw": -21.36199188232422,
        "pitch": -11.088972091674805,
        "roll": -1.699337363243103
    }
}