{
    "video_name": "zdb2023110907",
    "frame_id": 31201,
    "head_bbox": {
        "x0": 807,
        "y0": 263,
        "x1": 854,
        "y1": 318,
        "w": 47,
        "h": 55
    },
    "frame_size": {
        "h": 1080,
        "w": 1920
    },
    "head_pose_angle_6drepnet360": {
        "yaw": -43.41501235961914,
        "pitch": 158.72653198242188,
        "roll": -178.04078674316406
    }
}