{
    "video_name": "zdb2023110907",
    "frame_id": 31301,
    "head_bbox": {
        "x0": 854,
        "y0": 257,
        "x1": 899,
        "y1": 310,
        "w": 45,
        "h": 53
    },
    "frame_size": {
        "h": 1080,
        "w": 1920
    },
    "head_pose_angle_6drepnet360": {
        "yaw": 31.27738380432129,
        "pitch": 3.603774070739746,
        "roll": 12.610551834106445
    }
}