{
    "video_name": "zdb2023110907",
    "frame_id": 31601,
    "head_bbox": {
        "x0": 650,
        "y0": 257,
        "x1": 707,
        "y1": 309,
        "w": 57,
        "h": 52
    },
    "frame_size": {
        "h": 1080,
        "w": 1920
    },
    "head_pose_angle_6drepnet360": {
        "yaw": -74.88909912109375,
        "pitch": 60.483280181884766,
        "roll": -78.16815185546875
    }
}