{
    "video_name": "zdb2023110907",
    "frame_id": 31701,
    "head_bbox": {
        "x0": 798,
        "y0": 265,
        "x1": 843,
        "y1": 327,
        "w": 45,
        "h": 62
    },
    "frame_size": {
        "h": 1080,
        "w": 1920
    },
    "head_pose_angle_6drepnet360": {
        "yaw": -43.405025482177734,
        "pitch": -25.93319320678711,
        "roll": 8.250311851501465
    }
}