{
    "video_name": "zdb2023110907",
    "frame_id": 32001,
    "head_bbox": {
        "x0": 669,
        "y0": 262,
        "x1": 724,
        "y1": 314,
        "w": 55,
        "h": 52
    },
    "frame_size": {
        "h": 1080,
        "w": 1920
    },
    "head_pose_angle_6drepnet360": {
        "yaw": -69.87336730957031,
        "pitch": 117.83275604248047,
        "roll": -130.8956298828125
    }
}