{
    "video_name": "zdb2023110907",
    "frame_id": 3201,
    "head_bbox": {
        "x0": 426,
        "y0": 298,
        "x1": 476,
        "y1": 344,
        "w": 50,
        "h": 46
    },
    "frame_size": {
        "h": 1080,
        "w": 1920
    },
    "head_pose_angle_6drepnet360": {
        "yaw": 19.364896774291992,
        "pitch": -27.07878303527832,
        "roll": -4.444907188415527
    }
}