{
    "video_name": "zdb2023110907",
    "frame_id": 32101,
    "head_bbox": {
        "x0": 778,
        "y0": 258,
        "x1": 828,
        "y1": 307,
        "w": 50,
        "h": 49
    },
    "frame_size": {
        "h": 1080,
        "w": 1920
    },
    "head_pose_angle_6drepnet360": {
        "yaw": -74.69767761230469,
        "pitch": 125.28881072998047,
        "roll": -141.49925231933594
    }
}