{
    "video_name": "zdb2023110907",
    "frame_id": 32201,
    "head_bbox": {
        "x0": 904,
        "y0": 265,
        "x1": 950,
        "y1": 318,
        "w": 46,
        "h": 53
    },
    "frame_size": {
        "h": 1080,
        "w": 1920
    },
    "head_pose_angle_6drepnet360": {
        "yaw": -47.3887825012207,
        "pitch": 146.52218627929688,
        "roll": -161.14117431640625
    }
}