{
    "video_name": "zdb2023110907",
    "frame_id": 32301,
    "head_bbox": {
        "x0": 892,
        "y0": 261,
        "x1": 941,
        "y1": 316,
        "w": 49,
        "h": 55
    },
    "frame_size": {
        "h": 1080,
        "w": 1920
    },
    "head_pose_angle_6drepnet360": {
        "yaw": -46.31267166137695,
        "pitch": 146.03541564941406,
        "roll": -160.25469970703125
    }
}