{
    "video_name": "zdb2023110907",
    "frame_id": 32401,
    "head_bbox": {
        "x0": 638,
        "y0": 262,
        "x1": 680,
        "y1": 315,
        "w": 42,
        "h": 53
    },
    "frame_size": {
        "h": 1080,
        "w": 1920
    },
    "head_pose_angle_6drepnet360": {
        "yaw": -8.821578979492188,
        "pitch": -5.53103494644165,
        "roll": -6.898950576782227
    }
}