{
    "video_name": "zdb2023110907",
    "frame_id": 32501,
    "head_bbox": {
        "x0": 458,
        "y0": 265,
        "x1": 501,
        "y1": 316,
        "w": 43,
        "h": 51
    },
    "frame_size": {
        "h": 1080,
        "w": 1920
    },
    "head_pose_angle_6drepnet360": {
        "yaw": 2.912945032119751,
        "pitch": -6.888400554656982,
        "roll": -11.467005729675293
    }
}