{
    "video_name": "zdb2023110907",
    "frame_id": 32601,
    "head_bbox": {
        "x0": 558,
        "y0": 262,
        "x1": 612,
        "y1": 307,
        "w": 54,
        "h": 45
    },
    "frame_size": {
        "h": 1080,
        "w": 1920
    },
    "head_pose_angle_6drepnet360": {
        "yaw": -76.98867797851562,
        "pitch": 32.297035217285156,
        "roll": -46.22783660888672
    }
}