{
    "video_name": "zdb2023110907",
    "frame_id": 32701,
    "head_bbox": {
        "x0": 777,
        "y0": 261,
        "x1": 823,
        "y1": 318,
        "w": 46,
        "h": 57
    },
    "frame_size": {
        "h": 1080,
        "w": 1920
    },
    "head_pose_angle_6drepnet360": {
        "yaw": -43.886268615722656,
        "pitch": -3.9992387294769287,
        "roll": -10.534061431884766
    }
}