{
    "video_name": "zdb2023110907",
    "frame_id": 32801,
    "head_bbox": {
        "x0": 934,
        "y0": 267,
        "x1": 977,
        "y1": 328,
        "w": 43,
        "h": 61
    },
    "frame_size": {
        "h": 1080,
        "w": 1920
    },
    "head_pose_angle_6drepnet360": {
        "yaw": 6.815410614013672,
        "pitch": -5.617987632751465,
        "roll": -5.073329925537109
    }
}