{
    "video_name": "zdb2023110907",
    "frame_id": 32901,
    "head_bbox": {
        "x0": 872,
        "y0": 267,
        "x1": 915,
        "y1": 324,
        "w": 43,
        "h": 57
    },
    "frame_size": {
        "h": 1080,
        "w": 1920
    },
    "head_pose_angle_6drepnet360": {
        "yaw": 30.235538482666016,
        "pitch": -3.6014115810394287,
        "roll": -0.29818108677864075
    }
}