{
    "video_name": "zdb2023110907",
    "frame_id": 33001,
    "head_bbox": {
        "x0": 834,
        "y0": 254,
        "x1": 875,
        "y1": 310,
        "w": 41,
        "h": 56
    },
    "frame_size": {
        "h": 1080,
        "w": 1920
    },
    "head_pose_angle_6drepnet360": {
        "yaw": 9.971392631530762,
        "pitch": 0.21557201445102692,
        "roll": -2.80527400970459
    }
}