{
    "video_name": "zdb2023110907",
    "frame_id": 3301,
    "head_bbox": {
        "x0": 430,
        "y0": 289,
        "x1": 477,
        "y1": 342,
        "w": 47,
        "h": 53
    },
    "frame_size": {
        "h": 1080,
        "w": 1920
    },
    "head_pose_angle_6drepnet360": {
        "yaw": 15.609111785888672,
        "pitch": -25.433380126953125,
        "roll": -7.999675273895264
    }
}