{
    "video_name": "zdb2023110907",
    "frame_id": 33101,
    "head_bbox": {
        "x0": 779,
        "y0": 259,
        "x1": 823,
        "y1": 319,
        "w": 44,
        "h": 60
    },
    "frame_size": {
        "h": 1080,
        "w": 1920
    },
    "head_pose_angle_6drepnet360": {
        "yaw": -16.71857452392578,
        "pitch": -4.181185245513916,
        "roll": -7.1388654708862305
    }
}