{
    "video_name": "zdb2023110907",
    "frame_id": 33201,
    "head_bbox": {
        "x0": 875,
        "y0": 267,
        "x1": 921,
        "y1": 324,
        "w": 46,
        "h": 57
    },
    "frame_size": {
        "h": 1080,
        "w": 1920
    },
    "head_pose_angle_6drepnet360": {
        "yaw": -41.11470031738281,
        "pitch": -3.1503798961639404,
        "roll": -9.646330833435059
    }
}