{
    "video_name": "zdb2023110907",
    "frame_id": 33301,
    "head_bbox": {
        "x0": 908,
        "y0": 261,
        "x1": 950,
        "y1": 317,
        "w": 42,
        "h": 56
    },
    "frame_size": {
        "h": 1080,
        "w": 1920
    },
    "head_pose_angle_6drepnet360": {
        "yaw": 11.390576362609863,
        "pitch": 1.497997760772705,
        "roll": -2.0168113708496094
    }
}