{
    "video_name": "zdb2023110907",
    "frame_id": 33401,
    "head_bbox": {
        "x0": 878,
        "y0": 259,
        "x1": 919,
        "y1": 315,
        "w": 41,
        "h": 56
    },
    "frame_size": {
        "h": 1080,
        "w": 1920
    },
    "head_pose_angle_6drepnet360": {
        "yaw": -13.84286117553711,
        "pitch": -2.9388673305511475,
        "roll": -11.639840126037598
    }
}