{
    "video_name": "zdb2023110907",
    "frame_id": 33501,
    "head_bbox": {
        "x0": 829,
        "y0": 267,
        "x1": 877,
        "y1": 327,
        "w": 48,
        "h": 60
    },
    "frame_size": {
        "h": 1080,
        "w": 1920
    },
    "head_pose_angle_6drepnet360": {
        "yaw": -40.229373931884766,
        "pitch": -0.10008903592824936,
        "roll": -12.12930679321289
    }
}