{
    "video_name": "zdb2023110907",
    "frame_id": 33601,
    "head_bbox": {
        "x0": 759,
        "y0": 258,
        "x1": 801,
        "y1": 311,
        "w": 42,
        "h": 53
    },
    "frame_size": {
        "h": 1080,
        "w": 1920
    },
    "head_pose_angle_6drepnet360": {
        "yaw": 15.168774604797363,
        "pitch": 0.16853299736976624,
        "roll": -6.677854537963867
    }
}