{
    "video_name": "zdb2023110907",
    "frame_id": 33701,
    "head_bbox": {
        "x0": 606,
        "y0": 260,
        "x1": 652,
        "y1": 314,
        "w": 46,
        "h": 54
    },
    "frame_size": {
        "h": 1080,
        "w": 1920
    },
    "head_pose_angle_6drepnet360": {
        "yaw": 0.6432816982269287,
        "pitch": -0.3877461850643158,
        "roll": -3.120990514755249
    }
}