{
    "video_name": "zdb2023110907",
    "frame_id": 33801,
    "head_bbox": {
        "x0": 616,
        "y0": 258,
        "x1": 665,
        "y1": 309,
        "w": 49,
        "h": 51
    },
    "frame_size": {
        "h": 1080,
        "w": 1920
    },
    "head_pose_angle_6drepnet360": {
        "yaw": -23.089130401611328,
        "pitch": 2.4988765716552734,
        "roll": -8.75663948059082
    }
}