{
    "video_name": "zdb2023110907",
    "frame_id": 34001,
    "head_bbox": {
        "x0": 935,
        "y0": 271,
        "x1": 981,
        "y1": 331,
        "w": 46,
        "h": 60
    },
    "frame_size": {
        "h": 1080,
        "w": 1920
    },
    "head_pose_angle_6drepnet360": {
        "yaw": -26.820098876953125,
        "pitch": -6.448195934295654,
        "roll": -8.02127742767334
    }
}