{
    "video_name": "zdb2023110907",
    "frame_id": 3401,
    "head_bbox": {
        "x0": 424,
        "y0": 270,
        "x1": 469,
        "y1": 320,
        "w": 45,
        "h": 50
    },
    "frame_size": {
        "h": 1080,
        "w": 1920
    },
    "head_pose_angle_6drepnet360": {
        "yaw": 15.439123153686523,
        "pitch": -23.35420036315918,
        "roll": -11.379843711853027
    }
}