{
    "video_name": "zdb2023110907",
    "frame_id": 34101,
    "head_bbox": {
        "x0": 966,
        "y0": 273,
        "x1": 1010,
        "y1": 333,
        "w": 44,
        "h": 60
    },
    "frame_size": {
        "h": 1080,
        "w": 1920
    },
    "head_pose_angle_6drepnet360": {
        "yaw": 14.601963996887207,
        "pitch": -5.191538333892822,
        "roll": 2.1557273864746094
    }
}