{
    "video_name": "zdb2023110907",
    "frame_id": 34201,
    "head_bbox": {
        "x0": 997,
        "y0": 269,
        "x1": 1041,
        "y1": 327,
        "w": 44,
        "h": 58
    },
    "frame_size": {
        "h": 1080,
        "w": 1920
    },
    "head_pose_angle_6drepnet360": {
        "yaw": 24.911640167236328,
        "pitch": -4.941971778869629,
        "roll": -3.6647913455963135
    }
}