{
    "video_name": "zdb2023110907",
    "frame_id": 34301,
    "head_bbox": {
        "x0": 959,
        "y0": 275,
        "x1": 1004,
        "y1": 335,
        "w": 45,
        "h": 60
    },
    "frame_size": {
        "h": 1080,
        "w": 1920
    },
    "head_pose_angle_6drepnet360": {
        "yaw": -6.69771671295166,
        "pitch": -4.581929683685303,
        "roll": 5.158966541290283
    }
}