{
    "video_name": "zdb2023110907",
    "frame_id": 34401,
    "head_bbox": {
        "x0": 860,
        "y0": 263,
        "x1": 906,
        "y1": 321,
        "w": 46,
        "h": 58
    },
    "frame_size": {
        "h": 1080,
        "w": 1920
    },
    "head_pose_angle_6drepnet360": {
        "yaw": 47.811607360839844,
        "pitch": -0.902988076210022,
        "roll": 6.957324504852295
    }
}