{
    "video_name": "zdb2023110907",
    "frame_id": 34501,
    "head_bbox": {
        "x0": 809,
        "y0": 256,
        "x1": 851,
        "y1": 311,
        "w": 42,
        "h": 55
    },
    "frame_size": {
        "h": 1080,
        "w": 1920
    },
    "head_pose_angle_6drepnet360": {
        "yaw": 5.156325817108154,
        "pitch": 1.0989692211151123,
        "roll": -7.951417922973633
    }
}