{
    "video_name": "zdb2023110907",
    "frame_id": 34601,
    "head_bbox": {
        "x0": 862,
        "y0": 264,
        "x1": 908,
        "y1": 324,
        "w": 46,
        "h": 60
    },
    "frame_size": {
        "h": 1080,
        "w": 1920
    },
    "head_pose_angle_6drepnet360": {
        "yaw": -33.68444061279297,
        "pitch": -4.733668804168701,
        "roll": -4.216781139373779
    }
}