{
    "video_name": "zdb2023110907",
    "frame_id": 34701,
    "head_bbox": {
        "x0": 981,
        "y0": 270,
        "x1": 1024,
        "y1": 330,
        "w": 43,
        "h": 60
    },
    "frame_size": {
        "h": 1080,
        "w": 1920
    },
    "head_pose_angle_6drepnet360": {
        "yaw": 4.260251522064209,
        "pitch": -0.853768527507782,
        "roll": 4.593844890594482
    }
}