{
    "video_name": "zdb2023110907",
    "frame_id": 34801,
    "head_bbox": {
        "x0": 923,
        "y0": 262,
        "x1": 964,
        "y1": 316,
        "w": 41,
        "h": 54
    },
    "frame_size": {
        "h": 1080,
        "w": 1920
    },
    "head_pose_angle_6drepnet360": {
        "yaw": 14.512608528137207,
        "pitch": 4.536552906036377,
        "roll": 2.2353968620300293
    }
}