{
    "video_name": "zdb2023110907",
    "frame_id": 34901,
    "head_bbox": {
        "x0": 635,
        "y0": 259,
        "x1": 687,
        "y1": 311,
        "w": 52,
        "h": 52
    },
    "frame_size": {
        "h": 1080,
        "w": 1920
    },
    "head_pose_angle_6drepnet360": {
        "yaw": 66.5896987915039,
        "pitch": 18.409381866455078,
        "roll": 21.07518768310547
    }
}