{
    "video_name": "zdb2023110907",
    "frame_id": 35001,
    "head_bbox": {
        "x0": 623,
        "y0": 258,
        "x1": 675,
        "y1": 311,
        "w": 52,
        "h": 53
    },
    "frame_size": {
        "h": 1080,
        "w": 1920
    },
    "head_pose_angle_6drepnet360": {
        "yaw": -52.44482421875,
        "pitch": -9.837834358215332,
        "roll": -6.268045902252197
    }
}