{
    "video_name": "zdb2023110907",
    "frame_id": 3501,
    "head_bbox": {
        "x0": 396,
        "y0": 278,
        "x1": 452,
        "y1": 327,
        "w": 56,
        "h": 49
    },
    "frame_size": {
        "h": 1080,
        "w": 1920
    },
    "head_pose_angle_6drepnet360": {
        "yaw": 25.877683639526367,
        "pitch": -39.73553466796875,
        "roll": -20.958250045776367
    }
}