{
    "video_name": "zdb2023110907",
    "frame_id": 35101,
    "head_bbox": {
        "x0": 832,
        "y0": 259,
        "x1": 875,
        "y1": 319,
        "w": 43,
        "h": 60
    },
    "frame_size": {
        "h": 1080,
        "w": 1920
    },
    "head_pose_angle_6drepnet360": {
        "yaw": -16.228801727294922,
        "pitch": -7.77606725692749,
        "roll": -6.841660976409912
    }
}