{
    "video_name": "zdb2023110907",
    "frame_id": 35201,
    "head_bbox": {
        "x0": 928,
        "y0": 262,
        "x1": 972,
        "y1": 321,
        "w": 44,
        "h": 59
    },
    "frame_size": {
        "h": 1080,
        "w": 1920
    },
    "head_pose_angle_6drepnet360": {
        "yaw": 39.9958381652832,
        "pitch": -5.107278347015381,
        "roll": -1.8318015336990356
    }
}