{
    "video_name": "zdb2023110907",
    "frame_id": 35501,
    "head_bbox": {
        "x0": 704,
        "y0": 257,
        "x1": 763,
        "y1": 311,
        "w": 59,
        "h": 54
    },
    "frame_size": {
        "h": 1080,
        "w": 1920
    },
    "head_pose_angle_6drepnet360": {
        "yaw": -70.1212158203125,
        "pitch": 127.65914916992188,
        "roll": -153.44711303710938
    }
}