{
    "video_name": "zdb2023110907",
    "frame_id": 35601,
    "head_bbox": {
        "x0": 915,
        "y0": 260,
        "x1": 959,
        "y1": 317,
        "w": 44,
        "h": 57
    },
    "frame_size": {
        "h": 1080,
        "w": 1920
    },
    "head_pose_angle_6drepnet360": {
        "yaw": -20.844877243041992,
        "pitch": 0.2657027542591095,
        "roll": -7.99921178817749
    }
}