{
    "video_name": "zdb2023110907",
    "frame_id": 35701,
    "head_bbox": {
        "x0": 772,
        "y0": 260,
        "x1": 817,
        "y1": 320,
        "w": 45,
        "h": 60
    },
    "frame_size": {
        "h": 1080,
        "w": 1920
    },
    "head_pose_angle_6drepnet360": {
        "yaw": -34.45930099487305,
        "pitch": -2.4434969425201416,
        "roll": -7.647226810455322
    }
}