{
    "video_name": "zdb2023110907",
    "frame_id": 35801,
    "head_bbox": {
        "x0": 745,
        "y0": 256,
        "x1": 788,
        "y1": 313,
        "w": 43,
        "h": 57
    },
    "frame_size": {
        "h": 1080,
        "w": 1920
    },
    "head_pose_angle_6drepnet360": {
        "yaw": -11.5065336227417,
        "pitch": -1.5373092889785767,
        "roll": -2.1135010719299316
    }
}