{
    "video_name": "zdb2023110907",
    "frame_id": 36001,
    "head_bbox": {
        "x0": 716,
        "y0": 257,
        "x1": 765,
        "y1": 314,
        "w": 49,
        "h": 57
    },
    "frame_size": {
        "h": 1080,
        "w": 1920
    },
    "head_pose_angle_6drepnet360": {
        "yaw": -55.1922721862793,
        "pitch": 157.39894104003906,
        "roll": 177.34237670898438
    }
}