{
    "video_name": "zdb2023110907",
    "frame_id": 3601,
    "head_bbox": {
        "x0": 451,
        "y0": 277,
        "x1": 498,
        "y1": 328,
        "w": 47,
        "h": 51
    },
    "frame_size": {
        "h": 1080,
        "w": 1920
    },
    "head_pose_angle_6drepnet360": {
        "yaw": 17.7936954498291,
        "pitch": -27.083049774169922,
        "roll": -6.394474983215332
    }
}