{
    "video_name": "zdb2023110907",
    "frame_id": 36201,
    "head_bbox": {
        "x0": 557,
        "y0": 257,
        "x1": 615,
        "y1": 304,
        "w": 58,
        "h": 47
    },
    "frame_size": {
        "h": 1080,
        "w": 1920
    },
    "head_pose_angle_6drepnet360": {
        "yaw": -71.69957733154297,
        "pitch": 63.26123046875,
        "roll": -74.4826889038086
    }
}