{
    "video_name": "zdb2023110907",
    "frame_id": 36301,
    "head_bbox": {
        "x0": 728,
        "y0": 256,
        "x1": 780,
        "y1": 310,
        "w": 52,
        "h": 54
    },
    "frame_size": {
        "h": 1080,
        "w": 1920
    },
    "head_pose_angle_6drepnet360": {
        "yaw": -65.01300811767578,
        "pitch": 149.98269653320312,
        "roll": -164.09983825683594
    }
}