{
    "video_name": "zdb2023110907",
    "frame_id": 36701,
    "head_bbox": {
        "x0": 596,
        "y0": 261,
        "x1": 656,
        "y1": 311,
        "w": 60,
        "h": 50
    },
    "frame_size": {
        "h": 1080,
        "w": 1920
    },
    "head_pose_angle_6drepnet360": {
        "yaw": -69.60294342041016,
        "pitch": 114.71883392333984,
        "roll": -124.33519744873047
    }
}