{
    "video_name": "zdb2023110907",
    "frame_id": 36901,
    "head_bbox": {
        "x0": 614,
        "y0": 256,
        "x1": 660,
        "y1": 307,
        "w": 46,
        "h": 51
    },
    "frame_size": {
        "h": 1080,
        "w": 1920
    },
    "head_pose_angle_6drepnet360": {
        "yaw": 15.642725944519043,
        "pitch": -1.4029439687728882,
        "roll": -0.5568282604217529
    }
}