{
    "video_name": "zdb2023110907",
    "frame_id": 37001,
    "head_bbox": {
        "x0": 692,
        "y0": 259,
        "x1": 753,
        "y1": 314,
        "w": 61,
        "h": 55
    },
    "frame_size": {
        "h": 1080,
        "w": 1920
    },
    "head_pose_angle_6drepnet360": {
        "yaw": -69.24102020263672,
        "pitch": 127.52308654785156,
        "roll": -156.76715087890625
    }
}