{
    "video_name": "zdb2023110907",
    "frame_id": 3701,
    "head_bbox": {
        "x0": 452,
        "y0": 256,
        "x1": 497,
        "y1": 305,
        "w": 45,
        "h": 49
    },
    "frame_size": {
        "h": 1080,
        "w": 1920
    },
    "head_pose_angle_6drepnet360": {
        "yaw": -7.640181064605713,
        "pitch": -0.9372645020484924,
        "roll": -4.683838844299316
    }
}