{
    "video_name": "zdb2023110907",
    "frame_id": 37101,
    "head_bbox": {
        "x0": 901,
        "y0": 259,
        "x1": 946,
        "y1": 317,
        "w": 45,
        "h": 58
    },
    "frame_size": {
        "h": 1080,
        "w": 1920
    },
    "head_pose_angle_6drepnet360": {
        "yaw": -37.400569915771484,
        "pitch": 4.275443077087402,
        "roll": -12.481663703918457
    }
}