{
    "video_name": "zdb2023110907",
    "frame_id": 37601,
    "head_bbox": {
        "x0": 739,
        "y0": 258,
        "x1": 791,
        "y1": 313,
        "w": 52,
        "h": 55
    },
    "frame_size": {
        "h": 1080,
        "w": 1920
    },
    "head_pose_angle_6drepnet360": {
        "yaw": -59.987953186035156,
        "pitch": 158.66989135742188,
        "roll": -170.71119689941406
    }
}