{
    "video_name": "zdb2023110907",
    "frame_id": 37701,
    "head_bbox": {
        "x0": 583,
        "y0": 257,
        "x1": 636,
        "y1": 308,
        "w": 53,
        "h": 51
    },
    "frame_size": {
        "h": 1080,
        "w": 1920
    },
    "head_pose_angle_6drepnet360": {
        "yaw": -67.75885009765625,
        "pitch": 29.584613800048828,
        "roll": -41.06377410888672
    }
}