{
    "video_name": "zdb2023110907",
    "frame_id": 37801,
    "head_bbox": {
        "x0": 761,
        "y0": 259,
        "x1": 813,
        "y1": 314,
        "w": 52,
        "h": 55
    },
    "frame_size": {
        "h": 1080,
        "w": 1920
    },
    "head_pose_angle_6drepnet360": {
        "yaw": -81.50251007080078,
        "pitch": 71.1912612915039,
        "roll": -82.7183609008789
    }
}