{
    "video_name": "zdb2023110907",
    "frame_id": 38001,
    "head_bbox": {
        "x0": 768,
        "y0": 259,
        "x1": 811,
        "y1": 318,
        "w": 43,
        "h": 59
    },
    "frame_size": {
        "h": 1080,
        "w": 1920
    },
    "head_pose_angle_6drepnet360": {
        "yaw": -9.493058204650879,
        "pitch": -3.1076934337615967,
        "roll": -12.189961433410645
    }
}