{
    "video_name": "zdb2023110907",
    "frame_id": 3801,
    "head_bbox": {
        "x0": 434,
        "y0": 277,
        "x1": 481,
        "y1": 330,
        "w": 47,
        "h": 53
    },
    "frame_size": {
        "h": 1080,
        "w": 1920
    },
    "head_pose_angle_6drepnet360": {
        "yaw": 17.05327033996582,
        "pitch": -23.227367401123047,
        "roll": -10.513904571533203
    }
}