{
    "video_name": "zdb2023110907",
    "frame_id": 38101,
    "head_bbox": {
        "x0": 620,
        "y0": 259,
        "x1": 663,
        "y1": 311,
        "w": 43,
        "h": 52
    },
    "frame_size": {
        "h": 1080,
        "w": 1920
    },
    "head_pose_angle_6drepnet360": {
        "yaw": -10.529186248779297,
        "pitch": -4.675783157348633,
        "roll": -4.9727349281311035
    }
}