{
    "video_name": "zdb2023110907",
    "frame_id": 38201,
    "head_bbox": {
        "x0": 754,
        "y0": 260,
        "x1": 803,
        "y1": 318,
        "w": 49,
        "h": 58
    },
    "frame_size": {
        "h": 1080,
        "w": 1920
    },
    "head_pose_angle_6drepnet360": {
        "yaw": -86.75822448730469,
        "pitch": 106.74436950683594,
        "roll": -117.84976959228516
    }
}