{
    "video_name": "zdb2023110907",
    "frame_id": 38301,
    "head_bbox": {
        "x0": 644,
        "y0": 256,
        "x1": 701,
        "y1": 309,
        "w": 57,
        "h": 53
    },
    "frame_size": {
        "h": 1080,
        "w": 1920
    },
    "head_pose_angle_6drepnet360": {
        "yaw": -75.9428939819336,
        "pitch": 127.82383728027344,
        "roll": -141.23646545410156
    }
}