{
    "video_name": "zdb2023110907",
    "frame_id": 38501,
    "head_bbox": {
        "x0": 720,
        "y0": 258,
        "x1": 769,
        "y1": 315,
        "w": 49,
        "h": 57
    },
    "frame_size": {
        "h": 1080,
        "w": 1920
    },
    "head_pose_angle_6drepnet360": {
        "yaw": -59.77579879760742,
        "pitch": -179.86695861816406,
        "roll": 170.28561401367188
    }
}