{
    "video_name": "zdb2023110907",
    "frame_id": 38701,
    "head_bbox": {
        "x0": 865,
        "y0": 262,
        "x1": 909,
        "y1": 322,
        "w": 44,
        "h": 60
    },
    "frame_size": {
        "h": 1080,
        "w": 1920
    },
    "head_pose_angle_6drepnet360": {
        "yaw": -10.291394233703613,
        "pitch": -7.060832977294922,
        "roll": -0.2913248836994171
    }
}