{
    "video_name": "zdb2023110907",
    "frame_id": 38801,
    "head_bbox": {
        "x0": 969,
        "y0": 269,
        "x1": 1012,
        "y1": 327,
        "w": 43,
        "h": 58
    },
    "frame_size": {
        "h": 1080,
        "w": 1920
    },
    "head_pose_angle_6drepnet360": {
        "yaw": 18.60637092590332,
        "pitch": 1.2112606763839722,
        "roll": 1.0811374187469482
    }
}