{
    "video_name": "zdb2023110907",
    "frame_id": 3901,
    "head_bbox": {
        "x0": 436,
        "y0": 278,
        "x1": 482,
        "y1": 331,
        "w": 46,
        "h": 53
    },
    "frame_size": {
        "h": 1080,
        "w": 1920
    },
    "head_pose_angle_6drepnet360": {
        "yaw": 8.5899019241333,
        "pitch": -16.877723693847656,
        "roll": -9.732975006103516
    }
}