{
    "video_name": "zdb2023110907",
    "frame_id": 39101,
    "head_bbox": {
        "x0": 571,
        "y0": 262,
        "x1": 627,
        "y1": 311,
        "w": 56,
        "h": 49
    },
    "frame_size": {
        "h": 1080,
        "w": 1920
    },
    "head_pose_angle_6drepnet360": {
        "yaw": -72.34210205078125,
        "pitch": 85.79530334472656,
        "roll": -111.55950927734375
    }
}