{
    "video_name": "zdb2023110907",
    "frame_id": 39201,
    "head_bbox": {
        "x0": 573,
        "y0": 261,
        "x1": 628,
        "y1": 313,
        "w": 55,
        "h": 52
    },
    "frame_size": {
        "h": 1080,
        "w": 1920
    },
    "head_pose_angle_6drepnet360": {
        "yaw": -85.51043701171875,
        "pitch": 99.92070007324219,
        "roll": -113.63133239746094
    }
}