{
    "video_name": "zdb2023110907",
    "frame_id": 39301,
    "head_bbox": {
        "x0": 737,
        "y0": 260,
        "x1": 790,
        "y1": 316,
        "w": 53,
        "h": 56
    },
    "frame_size": {
        "h": 1080,
        "w": 1920
    },
    "head_pose_angle_6drepnet360": {
        "yaw": -65.8536605834961,
        "pitch": 159.29808044433594,
        "roll": -173.899169921875
    }
}