{
    "video_name": "zdb2023110907",
    "frame_id": 39501,
    "head_bbox": {
        "x0": 623,
        "y0": 258,
        "x1": 681,
        "y1": 306,
        "w": 58,
        "h": 48
    },
    "frame_size": {
        "h": 1080,
        "w": 1920
    },
    "head_pose_angle_6drepnet360": {
        "yaw": -66.08805084228516,
        "pitch": 105.7677001953125,
        "roll": -121.06336975097656
    }
}