{
    "video_name": "zdb2023110907",
    "frame_id": 39601,
    "head_bbox": {
        "x0": 598,
        "y0": 264,
        "x1": 659,
        "y1": 316,
        "w": 61,
        "h": 52
    },
    "frame_size": {
        "h": 1080,
        "w": 1920
    },
    "head_pose_angle_6drepnet360": {
        "yaw": -53.39887619018555,
        "pitch": 127.6426773071289,
        "roll": -154.7400360107422
    }
}