{
    "video_name": "zdb2023110907",
    "frame_id": 39701,
    "head_bbox": {
        "x0": 649,
        "y0": 262,
        "x1": 711,
        "y1": 313,
        "w": 62,
        "h": 51
    },
    "frame_size": {
        "h": 1080,
        "w": 1920
    },
    "head_pose_angle_6drepnet360": {
        "yaw": -54.351478576660156,
        "pitch": 131.25238037109375,
        "roll": -155.87672424316406
    }
}