{
    "video_name": "zdb2023110907",
    "frame_id": 39801,
    "head_bbox": {
        "x0": 507,
        "y0": 257,
        "x1": 571,
        "y1": 306,
        "w": 64,
        "h": 49
    },
    "frame_size": {
        "h": 1080,
        "w": 1920
    },
    "head_pose_angle_6drepnet360": {
        "yaw": -70.75589752197266,
        "pitch": 101.22093963623047,
        "roll": -112.11222076416016
    }
}