{
    "video_name": "zdb2023110907",
    "frame_id": 39901,
    "head_bbox": {
        "x0": 657,
        "y0": 264,
        "x1": 718,
        "y1": 313,
        "w": 61,
        "h": 49
    },
    "frame_size": {
        "h": 1080,
        "w": 1920
    },
    "head_pose_angle_6drepnet360": {
        "yaw": -62.789249420166016,
        "pitch": 135.15020751953125,
        "roll": -157.6411895751953
    }
}