{
    "video_name": "zdb2023110907",
    "frame_id": 40001,
    "head_bbox": {
        "x0": 577,
        "y0": 262,
        "x1": 636,
        "y1": 307,
        "w": 59,
        "h": 45
    },
    "frame_size": {
        "h": 1080,
        "w": 1920
    },
    "head_pose_angle_6drepnet360": {
        "yaw": -59.90607833862305,
        "pitch": 125.78791809082031,
        "roll": -143.4837646484375
    }
}