{
    "video_name": "zdb2023110907",
    "frame_id": 4001,
    "head_bbox": {
        "x0": 437,
        "y0": 275,
        "x1": 483,
        "y1": 328,
        "w": 46,
        "h": 53
    },
    "frame_size": {
        "h": 1080,
        "w": 1920
    },
    "head_pose_angle_6drepnet360": {
        "yaw": 3.3232569694519043,
        "pitch": -14.626989364624023,
        "roll": -7.537689685821533
    }
}