{
    "video_name": "zdb2023110907",
    "frame_id": 401,
    "head_bbox": {
        "x0": 500,
        "y0": 258,
        "x1": 544,
        "y1": 309,
        "w": 44,
        "h": 51
    },
    "frame_size": {
        "h": 1080,
        "w": 1920
    },
    "head_pose_angle_6drepnet360": {
        "yaw": 9.006470680236816,
        "pitch": -3.4931163787841797,
        "roll": -3.4972646236419678
    }
}