{
    "video_name": "zdb2023110907",
    "frame_id": 40101,
    "head_bbox": {
        "x0": 564,
        "y0": 262,
        "x1": 624,
        "y1": 309,
        "w": 60,
        "h": 47
    },
    "frame_size": {
        "h": 1080,
        "w": 1920
    },
    "head_pose_angle_6drepnet360": {
        "yaw": -59.267311096191406,
        "pitch": 121.80350494384766,
        "roll": -142.66567993164062
    }
}