{
    "video_name": "zdb2023110907",
    "frame_id": 40201,
    "head_bbox": {
        "x0": 705,
        "y0": 256,
        "x1": 759,
        "y1": 312,
        "w": 54,
        "h": 56
    },
    "frame_size": {
        "h": 1080,
        "w": 1920
    },
    "head_pose_angle_6drepnet360": {
        "yaw": -41.014488220214844,
        "pitch": 144.98362731933594,
        "roll": -164.47447204589844
    }
}