{
    "video_name": "zdb2023110907",
    "frame_id": 40301,
    "head_bbox": {
        "x0": 682,
        "y0": 254,
        "x1": 746,
        "y1": 311,
        "w": 64,
        "h": 57
    },
    "frame_size": {
        "h": 1080,
        "w": 1920
    },
    "head_pose_angle_6drepnet360": {
        "yaw": -43.37477111816406,
        "pitch": 143.53121948242188,
        "roll": -170.23468017578125
    }
}