{
    "video_name": "zdb2023110907",
    "frame_id": 40401,
    "head_bbox": {
        "x0": 647,
        "y0": 258,
        "x1": 705,
        "y1": 312,
        "w": 58,
        "h": 54
    },
    "frame_size": {
        "h": 1080,
        "w": 1920
    },
    "head_pose_angle_6drepnet360": {
        "yaw": -61.623538970947266,
        "pitch": 105.08651733398438,
        "roll": -124.38587951660156
    }
}