{
    "video_name": "zdb2023110907",
    "frame_id": 40601,
    "head_bbox": {
        "x0": 573,
        "y0": 260,
        "x1": 632,
        "y1": 308,
        "w": 59,
        "h": 48
    },
    "frame_size": {
        "h": 1080,
        "w": 1920
    },
    "head_pose_angle_6drepnet360": {
        "yaw": -65.28678894042969,
        "pitch": 102.29481506347656,
        "roll": -121.1989517211914
    }
}