{
    "video_name": "zdb2023110907",
    "frame_id": 40701,
    "head_bbox": {
        "x0": 698,
        "y0": 263,
        "x1": 754,
        "y1": 318,
        "w": 56,
        "h": 55
    },
    "frame_size": {
        "h": 1080,
        "w": 1920
    },
    "head_pose_angle_6drepnet360": {
        "yaw": -45.298492431640625,
        "pitch": 158.10189819335938,
        "roll": -179.33035278320312
    }
}