{
    "video_name": "zdb2023110907",
    "frame_id": 40801,
    "head_bbox": {
        "x0": 588,
        "y0": 260,
        "x1": 645,
        "y1": 313,
        "w": 57,
        "h": 53
    },
    "frame_size": {
        "h": 1080,
        "w": 1920
    },
    "head_pose_angle_6drepnet360": {
        "yaw": -74.50263977050781,
        "pitch": 111.25682830810547,
        "roll": -131.26783752441406
    }
}