{
    "video_name": "zdb2023110907",
    "frame_id": 40901,
    "head_bbox": {
        "x0": 788,
        "y0": 259,
        "x1": 838,
        "y1": 314,
        "w": 50,
        "h": 55
    },
    "frame_size": {
        "h": 1080,
        "w": 1920
    },
    "head_pose_angle_6drepnet360": {
        "yaw": -52.65354919433594,
        "pitch": 143.594970703125,
        "roll": -167.2709503173828
    }
}