{
    "video_name": "zdb2023110907",
    "frame_id": 41001,
    "head_bbox": {
        "x0": 568,
        "y0": 259,
        "x1": 623,
        "y1": 309,
        "w": 55,
        "h": 50
    },
    "frame_size": {
        "h": 1080,
        "w": 1920
    },
    "head_pose_angle_6drepnet360": {
        "yaw": -72.53009033203125,
        "pitch": 74.68299102783203,
        "roll": -81.96495056152344
    }
}