{
    "video_name": "zdb2023110907",
    "frame_id": 4101,
    "head_bbox": {
        "x0": 437,
        "y0": 276,
        "x1": 484,
        "y1": 329,
        "w": 47,
        "h": 53
    },
    "frame_size": {
        "h": 1080,
        "w": 1920
    },
    "head_pose_angle_6drepnet360": {
        "yaw": 9.041383743286133,
        "pitch": -15.971687316894531,
        "roll": -10.979315757751465
    }
}