{
    "video_name": "zdb2023110907",
    "frame_id": 41301,
    "head_bbox": {
        "x0": 815,
        "y0": 255,
        "x1": 860,
        "y1": 311,
        "w": 45,
        "h": 56
    },
    "frame_size": {
        "h": 1080,
        "w": 1920
    },
    "head_pose_angle_6drepnet360": {
        "yaw": 49.066795349121094,
        "pitch": 6.718467712402344,
        "roll": 9.29529857635498
    }
}