{
    "video_name": "zdb2023110907",
    "frame_id": 41501,
    "head_bbox": {
        "x0": 530,
        "y0": 258,
        "x1": 593,
        "y1": 305,
        "w": 63,
        "h": 47
    },
    "frame_size": {
        "h": 1080,
        "w": 1920
    },
    "head_pose_angle_6drepnet360": {
        "yaw": -69.3929214477539,
        "pitch": 117.49345397949219,
        "roll": -131.25904846191406
    }
}