{
    "video_name": "zdb2023110907",
    "frame_id": 41601,
    "head_bbox": {
        "x0": 651,
        "y0": 259,
        "x1": 708,
        "y1": 313,
        "w": 57,
        "h": 54
    },
    "frame_size": {
        "h": 1080,
        "w": 1920
    },
    "head_pose_angle_6drepnet360": {
        "yaw": -57.97251892089844,
        "pitch": 137.2958221435547,
        "roll": -154.69866943359375
    }
}