{
    "video_name": "zdb2023110907",
    "frame_id": 41701,
    "head_bbox": {
        "x0": 621,
        "y0": 266,
        "x1": 677,
        "y1": 315,
        "w": 56,
        "h": 49
    },
    "frame_size": {
        "h": 1080,
        "w": 1920
    },
    "head_pose_angle_6drepnet360": {
        "yaw": -62.04940414428711,
        "pitch": 130.04428100585938,
        "roll": -147.28611755371094
    }
}