{
    "video_name": "zdb2023110907",
    "frame_id": 4201,
    "head_bbox": {
        "x0": 440,
        "y0": 275,
        "x1": 484,
        "y1": 328,
        "w": 44,
        "h": 53
    },
    "frame_size": {
        "h": 1080,
        "w": 1920
    },
    "head_pose_angle_6drepnet360": {
        "yaw": 5.028436183929443,
        "pitch": -11.49504280090332,
        "roll": -8.43752384185791
    }
}