{
    "video_name": "zdb2023110907",
    "frame_id": 42501,
    "head_bbox": {
        "x0": 508,
        "y0": 254,
        "x1": 554,
        "y1": 304,
        "w": 46,
        "h": 50
    },
    "frame_size": {
        "h": 1080,
        "w": 1920
    },
    "head_pose_angle_6drepnet360": {
        "yaw": -28.067787170410156,
        "pitch": 4.437235355377197,
        "roll": -11.199116706848145
    }
}