{
    "video_name": "zdb2023110907",
    "frame_id": 42601,
    "head_bbox": {
        "x0": 619,
        "y0": 254,
        "x1": 674,
        "y1": 312,
        "w": 55,
        "h": 58
    },
    "frame_size": {
        "h": 1080,
        "w": 1920
    },
    "head_pose_angle_6drepnet360": {
        "yaw": -66.12271118164062,
        "pitch": 136.5370330810547,
        "roll": -164.3842010498047
    }
}