{
    "video_name": "zdb2023110907",
    "frame_id": 42701,
    "head_bbox": {
        "x0": 698,
        "y0": 257,
        "x1": 756,
        "y1": 311,
        "w": 58,
        "h": 54
    },
    "frame_size": {
        "h": 1080,
        "w": 1920
    },
    "head_pose_angle_6drepnet360": {
        "yaw": -72.05561065673828,
        "pitch": 139.96392822265625,
        "roll": -151.32260131835938
    }
}