{
    "video_name": "zdb2023110907",
    "frame_id": 42801,
    "head_bbox": {
        "x0": 689,
        "y0": 256,
        "x1": 744,
        "y1": 312,
        "w": 55,
        "h": 56
    },
    "frame_size": {
        "h": 1080,
        "w": 1920
    },
    "head_pose_angle_6drepnet360": {
        "yaw": -65.83527374267578,
        "pitch": 144.68255615234375,
        "roll": -164.02455139160156
    }
}