{
    "video_name": "zdb2023110907",
    "frame_id": 42901,
    "head_bbox": {
        "x0": 729,
        "y0": 262,
        "x1": 775,
        "y1": 316,
        "w": 46,
        "h": 54
    },
    "frame_size": {
        "h": 1080,
        "w": 1920
    },
    "head_pose_angle_6drepnet360": {
        "yaw": -46.59286880493164,
        "pitch": 163.88726806640625,
        "roll": -174.5138397216797
    }
}