{
    "video_name": "zdb2023110907",
    "frame_id": 43001,
    "head_bbox": {
        "x0": 772,
        "y0": 256,
        "x1": 817,
        "y1": 311,
        "w": 45,
        "h": 55
    },
    "frame_size": {
        "h": 1080,
        "w": 1920
    },
    "head_pose_angle_6drepnet360": {
        "yaw": -44.46031951904297,
        "pitch": 172.16119384765625,
        "roll": -179.40475463867188
    }
}