{
    "video_name": "zdb2023110907",
    "frame_id": 43101,
    "head_bbox": {
        "x0": 771,
        "y0": 259,
        "x1": 815,
        "y1": 313,
        "w": 44,
        "h": 54
    },
    "frame_size": {
        "h": 1080,
        "w": 1920
    },
    "head_pose_angle_6drepnet360": {
        "yaw": -47.929813385009766,
        "pitch": 166.9950714111328,
        "roll": -175.6739044189453
    }
}