{
    "video_name": "zdb2023110907",
    "frame_id": 43201,
    "head_bbox": {
        "x0": 848,
        "y0": 253,
        "x1": 890,
        "y1": 310,
        "w": 42,
        "h": 57
    },
    "frame_size": {
        "h": 1080,
        "w": 1920
    },
    "head_pose_angle_6drepnet360": {
        "yaw": -21.928333282470703,
        "pitch": -2.955963134765625,
        "roll": -0.08984238654375076
    }
}