{
    "video_name": "zdb2023110907",
    "frame_id": 43301,
    "head_bbox": {
        "x0": 728,
        "y0": 256,
        "x1": 781,
        "y1": 312,
        "w": 53,
        "h": 56
    },
    "frame_size": {
        "h": 1080,
        "w": 1920
    },
    "head_pose_angle_6drepnet360": {
        "yaw": -64.65995025634766,
        "pitch": 150.9683074951172,
        "roll": -161.5232696533203
    }
}