{
    "video_name": "zdb2023110907",
    "frame_id": 43401,
    "head_bbox": {
        "x0": 572,
        "y0": 255,
        "x1": 618,
        "y1": 309,
        "w": 46,
        "h": 54
    },
    "frame_size": {
        "h": 1080,
        "w": 1920
    },
    "head_pose_angle_6drepnet360": {
        "yaw": -16.644453048706055,
        "pitch": -2.531958818435669,
        "roll": -3.9115326404571533
    }
}