{
    "video_name": "zdb2023110907",
    "frame_id": 43501,
    "head_bbox": {
        "x0": 691,
        "y0": 256,
        "x1": 744,
        "y1": 313,
        "w": 53,
        "h": 57
    },
    "frame_size": {
        "h": 1080,
        "w": 1920
    },
    "head_pose_angle_6drepnet360": {
        "yaw": -53.63042068481445,
        "pitch": 147.09994506835938,
        "roll": -172.31805419921875
    }
}