{
    "video_name": "zdb2023110907",
    "frame_id": 43601,
    "head_bbox": {
        "x0": 694,
        "y0": 255,
        "x1": 745,
        "y1": 314,
        "w": 51,
        "h": 59
    },
    "frame_size": {
        "h": 1080,
        "w": 1920
    },
    "head_pose_angle_6drepnet360": {
        "yaw": -68.78626251220703,
        "pitch": 158.43862915039062,
        "roll": -170.43492126464844
    }
}