{
    "video_name": "zdb2023110907",
    "frame_id": 43801,
    "head_bbox": {
        "x0": 453,
        "y0": 289,
        "x1": 500,
        "y1": 337,
        "w": 47,
        "h": 48
    },
    "frame_size": {
        "h": 1080,
        "w": 1920
    },
    "head_pose_angle_6drepnet360": {
        "yaw": 19.57964324951172,
        "pitch": -25.477853775024414,
        "roll": -4.031761169433594
    }
}