{
    "video_name": "zdb2023110907",
    "frame_id": 43901,
    "head_bbox": {
        "x0": 625,
        "y0": 261,
        "x1": 684,
        "y1": 315,
        "w": 59,
        "h": 54
    },
    "frame_size": {
        "h": 1080,
        "w": 1920
    },
    "head_pose_angle_6drepnet360": {
        "yaw": -77.52457427978516,
        "pitch": 116.40548706054688,
        "roll": -138.87985229492188
    }
}