{
    "video_name": "zdb2023110907",
    "frame_id": 44001,
    "head_bbox": {
        "x0": 674,
        "y0": 262,
        "x1": 727,
        "y1": 319,
        "w": 53,
        "h": 57
    },
    "frame_size": {
        "h": 1080,
        "w": 1920
    },
    "head_pose_angle_6drepnet360": {
        "yaw": -60.598270416259766,
        "pitch": 146.02374267578125,
        "roll": -162.7587127685547
    }
}