{
    "video_name": "zdb2023110907",
    "frame_id": 4401,
    "head_bbox": {
        "x0": 442,
        "y0": 280,
        "x1": 486,
        "y1": 332,
        "w": 44,
        "h": 52
    },
    "frame_size": {
        "h": 1080,
        "w": 1920
    },
    "head_pose_angle_6drepnet360": {
        "yaw": 11.375532150268555,
        "pitch": -20.39533805847168,
        "roll": -8.642086029052734
    }
}