{
    "video_name": "zdb2023110907",
    "frame_id": 44101,
    "head_bbox": {
        "x0": 624,
        "y0": 259,
        "x1": 686,
        "y1": 309,
        "w": 62,
        "h": 50
    },
    "frame_size": {
        "h": 1080,
        "w": 1920
    },
    "head_pose_angle_6drepnet360": {
        "yaw": -77.8573226928711,
        "pitch": 115.40553283691406,
        "roll": -129.38121032714844
    }
}