{
    "video_name": "zdb2023110907",
    "frame_id": 44201,
    "head_bbox": {
        "x0": 762,
        "y0": 253,
        "x1": 807,
        "y1": 307,
        "w": 45,
        "h": 54
    },
    "frame_size": {
        "h": 1080,
        "w": 1920
    },
    "head_pose_angle_6drepnet360": {
        "yaw": 43.3344841003418,
        "pitch": 2.0163912773132324,
        "roll": 6.529818534851074
    }
}