{
    "video_name": "zdb2023110907",
    "frame_id": 44401,
    "head_bbox": {
        "x0": 660,
        "y0": 260,
        "x1": 725,
        "y1": 314,
        "w": 65,
        "h": 54
    },
    "frame_size": {
        "h": 1080,
        "w": 1920
    },
    "head_pose_angle_6drepnet360": {
        "yaw": -57.010494232177734,
        "pitch": 141.9964599609375,
        "roll": -162.78759765625
    }
}