{
    "video_name": "zdb2023110907",
    "frame_id": 44501,
    "head_bbox": {
        "x0": 532,
        "y0": 257,
        "x1": 587,
        "y1": 303,
        "w": 55,
        "h": 46
    },
    "frame_size": {
        "h": 1080,
        "w": 1920
    },
    "head_pose_angle_6drepnet360": {
        "yaw": -67.8547592163086,
        "pitch": 123.15496826171875,
        "roll": -130.0897674560547
    }
}