{
    "video_name": "zdb2023110907",
    "frame_id": 44601,
    "head_bbox": {
        "x0": 628,
        "y0": 258,
        "x1": 693,
        "y1": 315,
        "w": 65,
        "h": 57
    },
    "frame_size": {
        "h": 1080,
        "w": 1920
    },
    "head_pose_angle_6drepnet360": {
        "yaw": -60.708248138427734,
        "pitch": 136.59703063964844,
        "roll": -158.47169494628906
    }
}