{
    "video_name": "zdb2023110907",
    "frame_id": 44701,
    "head_bbox": {
        "x0": 570,
        "y0": 262,
        "x1": 630,
        "y1": 310,
        "w": 60,
        "h": 48
    },
    "frame_size": {
        "h": 1080,
        "w": 1920
    },
    "head_pose_angle_6drepnet360": {
        "yaw": -66.70361328125,
        "pitch": 122.33745574951172,
        "roll": -138.0972137451172
    }
}