{
    "video_name": "zdb2023110907",
    "frame_id": 44801,
    "head_bbox": {
        "x0": 643,
        "y0": 260,
        "x1": 705,
        "y1": 308,
        "w": 62,
        "h": 48
    },
    "frame_size": {
        "h": 1080,
        "w": 1920
    },
    "head_pose_angle_6drepnet360": {
        "yaw": -73.62744903564453,
        "pitch": 110.37760162353516,
        "roll": -122.4330062866211
    }
}