{
    "video_name": "zdb2023110907",
    "frame_id": 44901,
    "head_bbox": {
        "x0": 882,
        "y0": 255,
        "x1": 925,
        "y1": 310,
        "w": 43,
        "h": 55
    },
    "frame_size": {
        "h": 1080,
        "w": 1920
    },
    "head_pose_angle_6drepnet360": {
        "yaw": -34.07395553588867,
        "pitch": 1.2291392087936401,
        "roll": -9.670387268066406
    }
}