{
    "video_name": "zdb2023110907",
    "frame_id": 4501,
    "head_bbox": {
        "x0": 442,
        "y0": 270,
        "x1": 487,
        "y1": 323,
        "w": 45,
        "h": 53
    },
    "frame_size": {
        "h": 1080,
        "w": 1920
    },
    "head_pose_angle_6drepnet360": {
        "yaw": 2.9352867603302,
        "pitch": -8.695314407348633,
        "roll": -5.315056324005127
    }
}