{
    "video_name": "zdb2023110907",
    "frame_id": 45101,
    "head_bbox": {
        "x0": 562,
        "y0": 261,
        "x1": 618,
        "y1": 307,
        "w": 56,
        "h": 46
    },
    "frame_size": {
        "h": 1080,
        "w": 1920
    },
    "head_pose_angle_6drepnet360": {
        "yaw": -75.02493286132812,
        "pitch": 84.67221069335938,
        "roll": -98.9981918334961
    }
}