{
    "video_name": "zdb2023110907",
    "frame_id": 45201,
    "head_bbox": {
        "x0": 732,
        "y0": 258,
        "x1": 782,
        "y1": 313,
        "w": 50,
        "h": 55
    },
    "frame_size": {
        "h": 1080,
        "w": 1920
    },
    "head_pose_angle_6drepnet360": {
        "yaw": -60.646541595458984,
        "pitch": 151.08692932128906,
        "roll": -169.7118377685547
    }
}