{
    "video_name": "zdb2023110907",
    "frame_id": 45301,
    "head_bbox": {
        "x0": 588,
        "y0": 256,
        "x1": 644,
        "y1": 305,
        "w": 56,
        "h": 49
    },
    "frame_size": {
        "h": 1080,
        "w": 1920
    },
    "head_pose_angle_6drepnet360": {
        "yaw": -64.51749420166016,
        "pitch": 116.91068267822266,
        "roll": -123.4147720336914
    }
}