{
    "video_name": "zdb2023110907",
    "frame_id": 45401,
    "head_bbox": {
        "x0": 641,
        "y0": 257,
        "x1": 707,
        "y1": 308,
        "w": 66,
        "h": 51
    },
    "frame_size": {
        "h": 1080,
        "w": 1920
    },
    "head_pose_angle_6drepnet360": {
        "yaw": -62.08740234375,
        "pitch": 130.12796020507812,
        "roll": -140.32003784179688
    }
}