{
    "video_name": "zdb2023110907",
    "frame_id": 45501,
    "head_bbox": {
        "x0": 656,
        "y0": 257,
        "x1": 714,
        "y1": 311,
        "w": 58,
        "h": 54
    },
    "frame_size": {
        "h": 1080,
        "w": 1920
    },
    "head_pose_angle_6drepnet360": {
        "yaw": -66.59593200683594,
        "pitch": 111.24943542480469,
        "roll": -120.99933624267578
    }
}