{
    "video_name": "zdb2023110907",
    "frame_id": 45701,
    "head_bbox": {
        "x0": 568,
        "y0": 264,
        "x1": 631,
        "y1": 311,
        "w": 63,
        "h": 47
    },
    "frame_size": {
        "h": 1080,
        "w": 1920
    },
    "head_pose_angle_6drepnet360": {
        "yaw": -69.40815734863281,
        "pitch": 141.943359375,
        "roll": -160.20323181152344
    }
}