{
    "video_name": "zdb2023110907",
    "frame_id": 46001,
    "head_bbox": {
        "x0": 478,
        "y0": 278,
        "x1": 522,
        "y1": 324,
        "w": 44,
        "h": 46
    },
    "frame_size": {
        "h": 1080,
        "w": 1920
    },
    "head_pose_angle_6drepnet360": {
        "yaw": 14.800192832946777,
        "pitch": -17.5640926361084,
        "roll": -7.116117477416992
    }
}