{
    "video_name": "zdb2023110907",
    "frame_id": 46101,
    "head_bbox": {
        "x0": 576,
        "y0": 265,
        "x1": 639,
        "y1": 311,
        "w": 63,
        "h": 46
    },
    "frame_size": {
        "h": 1080,
        "w": 1920
    },
    "head_pose_angle_6drepnet360": {
        "yaw": -71.72386932373047,
        "pitch": 147.78839111328125,
        "roll": -166.60643005371094
    }
}