{
    "video_name": "zdb2023110907",
    "frame_id": 46201,
    "head_bbox": {
        "x0": 532,
        "y0": 259,
        "x1": 587,
        "y1": 304,
        "w": 55,
        "h": 45
    },
    "frame_size": {
        "h": 1080,
        "w": 1920
    },
    "head_pose_angle_6drepnet360": {
        "yaw": -73.76673126220703,
        "pitch": 81.341552734375,
        "roll": -87.95146942138672
    }
}