{
    "video_name": "zdb2023110907",
    "frame_id": 46301,
    "head_bbox": {
        "x0": 529,
        "y0": 257,
        "x1": 589,
        "y1": 309,
        "w": 60,
        "h": 52
    },
    "frame_size": {
        "h": 1080,
        "w": 1920
    },
    "head_pose_angle_6drepnet360": {
        "yaw": -75.67427062988281,
        "pitch": 114.67350006103516,
        "roll": -123.1462173461914
    }
}