{
    "video_name": "zdb2023110907",
    "frame_id": 46401,
    "head_bbox": {
        "x0": 602,
        "y0": 261,
        "x1": 658,
        "y1": 312,
        "w": 56,
        "h": 51
    },
    "frame_size": {
        "h": 1080,
        "w": 1920
    },
    "head_pose_angle_6drepnet360": {
        "yaw": -81.26776885986328,
        "pitch": 74.160888671875,
        "roll": -83.9486312866211
    }
}