{
    "video_name": "zdb2023110907",
    "frame_id": 46601,
    "head_bbox": {
        "x0": 843,
        "y0": 261,
        "x1": 891,
        "y1": 317,
        "w": 48,
        "h": 56
    },
    "frame_size": {
        "h": 1080,
        "w": 1920
    },
    "head_pose_angle_6drepnet360": {
        "yaw": -53.89202880859375,
        "pitch": 162.49864196777344,
        "roll": -177.68817138671875
    }
}