{
    "video_name": "zdb2023110907",
    "frame_id": 46901,
    "head_bbox": {
        "x0": 548,
        "y0": 265,
        "x1": 603,
        "y1": 312,
        "w": 55,
        "h": 47
    },
    "frame_size": {
        "h": 1080,
        "w": 1920
    },
    "head_pose_angle_6drepnet360": {
        "yaw": -68.0320053100586,
        "pitch": 111.08853149414062,
        "roll": -128.1142120361328
    }
}