{
    "video_name": "zdb2023110907",
    "frame_id": 47001,
    "head_bbox": {
        "x0": 700,
        "y0": 253,
        "x1": 753,
        "y1": 308,
        "w": 53,
        "h": 55
    },
    "frame_size": {
        "h": 1080,
        "w": 1920
    },
    "head_pose_angle_6drepnet360": {
        "yaw": -78.5011215209961,
        "pitch": 120.67210388183594,
        "roll": -131.7683563232422
    }
}