{
    "video_name": "zdb2023110907",
    "frame_id": 47101,
    "head_bbox": {
        "x0": 504,
        "y0": 271,
        "x1": 552,
        "y1": 322,
        "w": 48,
        "h": 51
    },
    "frame_size": {
        "h": 1080,
        "w": 1920
    },
    "head_pose_angle_6drepnet360": {
        "yaw": 25.166011810302734,
        "pitch": -18.747610092163086,
        "roll": -9.093305587768555
    }
}