{
    "video_name": "zdb2023110907",
    "frame_id": 47201,
    "head_bbox": {
        "x0": 593,
        "y0": 260,
        "x1": 656,
        "y1": 311,
        "w": 63,
        "h": 51
    },
    "frame_size": {
        "h": 1080,
        "w": 1920
    },
    "head_pose_angle_6drepnet360": {
        "yaw": -74.1431655883789,
        "pitch": 92.35962677001953,
        "roll": -108.27375030517578
    }
}