{
    "video_name": "zdb2023110907",
    "frame_id": 47301,
    "head_bbox": {
        "x0": 807,
        "y0": 259,
        "x1": 849,
        "y1": 319,
        "w": 42,
        "h": 60
    },
    "frame_size": {
        "h": 1080,
        "w": 1920
    },
    "head_pose_angle_6drepnet360": {
        "yaw": -10.272683143615723,
        "pitch": -4.390527248382568,
        "roll": -7.586609363555908
    }
}