{
    "video_name": "zdb2023110907",
    "frame_id": 47601,
    "head_bbox": {
        "x0": 798,
        "y0": 257,
        "x1": 840,
        "y1": 313,
        "w": 42,
        "h": 56
    },
    "frame_size": {
        "h": 1080,
        "w": 1920
    },
    "head_pose_angle_6drepnet360": {
        "yaw": -3.7103447914123535,
        "pitch": -4.549888610839844,
        "roll": -9.221099853515625
    }
}