{
    "video_name": "zdb2023110907",
    "frame_id": 48001,
    "head_bbox": {
        "x0": 829,
        "y0": 260,
        "x1": 871,
        "y1": 318,
        "w": 42,
        "h": 58
    },
    "frame_size": {
        "h": 1080,
        "w": 1920
    },
    "head_pose_angle_6drepnet360": {
        "yaw": 6.288519859313965,
        "pitch": -3.4655539989471436,
        "roll": -4.397627353668213
    }
}