{
    "video_name": "zdb2023110907",
    "frame_id": 48101,
    "head_bbox": {
        "x0": 706,
        "y0": 259,
        "x1": 753,
        "y1": 309,
        "w": 47,
        "h": 50
    },
    "frame_size": {
        "h": 1080,
        "w": 1920
    },
    "head_pose_angle_6drepnet360": {
        "yaw": 42.9023323059082,
        "pitch": 5.683926105499268,
        "roll": 7.871767044067383
    }
}