{
    "video_name": "zdb2023110907",
    "frame_id": 48201,
    "head_bbox": {
        "x0": 755,
        "y0": 258,
        "x1": 803,
        "y1": 311,
        "w": 48,
        "h": 53
    },
    "frame_size": {
        "h": 1080,
        "w": 1920
    },
    "head_pose_angle_6drepnet360": {
        "yaw": -64.91413116455078,
        "pitch": 134.2681121826172,
        "roll": -157.9464111328125
    }
}