{
    "video_name": "zdb2023110907",
    "frame_id": 48301,
    "head_bbox": {
        "x0": 523,
        "y0": 263,
        "x1": 571,
        "y1": 313,
        "w": 48,
        "h": 50
    },
    "frame_size": {
        "h": 1080,
        "w": 1920
    },
    "head_pose_angle_6drepnet360": {
        "yaw": 24.410924911499023,
        "pitch": -10.440882682800293,
        "roll": -7.570795059204102
    }
}