{
    "video_name": "zdb2023110907",
    "frame_id": 48401,
    "head_bbox": {
        "x0": 575,
        "y0": 260,
        "x1": 640,
        "y1": 309,
        "w": 65,
        "h": 49
    },
    "frame_size": {
        "h": 1080,
        "w": 1920
    },
    "head_pose_angle_6drepnet360": {
        "yaw": -71.33976745605469,
        "pitch": 119.32151794433594,
        "roll": -131.20559692382812
    }
}