{
    "video_name": "zdb2023110907",
    "frame_id": 48501,
    "head_bbox": {
        "x0": 590,
        "y0": 254,
        "x1": 638,
        "y1": 306,
        "w": 48,
        "h": 52
    },
    "frame_size": {
        "h": 1080,
        "w": 1920
    },
    "head_pose_angle_6drepnet360": {
        "yaw": 49.435482025146484,
        "pitch": 12.448835372924805,
        "roll": 14.312482833862305
    }
}