{
    "video_name": "zdb2023110907",
    "frame_id": 48701,
    "head_bbox": {
        "x0": 524,
        "y0": 262,
        "x1": 586,
        "y1": 310,
        "w": 62,
        "h": 48
    },
    "frame_size": {
        "h": 1080,
        "w": 1920
    },
    "head_pose_angle_6drepnet360": {
        "yaw": -76.90335083007812,
        "pitch": 116.8062973022461,
        "roll": -130.45248413085938
    }
}