{
    "video_name": "zdb2023110907",
    "frame_id": 48801,
    "head_bbox": {
        "x0": 622,
        "y0": 260,
        "x1": 667,
        "y1": 311,
        "w": 45,
        "h": 51
    },
    "frame_size": {
        "h": 1080,
        "w": 1920
    },
    "head_pose_angle_6drepnet360": {
        "yaw": 0.6665410399436951,
        "pitch": -3.427060127258301,
        "roll": -4.144277095794678
    }
}