{
    "video_name": "zdb2023110907",
    "frame_id": 48901,
    "head_bbox": {
        "x0": 573,
        "y0": 254,
        "x1": 629,
        "y1": 307,
        "w": 56,
        "h": 53
    },
    "frame_size": {
        "h": 1080,
        "w": 1920
    },
    "head_pose_angle_6drepnet360": {
        "yaw": -76.38048553466797,
        "pitch": 110.6590347290039,
        "roll": -115.98822784423828
    }
}