{
    "video_name": "zdb2023110907",
    "frame_id": 49001,
    "head_bbox": {
        "x0": 754,
        "y0": 254,
        "x1": 797,
        "y1": 313,
        "w": 43,
        "h": 59
    },
    "frame_size": {
        "h": 1080,
        "w": 1920
    },
    "head_pose_angle_6drepnet360": {
        "yaw": 6.094611167907715,
        "pitch": -3.9534366130828857,
        "roll": -3.3750054836273193
    }
}