{
    "video_name": "zdb2023110907",
    "frame_id": 49101,
    "head_bbox": {
        "x0": 514,
        "y0": 267,
        "x1": 561,
        "y1": 317,
        "w": 47,
        "h": 50
    },
    "frame_size": {
        "h": 1080,
        "w": 1920
    },
    "head_pose_angle_6drepnet360": {
        "yaw": 25.82042121887207,
        "pitch": -16.792238235473633,
        "roll": -7.683008670806885
    }
}