{
    "video_name": "zdb2023110907",
    "frame_id": 49301,
    "head_bbox": {
        "x0": 818,
        "y0": 261,
        "x1": 866,
        "y1": 317,
        "w": 48,
        "h": 56
    },
    "frame_size": {
        "h": 1080,
        "w": 1920
    },
    "head_pose_angle_6drepnet360": {
        "yaw": -39.613590240478516,
        "pitch": 8.163928985595703,
        "roll": -20.359582901000977
    }
}