{
    "video_name": "zdb2023110907",
    "frame_id": 49701,
    "head_bbox": {
        "x0": 512,
        "y0": 261,
        "x1": 559,
        "y1": 313,
        "w": 47,
        "h": 52
    },
    "frame_size": {
        "h": 1080,
        "w": 1920
    },
    "head_pose_angle_6drepnet360": {
        "yaw": 17.274633407592773,
        "pitch": -5.557272434234619,
        "roll": -4.0032806396484375
    }
}