{
    "video_name": "zdb2023110907",
    "frame_id": 49801,
    "head_bbox": {
        "x0": 521,
        "y0": 256,
        "x1": 580,
        "y1": 303,
        "w": 59,
        "h": 47
    },
    "frame_size": {
        "h": 1080,
        "w": 1920
    },
    "head_pose_angle_6drepnet360": {
        "yaw": -67.21147155761719,
        "pitch": 59.99563980102539,
        "roll": -65.36155700683594
    }
}