{
    "video_name": "zdb2023110907",
    "frame_id": 49901,
    "head_bbox": {
        "x0": 625,
        "y0": 255,
        "x1": 670,
        "y1": 306,
        "w": 45,
        "h": 51
    },
    "frame_size": {
        "h": 1080,
        "w": 1920
    },
    "head_pose_angle_6drepnet360": {
        "yaw": -3.657128095626831,
        "pitch": 1.753851294517517,
        "roll": -4.650008678436279
    }
}