{
    "video_name": "zdb2023110907",
    "frame_id": 50001,
    "head_bbox": {
        "x0": 433,
        "y0": 258,
        "x1": 480,
        "y1": 309,
        "w": 47,
        "h": 51
    },
    "frame_size": {
        "h": 1080,
        "w": 1920
    },
    "head_pose_angle_6drepnet360": {
        "yaw": -9.521425247192383,
        "pitch": -2.9078900814056396,
        "roll": -13.028793334960938
    }
}