{
    "video_name": "zdb2023110907",
    "frame_id": 5001,
    "head_bbox": {
        "x0": 465,
        "y0": 286,
        "x1": 510,
        "y1": 337,
        "w": 45,
        "h": 51
    },
    "frame_size": {
        "h": 1080,
        "w": 1920
    },
    "head_pose_angle_6drepnet360": {
        "yaw": 13.803823471069336,
        "pitch": -26.37038230895996,
        "roll": -6.9529242515563965
    }
}