{
    "video_name": "zdb2023110907",
    "frame_id": 501,
    "head_bbox": {
        "x0": 511,
        "y0": 260,
        "x1": 557,
        "y1": 313,
        "w": 46,
        "h": 53
    },
    "frame_size": {
        "h": 1080,
        "w": 1920
    },
    "head_pose_angle_6drepnet360": {
        "yaw": 5.221205711364746,
        "pitch": -7.290512561798096,
        "roll": -3.050154447555542
    }
}