{
    "video_name": "zdb2023110907",
    "frame_id": 50101,
    "head_bbox": {
        "x0": 495,
        "y0": 258,
        "x1": 542,
        "y1": 309,
        "w": 47,
        "h": 51
    },
    "frame_size": {
        "h": 1080,
        "w": 1920
    },
    "head_pose_angle_6drepnet360": {
        "yaw": -9.680054664611816,
        "pitch": -3.800755262374878,
        "roll": -4.004765510559082
    }
}