{
    "video_name": "zdb2023110907",
    "frame_id": 50301,
    "head_bbox": {
        "x0": 810,
        "y0": 258,
        "x1": 851,
        "y1": 317,
        "w": 41,
        "h": 59
    },
    "frame_size": {
        "h": 1080,
        "w": 1920
    },
    "head_pose_angle_6drepnet360": {
        "yaw": 3.7727410793304443,
        "pitch": -7.257918834686279,
        "roll": -5.133757591247559
    }
}