{
    "video_name": "zdb2023110907",
    "frame_id": 50401,
    "head_bbox": {
        "x0": 911,
        "y0": 271,
        "x1": 953,
        "y1": 327,
        "w": 42,
        "h": 56
    },
    "frame_size": {
        "h": 1080,
        "w": 1920
    },
    "head_pose_angle_6drepnet360": {
        "yaw": 10.054705619812012,
        "pitch": -4.2571306228637695,
        "roll": -3.0101637840270996
    }
}