{
    "video_name": "zdb2023110907",
    "frame_id": 50501,
    "head_bbox": {
        "x0": 931,
        "y0": 256,
        "x1": 973,
        "y1": 313,
        "w": 42,
        "h": 57
    },
    "frame_size": {
        "h": 1080,
        "w": 1920
    },
    "head_pose_angle_6drepnet360": {
        "yaw": 37.04653549194336,
        "pitch": -2.4488580226898193,
        "roll": -3.0592286586761475
    }
}