{
    "video_name": "zdb2023110907",
    "frame_id": 50601,
    "head_bbox": {
        "x0": 841,
        "y0": 263,
        "x1": 886,
        "y1": 322,
        "w": 45,
        "h": 59
    },
    "frame_size": {
        "h": 1080,
        "w": 1920
    },
    "head_pose_angle_6drepnet360": {
        "yaw": -21.028820037841797,
        "pitch": -1.5239235162734985,
        "roll": -11.249723434448242
    }
}