{
    "video_name": "zdb2023110907",
    "frame_id": 50701,
    "head_bbox": {
        "x0": 698,
        "y0": 260,
        "x1": 744,
        "y1": 313,
        "w": 46,
        "h": 53
    },
    "frame_size": {
        "h": 1080,
        "w": 1920
    },
    "head_pose_angle_6drepnet360": {
        "yaw": 35.29560470581055,
        "pitch": 1.1104369163513184,
        "roll": 3.1761677265167236
    }
}