{
    "video_name": "zdb2023110907",
    "frame_id": 50801,
    "head_bbox": {
        "x0": 716,
        "y0": 255,
        "x1": 761,
        "y1": 310,
        "w": 45,
        "h": 55
    },
    "frame_size": {
        "h": 1080,
        "w": 1920
    },
    "head_pose_angle_6drepnet360": {
        "yaw": -40.058406829833984,
        "pitch": 2.3286468982696533,
        "roll": -5.613914489746094
    }
}