{
    "video_name": "zdb2023110907",
    "frame_id": 50901,
    "head_bbox": {
        "x0": 837,
        "y0": 264,
        "x1": 879,
        "y1": 324,
        "w": 42,
        "h": 60
    },
    "frame_size": {
        "h": 1080,
        "w": 1920
    },
    "head_pose_angle_6drepnet360": {
        "yaw": 2.8065359592437744,
        "pitch": -8.896679878234863,
        "roll": -3.4768905639648438
    }
}