{
    "video_name": "zdb2023110907",
    "frame_id": 5101,
    "head_bbox": {
        "x0": 471,
        "y0": 273,
        "x1": 515,
        "y1": 323,
        "w": 44,
        "h": 50
    },
    "frame_size": {
        "h": 1080,
        "w": 1920
    },
    "head_pose_angle_6drepnet360": {
        "yaw": 18.891277313232422,
        "pitch": -18.798620223999023,
        "roll": -7.996140480041504
    }
}