{
    "video_name": "zdb2023110907",
    "frame_id": 51101,
    "head_bbox": {
        "x0": 476,
        "y0": 256,
        "x1": 523,
        "y1": 306,
        "w": 47,
        "h": 50
    },
    "frame_size": {
        "h": 1080,
        "w": 1920
    },
    "head_pose_angle_6drepnet360": {
        "yaw": -8.222038269042969,
        "pitch": 2.1433496475219727,
        "roll": -13.131218910217285
    }
}