{
    "video_name": "zdb2023110907",
    "frame_id": 51201,
    "head_bbox": {
        "x0": 666,
        "y0": 257,
        "x1": 710,
        "y1": 306,
        "w": 44,
        "h": 49
    },
    "frame_size": {
        "h": 1080,
        "w": 1920
    },
    "head_pose_angle_6drepnet360": {
        "yaw": -6.37545108795166,
        "pitch": 1.4371064901351929,
        "roll": -6.818273544311523
    }
}