{
    "video_name": "zdb2023110907",
    "frame_id": 51301,
    "head_bbox": {
        "x0": 815,
        "y0": 258,
        "x1": 858,
        "y1": 316,
        "w": 43,
        "h": 58
    },
    "frame_size": {
        "h": 1080,
        "w": 1920
    },
    "head_pose_angle_6drepnet360": {
        "yaw": -0.9767796397209167,
        "pitch": -5.060634613037109,
        "roll": -3.8297014236450195
    }
}