{
    "video_name": "zdb2023110907",
    "frame_id": 51401,
    "head_bbox": {
        "x0": 655,
        "y0": 256,
        "x1": 698,
        "y1": 306,
        "w": 43,
        "h": 50
    },
    "frame_size": {
        "h": 1080,
        "w": 1920
    },
    "head_pose_angle_6drepnet360": {
        "yaw": 0.22266292572021484,
        "pitch": -0.32289156317710876,
        "roll": -7.68803071975708
    }
}