{
    "video_name": "zdb2023110907",
    "frame_id": 51501,
    "head_bbox": {
        "x0": 743,
        "y0": 258,
        "x1": 787,
        "y1": 314,
        "w": 44,
        "h": 56
    },
    "frame_size": {
        "h": 1080,
        "w": 1920
    },
    "head_pose_angle_6drepnet360": {
        "yaw": -25.112136840820312,
        "pitch": -0.0420621819794178,
        "roll": -6.978505611419678
    }
}