{
    "video_name": "zdb2023110907",
    "frame_id": 51601,
    "head_bbox": {
        "x0": 928,
        "y0": 268,
        "x1": 971,
        "y1": 322,
        "w": 43,
        "h": 54
    },
    "frame_size": {
        "h": 1080,
        "w": 1920
    },
    "head_pose_angle_6drepnet360": {
        "yaw": -1.1145793199539185,
        "pitch": -0.37702736258506775,
        "roll": -0.4984150230884552
    }
}