{
    "video_name": "zdb2023110907",
    "frame_id": 51701,
    "head_bbox": {
        "x0": 849,
        "y0": 262,
        "x1": 892,
        "y1": 318,
        "w": 43,
        "h": 56
    },
    "frame_size": {
        "h": 1080,
        "w": 1920
    },
    "head_pose_angle_6drepnet360": {
        "yaw": 26.999582290649414,
        "pitch": -1.6264206171035767,
        "roll": 2.588679552078247
    }
}