{
    "video_name": "zdb2023110907",
    "frame_id": 51801,
    "head_bbox": {
        "x0": 649,
        "y0": 264,
        "x1": 695,
        "y1": 317,
        "w": 46,
        "h": 53
    },
    "frame_size": {
        "h": 1080,
        "w": 1920
    },
    "head_pose_angle_6drepnet360": {
        "yaw": 16.3839111328125,
        "pitch": -0.5972723364830017,
        "roll": -1.6863346099853516
    }
}