{
    "video_name": "zdb2023110907",
    "frame_id": 51901,
    "head_bbox": {
        "x0": 681,
        "y0": 258,
        "x1": 733,
        "y1": 312,
        "w": 52,
        "h": 54
    },
    "frame_size": {
        "h": 1080,
        "w": 1920
    },
    "head_pose_angle_6drepnet360": {
        "yaw": -84.84053039550781,
        "pitch": 33.10050582885742,
        "roll": -48.41176223754883
    }
}