{
    "video_name": "zdb2023110907",
    "frame_id": 52001,
    "head_bbox": {
        "x0": 842,
        "y0": 263,
        "x1": 888,
        "y1": 324,
        "w": 46,
        "h": 61
    },
    "frame_size": {
        "h": 1080,
        "w": 1920
    },
    "head_pose_angle_6drepnet360": {
        "yaw": -26.82015609741211,
        "pitch": -6.716946125030518,
        "roll": -3.459665536880493
    }
}