{
    "video_name": "zdb2023110907",
    "frame_id": 5201,
    "head_bbox": {
        "x0": 440,
        "y0": 300,
        "x1": 486,
        "y1": 350,
        "w": 46,
        "h": 50
    },
    "frame_size": {
        "h": 1080,
        "w": 1920
    },
    "head_pose_angle_6drepnet360": {
        "yaw": -7.601874351501465,
        "pitch": -25.713117599487305,
        "roll": -10.477391242980957
    }
}