{
    "video_name": "zdb2023110907",
    "frame_id": 52101,
    "head_bbox": {
        "x0": 869,
        "y0": 261,
        "x1": 912,
        "y1": 314,
        "w": 43,
        "h": 53
    },
    "frame_size": {
        "h": 1080,
        "w": 1920
    },
    "head_pose_angle_6drepnet360": {
        "yaw": 45.7486457824707,
        "pitch": -2.661297082901001,
        "roll": 1.9046095609664917
    }
}