{
    "video_name": "zdb2023110907",
    "frame_id": 52201,
    "head_bbox": {
        "x0": 777,
        "y0": 259,
        "x1": 819,
        "y1": 316,
        "w": 42,
        "h": 57
    },
    "frame_size": {
        "h": 1080,
        "w": 1920
    },
    "head_pose_angle_6drepnet360": {
        "yaw": -0.2202559858560562,
        "pitch": -2.641875982284546,
        "roll": -1.1292005777359009
    }
}