{
    "video_name": "zdb2023110907",
    "frame_id": 52301,
    "head_bbox": {
        "x0": 611,
        "y0": 264,
        "x1": 660,
        "y1": 318,
        "w": 49,
        "h": 54
    },
    "frame_size": {
        "h": 1080,
        "w": 1920
    },
    "head_pose_angle_6drepnet360": {
        "yaw": 33.33717346191406,
        "pitch": -6.5572309494018555,
        "roll": -5.6470465660095215
    }
}