{
    "video_name": "zdb2023110907",
    "frame_id": 52401,
    "head_bbox": {
        "x0": 615,
        "y0": 263,
        "x1": 664,
        "y1": 314,
        "w": 49,
        "h": 51
    },
    "frame_size": {
        "h": 1080,
        "w": 1920
    },
    "head_pose_angle_6drepnet360": {
        "yaw": -30.332637786865234,
        "pitch": -6.195120811462402,
        "roll": -2.5545976161956787
    }
}