{
    "video_name": "zdb2023110907",
    "frame_id": 52501,
    "head_bbox": {
        "x0": 784,
        "y0": 258,
        "x1": 830,
        "y1": 319,
        "w": 46,
        "h": 61
    },
    "frame_size": {
        "h": 1080,
        "w": 1920
    },
    "head_pose_angle_6drepnet360": {
        "yaw": -38.2075309753418,
        "pitch": -6.828951358795166,
        "roll": -0.05936553701758385
    }
}