{
    "video_name": "zdb2023110907",
    "frame_id": 52601,
    "head_bbox": {
        "x0": 903,
        "y0": 267,
        "x1": 946,
        "y1": 322,
        "w": 43,
        "h": 55
    },
    "frame_size": {
        "h": 1080,
        "w": 1920
    },
    "head_pose_angle_6drepnet360": {
        "yaw": 13.921977043151855,
        "pitch": 0.6866863965988159,
        "roll": 4.106083393096924
    }
}