{
    "video_name": "zdb2023110907",
    "frame_id": 52701,
    "head_bbox": {
        "x0": 889,
        "y0": 268,
        "x1": 933,
        "y1": 330,
        "w": 44,
        "h": 62
    },
    "frame_size": {
        "h": 1080,
        "w": 1920
    },
    "head_pose_angle_6drepnet360": {
        "yaw": 24.93002700805664,
        "pitch": -11.288893699645996,
        "roll": -8.21391773223877
    }
}