{
    "video_name": "zdb2023110907",
    "frame_id": 52801,
    "head_bbox": {
        "x0": 660,
        "y0": 259,
        "x1": 708,
        "y1": 312,
        "w": 48,
        "h": 53
    },
    "frame_size": {
        "h": 1080,
        "w": 1920
    },
    "head_pose_angle_6drepnet360": {
        "yaw": 41.356422424316406,
        "pitch": -23.516300201416016,
        "roll": -18.920745849609375
    }
}