{
    "video_name": "zdb2023110907",
    "frame_id": 52901,
    "head_bbox": {
        "x0": 560,
        "y0": 256,
        "x1": 612,
        "y1": 304,
        "w": 52,
        "h": 48
    },
    "frame_size": {
        "h": 1080,
        "w": 1920
    },
    "head_pose_angle_6drepnet360": {
        "yaw": -63.708290100097656,
        "pitch": 18.365970611572266,
        "roll": -23.735580444335938
    }
}