{
    "video_name": "zdb2023110907",
    "frame_id": 53001,
    "head_bbox": {
        "x0": 772,
        "y0": 258,
        "x1": 819,
        "y1": 314,
        "w": 47,
        "h": 56
    },
    "frame_size": {
        "h": 1080,
        "w": 1920
    },
    "head_pose_angle_6drepnet360": {
        "yaw": -49.6640625,
        "pitch": 2.046522617340088,
        "roll": -12.905357360839844
    }
}