{
    "video_name": "zdb2023110907",
    "frame_id": 5301,
    "head_bbox": {
        "x0": 439,
        "y0": 299,
        "x1": 487,
        "y1": 348,
        "w": 48,
        "h": 49
    },
    "frame_size": {
        "h": 1080,
        "w": 1920
    },
    "head_pose_angle_6drepnet360": {
        "yaw": -7.12635612487793,
        "pitch": -21.71303367614746,
        "roll": -11.545004844665527
    }
}