{
    "video_name": "zdb2023110907",
    "frame_id": 53101,
    "head_bbox": {
        "x0": 881,
        "y0": 266,
        "x1": 922,
        "y1": 322,
        "w": 41,
        "h": 56
    },
    "frame_size": {
        "h": 1080,
        "w": 1920
    },
    "head_pose_angle_6drepnet360": {
        "yaw": 1.3673332929611206,
        "pitch": -6.661443710327148,
        "roll": -4.130438327789307
    }
}