{
    "video_name": "zdb2023110907",
    "frame_id": 53201,
    "head_bbox": {
        "x0": 808,
        "y0": 262,
        "x1": 851,
        "y1": 322,
        "w": 43,
        "h": 60
    },
    "frame_size": {
        "h": 1080,
        "w": 1920
    },
    "head_pose_angle_6drepnet360": {
        "yaw": 12.395631790161133,
        "pitch": -6.763382434844971,
        "roll": -4.43770694732666
    }
}