{
    "video_name": "zdb2023110907",
    "frame_id": 53301,
    "head_bbox": {
        "x0": 686,
        "y0": 259,
        "x1": 730,
        "y1": 312,
        "w": 44,
        "h": 53
    },
    "frame_size": {
        "h": 1080,
        "w": 1920
    },
    "head_pose_angle_6drepnet360": {
        "yaw": 13.13548755645752,
        "pitch": -2.6776349544525146,
        "roll": -3.6280710697174072
    }
}