{
    "video_name": "zdb2023110907",
    "frame_id": 53401,
    "head_bbox": {
        "x0": 629,
        "y0": 257,
        "x1": 673,
        "y1": 305,
        "w": 44,
        "h": 48
    },
    "frame_size": {
        "h": 1080,
        "w": 1920
    },
    "head_pose_angle_6drepnet360": {
        "yaw": -5.337328910827637,
        "pitch": 0.3261953592300415,
        "roll": -14.34464168548584
    }
}