{
    "video_name": "zdb2023110907",
    "frame_id": 53501,
    "head_bbox": {
        "x0": 808,
        "y0": 256,
        "x1": 854,
        "y1": 313,
        "w": 46,
        "h": 57
    },
    "frame_size": {
        "h": 1080,
        "w": 1920
    },
    "head_pose_angle_6drepnet360": {
        "yaw": -44.723541259765625,
        "pitch": -6.916807651519775,
        "roll": -6.23975944519043
    }
}