{
    "video_name": "zdb2023110907",
    "frame_id": 53601,
    "head_bbox": {
        "x0": 920,
        "y0": 266,
        "x1": 964,
        "y1": 323,
        "w": 44,
        "h": 57
    },
    "frame_size": {
        "h": 1080,
        "w": 1920
    },
    "head_pose_angle_6drepnet360": {
        "yaw": 34.89548110961914,
        "pitch": -8.6424560546875,
        "roll": -4.295759201049805
    }
}