{
    "video_name": "zdb2023110907",
    "frame_id": 53701,
    "head_bbox": {
        "x0": 731,
        "y0": 258,
        "x1": 773,
        "y1": 315,
        "w": 42,
        "h": 57
    },
    "frame_size": {
        "h": 1080,
        "w": 1920
    },
    "head_pose_angle_6drepnet360": {
        "yaw": 4.556191444396973,
        "pitch": -1.7745088338851929,
        "roll": -4.639225006103516
    }
}