{
    "video_name": "zdb2023110907",
    "frame_id": 53801,
    "head_bbox": {
        "x0": 625,
        "y0": 258,
        "x1": 671,
        "y1": 308,
        "w": 46,
        "h": 50
    },
    "frame_size": {
        "h": 1080,
        "w": 1920
    },
    "head_pose_angle_6drepnet360": {
        "yaw": -19.53730010986328,
        "pitch": 0.0974479392170906,
        "roll": -7.080599308013916
    }
}