{
    "video_name": "zdb2023110907",
    "frame_id": 53901,
    "head_bbox": {
        "x0": 737,
        "y0": 259,
        "x1": 784,
        "y1": 317,
        "w": 47,
        "h": 58
    },
    "frame_size": {
        "h": 1080,
        "w": 1920
    },
    "head_pose_angle_6drepnet360": {
        "yaw": -53.78850173950195,
        "pitch": -23.95547866821289,
        "roll": 17.51671028137207
    }
}