{
    "video_name": "zdb2023110907",
    "frame_id": 54001,
    "head_bbox": {
        "x0": 893,
        "y0": 264,
        "x1": 934,
        "y1": 321,
        "w": 41,
        "h": 57
    },
    "frame_size": {
        "h": 1080,
        "w": 1920
    },
    "head_pose_angle_6drepnet360": {
        "yaw": 10.701642990112305,
        "pitch": -5.472855091094971,
        "roll": 1.0943408012390137
    }
}