{
    "video_name": "zdb2023110907",
    "frame_id": 5401,
    "head_bbox": {
        "x0": 439,
        "y0": 294,
        "x1": 484,
        "y1": 346,
        "w": 45,
        "h": 52
    },
    "frame_size": {
        "h": 1080,
        "w": 1920
    },
    "head_pose_angle_6drepnet360": {
        "yaw": -1.824577808380127,
        "pitch": -16.477054595947266,
        "roll": -11.50406265258789
    }
}