{
    "video_name": "zdb2023110907",
    "frame_id": 54101,
    "head_bbox": {
        "x0": 918,
        "y0": 264,
        "x1": 958,
        "y1": 323,
        "w": 40,
        "h": 59
    },
    "frame_size": {
        "h": 1080,
        "w": 1920
    },
    "head_pose_angle_6drepnet360": {
        "yaw": 5.895017147064209,
        "pitch": -10.902885437011719,
        "roll": -0.283540278673172
    }
}