{
    "video_name": "zdb2023110907",
    "frame_id": 54301,
    "head_bbox": {
        "x0": 894,
        "y0": 270,
        "x1": 938,
        "y1": 330,
        "w": 44,
        "h": 60
    },
    "frame_size": {
        "h": 1080,
        "w": 1920
    },
    "head_pose_angle_6drepnet360": {
        "yaw": -13.309858322143555,
        "pitch": -5.28611946105957,
        "roll": -10.817020416259766
    }
}