{
    "video_name": "zdb2023110907",
    "frame_id": 54401,
    "head_bbox": {
        "x0": 828,
        "y0": 262,
        "x1": 872,
        "y1": 316,
        "w": 44,
        "h": 54
    },
    "frame_size": {
        "h": 1080,
        "w": 1920
    },
    "head_pose_angle_6drepnet360": {
        "yaw": 22.618261337280273,
        "pitch": 2.263927936553955,
        "roll": 6.080258846282959
    }
}