{
    "video_name": "zdb2023110907",
    "frame_id": 54501,
    "head_bbox": {
        "x0": 710,
        "y0": 256,
        "x1": 754,
        "y1": 310,
        "w": 44,
        "h": 54
    },
    "frame_size": {
        "h": 1080,
        "w": 1920
    },
    "head_pose_angle_6drepnet360": {
        "yaw": 18.959138870239258,
        "pitch": -5.525083065032959,
        "roll": -3.7924864292144775
    }
}