{
    "video_name": "zdb2023110907",
    "frame_id": 54601,
    "head_bbox": {
        "x0": 542,
        "y0": 253,
        "x1": 590,
        "y1": 305,
        "w": 48,
        "h": 52
    },
    "frame_size": {
        "h": 1080,
        "w": 1920
    },
    "head_pose_angle_6drepnet360": {
        "yaw": -13.742353439331055,
        "pitch": 1.1344929933547974,
        "roll": -13.215195655822754
    }
}