{
    "video_name": "zdb2023110907",
    "frame_id": 54701,
    "head_bbox": {
        "x0": 744,
        "y0": 254,
        "x1": 787,
        "y1": 312,
        "w": 43,
        "h": 58
    },
    "frame_size": {
        "h": 1080,
        "w": 1920
    },
    "head_pose_angle_6drepnet360": {
        "yaw": -11.484051704406738,
        "pitch": -2.908677339553833,
        "roll": 2.190642833709717
    }
}