{
    "video_name": "zdb2023110907",
    "frame_id": 54801,
    "head_bbox": {
        "x0": 912,
        "y0": 267,
        "x1": 955,
        "y1": 325,
        "w": 43,
        "h": 58
    },
    "frame_size": {
        "h": 1080,
        "w": 1920
    },
    "head_pose_angle_6drepnet360": {
        "yaw": 5.3260626792907715,
        "pitch": -0.04872383549809456,
        "roll": 0.574734091758728
    }
}