{
    "video_name": "zdb2023110907",
    "frame_id": 54901,
    "head_bbox": {
        "x0": 964,
        "y0": 264,
        "x1": 1007,
        "y1": 323,
        "w": 43,
        "h": 59
    },
    "frame_size": {
        "h": 1080,
        "w": 1920
    },
    "head_pose_angle_6drepnet360": {
        "yaw": -2.200369119644165,
        "pitch": -7.51423978805542,
        "roll": -9.16466999053955
    }
}