{
    "video_name": "zdb2023110907",
    "frame_id": 55001,
    "head_bbox": {
        "x0": 953,
        "y0": 267,
        "x1": 997,
        "y1": 327,
        "w": 44,
        "h": 60
    },
    "frame_size": {
        "h": 1080,
        "w": 1920
    },
    "head_pose_angle_6drepnet360": {
        "yaw": -5.598284721374512,
        "pitch": -3.115335702896118,
        "roll": -5.463801383972168
    }
}