{
    "video_name": "zdb2023110907",
    "frame_id": 5501,
    "head_bbox": {
        "x0": 440,
        "y0": 298,
        "x1": 485,
        "y1": 347,
        "w": 45,
        "h": 49
    },
    "frame_size": {
        "h": 1080,
        "w": 1920
    },
    "head_pose_angle_6drepnet360": {
        "yaw": -0.9664052724838257,
        "pitch": -20.931537628173828,
        "roll": -10.916279792785645
    }
}