{
    "video_name": "zdb2023110907",
    "frame_id": 55101,
    "head_bbox": {
        "x0": 980,
        "y0": 272,
        "x1": 1023,
        "y1": 332,
        "w": 43,
        "h": 60
    },
    "frame_size": {
        "h": 1080,
        "w": 1920
    },
    "head_pose_angle_6drepnet360": {
        "yaw": 10.145623207092285,
        "pitch": -3.7385928630828857,
        "roll": -1.3397612571716309
    }
}