{
    "video_name": "zdb2023110907",
    "frame_id": 55201,
    "head_bbox": {
        "x0": 956,
        "y0": 264,
        "x1": 998,
        "y1": 322,
        "w": 42,
        "h": 58
    },
    "frame_size": {
        "h": 1080,
        "w": 1920
    },
    "head_pose_angle_6drepnet360": {
        "yaw": -3.3715014457702637,
        "pitch": -4.251884937286377,
        "roll": -4.197083473205566
    }
}