{
    "video_name": "zdb2023110907",
    "frame_id": 55301,
    "head_bbox": {
        "x0": 910,
        "y0": 267,
        "x1": 953,
        "y1": 325,
        "w": 43,
        "h": 58
    },
    "frame_size": {
        "h": 1080,
        "w": 1920
    },
    "head_pose_angle_6drepnet360": {
        "yaw": 10.357972145080566,
        "pitch": -3.0417542457580566,
        "roll": -2.0045113563537598
    }
}