{
    "video_name": "zdb2023110907",
    "frame_id": 55401,
    "head_bbox": {
        "x0": 909,
        "y0": 266,
        "x1": 951,
        "y1": 326,
        "w": 42,
        "h": 60
    },
    "frame_size": {
        "h": 1080,
        "w": 1920
    },
    "head_pose_angle_6drepnet360": {
        "yaw": -7.76133918762207,
        "pitch": -5.665475845336914,
        "roll": -7.894077777862549
    }
}