{
    "video_name": "zdb2023110907",
    "frame_id": 55501,
    "head_bbox": {
        "x0": 916,
        "y0": 268,
        "x1": 958,
        "y1": 323,
        "w": 42,
        "h": 55
    },
    "frame_size": {
        "h": 1080,
        "w": 1920
    },
    "head_pose_angle_6drepnet360": {
        "yaw": 1.6472903490066528,
        "pitch": -0.44223111867904663,
        "roll": 2.1441233158111572
    }
}