{
    "video_name": "zdb2023110907",
    "frame_id": 55601,
    "head_bbox": {
        "x0": 938,
        "y0": 271,
        "x1": 981,
        "y1": 333,
        "w": 43,
        "h": 62
    },
    "frame_size": {
        "h": 1080,
        "w": 1920
    },
    "head_pose_angle_6drepnet360": {
        "yaw": 15.484509468078613,
        "pitch": -8.542289733886719,
        "roll": -7.178789138793945
    }
}