{
    "video_name": "zdb2023110907",
    "frame_id": 55701,
    "head_bbox": {
        "x0": 924,
        "y0": 267,
        "x1": 968,
        "y1": 326,
        "w": 44,
        "h": 59
    },
    "frame_size": {
        "h": 1080,
        "w": 1920
    },
    "head_pose_angle_6drepnet360": {
        "yaw": 38.834922790527344,
        "pitch": -14.798038482666016,
        "roll": -11.329777717590332
    }
}