{
    "video_name": "zdb2023110907",
    "frame_id": 55801,
    "head_bbox": {
        "x0": 804,
        "y0": 256,
        "x1": 846,
        "y1": 314,
        "w": 42,
        "h": 58
    },
    "frame_size": {
        "h": 1080,
        "w": 1920
    },
    "head_pose_angle_6drepnet360": {
        "yaw": -11.568015098571777,
        "pitch": -5.663937091827393,
        "roll": -7.716724872589111
    }
}