{
    "video_name": "zdb2023110907",
    "frame_id": 55901,
    "head_bbox": {
        "x0": 589,
        "y0": 258,
        "x1": 636,
        "y1": 309,
        "w": 47,
        "h": 51
    },
    "frame_size": {
        "h": 1080,
        "w": 1920
    },
    "head_pose_angle_6drepnet360": {
        "yaw": -10.795938491821289,
        "pitch": -0.35766369104385376,
        "roll": -8.902400970458984
    }
}