{
    "video_name": "zdb2023110907",
    "frame_id": 56001,
    "head_bbox": {
        "x0": 508,
        "y0": 251,
        "x1": 554,
        "y1": 303,
        "w": 46,
        "h": 52
    },
    "frame_size": {
        "h": 1080,
        "w": 1920
    },
    "head_pose_angle_6drepnet360": {
        "yaw": -14.703619956970215,
        "pitch": -0.41168954968452454,
        "roll": -2.3562464714050293
    }
}