{
    "video_name": "zdb2023110907",
    "frame_id": 5601,
    "head_bbox": {
        "x0": 430,
        "y0": 267,
        "x1": 478,
        "y1": 319,
        "w": 48,
        "h": 52
    },
    "frame_size": {
        "h": 1080,
        "w": 1920
    },
    "head_pose_angle_6drepnet360": {
        "yaw": 15.615842819213867,
        "pitch": -18.287885665893555,
        "roll": -8.096667289733887
    }
}