{
    "video_name": "zdb2023110907",
    "frame_id": 56101,
    "head_bbox": {
        "x0": 732,
        "y0": 256,
        "x1": 777,
        "y1": 311,
        "w": 45,
        "h": 55
    },
    "frame_size": {
        "h": 1080,
        "w": 1920
    },
    "head_pose_angle_6drepnet360": {
        "yaw": -19.082685470581055,
        "pitch": -3.5267179012298584,
        "roll": 2.5107638835906982
    }
}