{
    "video_name": "zdb2023110907",
    "frame_id": 56201,
    "head_bbox": {
        "x0": 883,
        "y0": 267,
        "x1": 927,
        "y1": 326,
        "w": 44,
        "h": 59
    },
    "frame_size": {
        "h": 1080,
        "w": 1920
    },
    "head_pose_angle_6drepnet360": {
        "yaw": -17.588180541992188,
        "pitch": -6.961368560791016,
        "roll": 2.839189291000366
    }
}