{
    "video_name": "zdb2023110907",
    "frame_id": 56501,
    "head_bbox": {
        "x0": 669,
        "y0": 260,
        "x1": 723,
        "y1": 317,
        "w": 54,
        "h": 57
    },
    "frame_size": {
        "h": 1080,
        "w": 1920
    },
    "head_pose_angle_6drepnet360": {
        "yaw": -71.52360534667969,
        "pitch": 160.2847900390625,
        "roll": -173.2831573486328
    }
}