{
    "video_name": "zdb2023110907",
    "frame_id": 56601,
    "head_bbox": {
        "x0": 799,
        "y0": 264,
        "x1": 844,
        "y1": 326,
        "w": 45,
        "h": 62
    },
    "frame_size": {
        "h": 1080,
        "w": 1920
    },
    "head_pose_angle_6drepnet360": {
        "yaw": -18.84280014038086,
        "pitch": -7.596397876739502,
        "roll": -3.410003423690796
    }
}