{
    "video_name": "zdb2023110907",
    "frame_id": 56801,
    "head_bbox": {
        "x0": 851,
        "y0": 263,
        "x1": 893,
        "y1": 322,
        "w": 42,
        "h": 59
    },
    "frame_size": {
        "h": 1080,
        "w": 1920
    },
    "head_pose_angle_6drepnet360": {
        "yaw": 7.284816741943359,
        "pitch": -4.508257865905762,
        "roll": -4.51894998550415
    }
}