{
    "video_name": "zdb2023110907",
    "frame_id": 56901,
    "head_bbox": {
        "x0": 844,
        "y0": 264,
        "x1": 891,
        "y1": 321,
        "w": 47,
        "h": 57
    },
    "frame_size": {
        "h": 1080,
        "w": 1920
    },
    "head_pose_angle_6drepnet360": {
        "yaw": -36.83901596069336,
        "pitch": 1.4516417980194092,
        "roll": -14.061092376708984
    }
}