{
    "video_name": "zdb2023110907",
    "frame_id": 57001,
    "head_bbox": {
        "x0": 926,
        "y0": 269,
        "x1": 970,
        "y1": 328,
        "w": 44,
        "h": 59
    },
    "frame_size": {
        "h": 1080,
        "w": 1920
    },
    "head_pose_angle_6drepnet360": {
        "yaw": 6.422884464263916,
        "pitch": -3.4371988773345947,
        "roll": -4.328304767608643
    }
}