{
    "video_name": "zdb2023110907",
    "frame_id": 5701,
    "head_bbox": {
        "x0": 409,
        "y0": 271,
        "x1": 455,
        "y1": 321,
        "w": 46,
        "h": 50
    },
    "frame_size": {
        "h": 1080,
        "w": 1920
    },
    "head_pose_angle_6drepnet360": {
        "yaw": 2.4018449783325195,
        "pitch": -6.041959762573242,
        "roll": -5.805535316467285
    }
}