{
    "video_name": "zdb2023110907",
    "frame_id": 57101,
    "head_bbox": {
        "x0": 763,
        "y0": 260,
        "x1": 806,
        "y1": 319,
        "w": 43,
        "h": 59
    },
    "frame_size": {
        "h": 1080,
        "w": 1920
    },
    "head_pose_angle_6drepnet360": {
        "yaw": -2.8548941612243652,
        "pitch": -6.342365264892578,
        "roll": -4.959757328033447
    }
}