{
    "video_name": "zdb2023110907",
    "frame_id": 57201,
    "head_bbox": {
        "x0": 784,
        "y0": 254,
        "x1": 826,
        "y1": 310,
        "w": 42,
        "h": 56
    },
    "frame_size": {
        "h": 1080,
        "w": 1920
    },
    "head_pose_angle_6drepnet360": {
        "yaw": 0.6393197774887085,
        "pitch": -4.802880764007568,
        "roll": 14.133098602294922
    }
}