{
    "video_name": "zdb2023110907",
    "frame_id": 57301,
    "head_bbox": {
        "x0": 874,
        "y0": 265,
        "x1": 917,
        "y1": 322,
        "w": 43,
        "h": 57
    },
    "frame_size": {
        "h": 1080,
        "w": 1920
    },
    "head_pose_angle_6drepnet360": {
        "yaw": -3.9375762939453125,
        "pitch": -6.01425838470459,
        "roll": 4.764396667480469
    }
}