{
    "video_name": "zdb2023110907",
    "frame_id": 57401,
    "head_bbox": {
        "x0": 812,
        "y0": 252,
        "x1": 853,
        "y1": 308,
        "w": 41,
        "h": 56
    },
    "frame_size": {
        "h": 1080,
        "w": 1920
    },
    "head_pose_angle_6drepnet360": {
        "yaw": -2.6442484855651855,
        "pitch": -2.9803626537323,
        "roll": -4.054821491241455
    }
}