{
    "video_name": "zdb2023110907",
    "frame_id": 57501,
    "head_bbox": {
        "x0": 814,
        "y0": 260,
        "x1": 857,
        "y1": 321,
        "w": 43,
        "h": 61
    },
    "frame_size": {
        "h": 1080,
        "w": 1920
    },
    "head_pose_angle_6drepnet360": {
        "yaw": 2.0640504360198975,
        "pitch": -9.202549934387207,
        "roll": 0.32034367322921753
    }
}