{
    "video_name": "zdb2023110907",
    "frame_id": 57601,
    "head_bbox": {
        "x0": 867,
        "y0": 259,
        "x1": 908,
        "y1": 314,
        "w": 41,
        "h": 55
    },
    "frame_size": {
        "h": 1080,
        "w": 1920
    },
    "head_pose_angle_6drepnet360": {
        "yaw": 15.849234580993652,
        "pitch": -8.99949836730957,
        "roll": -7.741059303283691
    }
}