{
    "video_name": "zdb2023110907",
    "frame_id": 57701,
    "head_bbox": {
        "x0": 902,
        "y0": 255,
        "x1": 942,
        "y1": 309,
        "w": 40,
        "h": 54
    },
    "frame_size": {
        "h": 1080,
        "w": 1920
    },
    "head_pose_angle_6drepnet360": {
        "yaw": 10.525955200195312,
        "pitch": -1.5597848892211914,
        "roll": 1.3313344717025757
    }
}