{
    "video_name": "zdb2023110907",
    "frame_id": 57801,
    "head_bbox": {
        "x0": 805,
        "y0": 258,
        "x1": 848,
        "y1": 315,
        "w": 43,
        "h": 57
    },
    "frame_size": {
        "h": 1080,
        "w": 1920
    },
    "head_pose_angle_6drepnet360": {
        "yaw": 9.219285011291504,
        "pitch": -4.954753398895264,
        "roll": -6.841789722442627
    }
}