{
    "video_name": "zdb2023110907",
    "frame_id": 57901,
    "head_bbox": {
        "x0": 854,
        "y0": 263,
        "x1": 897,
        "y1": 322,
        "w": 43,
        "h": 59
    },
    "frame_size": {
        "h": 1080,
        "w": 1920
    },
    "head_pose_angle_6drepnet360": {
        "yaw": 3.046653985977173,
        "pitch": -6.250094413757324,
        "roll": 1.3402273654937744
    }
}