{
    "video_name": "zdb2023110907",
    "frame_id": 58001,
    "head_bbox": {
        "x0": 663,
        "y0": 260,
        "x1": 707,
        "y1": 312,
        "w": 44,
        "h": 52
    },
    "frame_size": {
        "h": 1080,
        "w": 1920
    },
    "head_pose_angle_6drepnet360": {
        "yaw": -10.272514343261719,
        "pitch": -2.2542498111724854,
        "roll": -0.8593528866767883
    }
}