{
    "video_name": "zdb2023110907",
    "frame_id": 5801,
    "head_bbox": {
        "x0": 329,
        "y0": 286,
        "x1": 382,
        "y1": 346,
        "w": 53,
        "h": 60
    },
    "frame_size": {
        "h": 1080,
        "w": 1920
    },
    "head_pose_angle_6drepnet360": {
        "yaw": -22.90218162536621,
        "pitch": -30.97239875793457,
        "roll": -1.453059196472168
    }
}