{
    "video_name": "zdb2023110907",
    "frame_id": 58101,
    "head_bbox": {
        "x0": 697,
        "y0": 255,
        "x1": 739,
        "y1": 306,
        "w": 42,
        "h": 51
    },
    "frame_size": {
        "h": 1080,
        "w": 1920
    },
    "head_pose_angle_6drepnet360": {
        "yaw": -12.691841125488281,
        "pitch": -0.2359614372253418,
        "roll": -5.205029487609863
    }
}