{
    "video_name": "zdb2023110907",
    "frame_id": 58201,
    "head_bbox": {
        "x0": 717,
        "y0": 255,
        "x1": 760,
        "y1": 315,
        "w": 43,
        "h": 60
    },
    "frame_size": {
        "h": 1080,
        "w": 1920
    },
    "head_pose_angle_6drepnet360": {
        "yaw": 0.9827612042427063,
        "pitch": -5.51726770401001,
        "roll": 6.184452056884766
    }
}