{
    "video_name": "zdb2023110907",
    "frame_id": 58301,
    "head_bbox": {
        "x0": 860,
        "y0": 270,
        "x1": 905,
        "y1": 332,
        "w": 45,
        "h": 62
    },
    "frame_size": {
        "h": 1080,
        "w": 1920
    },
    "head_pose_angle_6drepnet360": {
        "yaw": -8.644074440002441,
        "pitch": -12.70280933380127,
        "roll": -3.445918321609497
    }
}