{
    "video_name": "zdb2023110907",
    "frame_id": 58401,
    "head_bbox": {
        "x0": 862,
        "y0": 266,
        "x1": 905,
        "y1": 324,
        "w": 43,
        "h": 58
    },
    "frame_size": {
        "h": 1080,
        "w": 1920
    },
    "head_pose_angle_6drepnet360": {
        "yaw": -2.6902599334716797,
        "pitch": -2.999539375305176,
        "roll": -7.182410717010498
    }
}