{
    "video_name": "zdb2023110907",
    "frame_id": 58601,
    "head_bbox": {
        "x0": 472,
        "y0": 252,
        "x1": 519,
        "y1": 304,
        "w": 47,
        "h": 52
    },
    "frame_size": {
        "h": 1080,
        "w": 1920
    },
    "head_pose_angle_6drepnet360": {
        "yaw": -9.169086456298828,
        "pitch": -1.6390663385391235,
        "roll": -9.772439002990723
    }
}