{
    "video_name": "zdb2023110907",
    "frame_id": 58701,
    "head_bbox": {
        "x0": 692,
        "y0": 259,
        "x1": 738,
        "y1": 310,
        "w": 46,
        "h": 51
    },
    "frame_size": {
        "h": 1080,
        "w": 1920
    },
    "head_pose_angle_6drepnet360": {
        "yaw": -33.947689056396484,
        "pitch": -8.360386848449707,
        "roll": -2.5244126319885254
    }
}