{
    "video_name": "zdb2023110907",
    "frame_id": 58901,
    "head_bbox": {
        "x0": 818,
        "y0": 258,
        "x1": 860,
        "y1": 316,
        "w": 42,
        "h": 58
    },
    "frame_size": {
        "h": 1080,
        "w": 1920
    },
    "head_pose_angle_6drepnet360": {
        "yaw": 37.969688415527344,
        "pitch": -10.944591522216797,
        "roll": -7.325911998748779
    }
}