{
    "video_name": "zdb2023110907",
    "frame_id": 59001,
    "head_bbox": {
        "x0": 741,
        "y0": 254,
        "x1": 785,
        "y1": 311,
        "w": 44,
        "h": 57
    },
    "frame_size": {
        "h": 1080,
        "w": 1920
    },
    "head_pose_angle_6drepnet360": {
        "yaw": 42.176361083984375,
        "pitch": -3.404672384262085,
        "roll": -1.246530294418335
    }
}