{
    "video_name": "zdb2023110907",
    "frame_id": 5901,
    "head_bbox": {
        "x0": 329,
        "y0": 281,
        "x1": 375,
        "y1": 338,
        "w": 46,
        "h": 57
    },
    "frame_size": {
        "h": 1080,
        "w": 1920
    },
    "head_pose_angle_6drepnet360": {
        "yaw": 1.9859424829483032,
        "pitch": -16.40216827392578,
        "roll": -5.144383907318115
    }
}