{
    "video_name": "zdb2023110907",
    "frame_id": 59101,
    "head_bbox": {
        "x0": 506,
        "y0": 253,
        "x1": 552,
        "y1": 304,
        "w": 46,
        "h": 51
    },
    "frame_size": {
        "h": 1080,
        "w": 1920
    },
    "head_pose_angle_6drepnet360": {
        "yaw": -0.5359710454940796,
        "pitch": 0.6521623730659485,
        "roll": -5.195112705230713
    }
}