{
    "video_name": "zdb2023110907",
    "frame_id": 59201,
    "head_bbox": {
        "x0": 555,
        "y0": 256,
        "x1": 603,
        "y1": 309,
        "w": 48,
        "h": 53
    },
    "frame_size": {
        "h": 1080,
        "w": 1920
    },
    "head_pose_angle_6drepnet360": {
        "yaw": -24.410747528076172,
        "pitch": -0.7821826338768005,
        "roll": -5.66304874420166
    }
}