{
    "video_name": "zdb2023110907",
    "frame_id": 59301,
    "head_bbox": {
        "x0": 756,
        "y0": 258,
        "x1": 800,
        "y1": 316,
        "w": 44,
        "h": 58
    },
    "frame_size": {
        "h": 1080,
        "w": 1920
    },
    "head_pose_angle_6drepnet360": {
        "yaw": -18.32445526123047,
        "pitch": -4.241413593292236,
        "roll": -4.571932792663574
    }
}