{
    "video_name": "zdb2023110907",
    "frame_id": 59401,
    "head_bbox": {
        "x0": 724,
        "y0": 255,
        "x1": 767,
        "y1": 311,
        "w": 43,
        "h": 56
    },
    "frame_size": {
        "h": 1080,
        "w": 1920
    },
    "head_pose_angle_6drepnet360": {
        "yaw": 37.323638916015625,
        "pitch": -6.873998641967773,
        "roll": -3.16473126411438
    }
}