{
    "video_name": "zdb2023110907",
    "frame_id": 59501,
    "head_bbox": {
        "x0": 466,
        "y0": 253,
        "x1": 513,
        "y1": 305,
        "w": 47,
        "h": 52
    },
    "frame_size": {
        "h": 1080,
        "w": 1920
    },
    "head_pose_angle_6drepnet360": {
        "yaw": -5.536684036254883,
        "pitch": -1.4202215671539307,
        "roll": -3.880136013031006
    }
}