{
    "video_name": "zdb2023110907",
    "frame_id": 59601,
    "head_bbox": {
        "x0": 467,
        "y0": 255,
        "x1": 512,
        "y1": 304,
        "w": 45,
        "h": 49
    },
    "frame_size": {
        "h": 1080,
        "w": 1920
    },
    "head_pose_angle_6drepnet360": {
        "yaw": -13.779158592224121,
        "pitch": -1.1871733665466309,
        "roll": -8.133511543273926
    }
}