{
    "video_name": "zdb2023110907",
    "frame_id": 59701,
    "head_bbox": {
        "x0": 574,
        "y0": 257,
        "x1": 622,
        "y1": 309,
        "w": 48,
        "h": 52
    },
    "frame_size": {
        "h": 1080,
        "w": 1920
    },
    "head_pose_angle_6drepnet360": {
        "yaw": -14.388463973999023,
        "pitch": 0.0990152359008789,
        "roll": -5.1591386795043945
    }
}