{
    "video_name": "zdb2023110907",
    "frame_id": 59801,
    "head_bbox": {
        "x0": 773,
        "y0": 249,
        "x1": 816,
        "y1": 308,
        "w": 43,
        "h": 59
    },
    "frame_size": {
        "h": 1080,
        "w": 1920
    },
    "head_pose_angle_6drepnet360": {
        "yaw": -4.510300159454346,
        "pitch": -3.7389097213745117,
        "roll": -2.551311731338501
    }
}