{
    "video_name": "zdb2023110907",
    "frame_id": 59901,
    "head_bbox": {
        "x0": 517,
        "y0": 258,
        "x1": 561,
        "y1": 305,
        "w": 44,
        "h": 47
    },
    "frame_size": {
        "h": 1080,
        "w": 1920
    },
    "head_pose_angle_6drepnet360": {
        "yaw": 0.7567211985588074,
        "pitch": -1.1076887845993042,
        "roll": -2.2127389907836914
    }
}