{
    "video_name": "zdb2023110907",
    "frame_id": 60001,
    "head_bbox": {
        "x0": 460,
        "y0": 251,
        "x1": 509,
        "y1": 302,
        "w": 49,
        "h": 51
    },
    "frame_size": {
        "h": 1080,
        "w": 1920
    },
    "head_pose_angle_6drepnet360": {
        "yaw": -32.88327407836914,
        "pitch": 4.775154113769531,
        "roll": -11.594964027404785
    }
}