{
    "video_name": "zdb2023110907",
    "frame_id": 6001,
    "head_bbox": {
        "x0": 430,
        "y0": 291,
        "x1": 477,
        "y1": 342,
        "w": 47,
        "h": 51
    },
    "frame_size": {
        "h": 1080,
        "w": 1920
    },
    "head_pose_angle_6drepnet360": {
        "yaw": 4.207311153411865,
        "pitch": -27.86831283569336,
        "roll": -13.296302795410156
    }
}