{
    "video_name": "zdb2023110907",
    "frame_id": 601,
    "head_bbox": {
        "x0": 460,
        "y0": 264,
        "x1": 503,
        "y1": 312,
        "w": 43,
        "h": 48
    },
    "frame_size": {
        "h": 1080,
        "w": 1920
    },
    "head_pose_angle_6drepnet360": {
        "yaw": 6.263729572296143,
        "pitch": -9.854287147521973,
        "roll": -5.932867050170898
    }
}