{
    "video_name": "zdb2023110907",
    "frame_id": 60101,
    "head_bbox": {
        "x0": 660,
        "y0": 254,
        "x1": 714,
        "y1": 308,
        "w": 54,
        "h": 54
    },
    "frame_size": {
        "h": 1080,
        "w": 1920
    },
    "head_pose_angle_6drepnet360": {
        "yaw": -85.04205322265625,
        "pitch": 42.147979736328125,
        "roll": -52.89554214477539
    }
}