{
    "video_name": "zdb2023110907",
    "frame_id": 60201,
    "head_bbox": {
        "x0": 790,
        "y0": 253,
        "x1": 833,
        "y1": 308,
        "w": 43,
        "h": 55
    },
    "frame_size": {
        "h": 1080,
        "w": 1920
    },
    "head_pose_angle_6drepnet360": {
        "yaw": -0.7377088069915771,
        "pitch": 0.9026099443435669,
        "roll": -5.357911109924316
    }
}