{
    "video_name": "zdb2023110907",
    "frame_id": 60401,
    "head_bbox": {
        "x0": 588,
        "y0": 257,
        "x1": 653,
        "y1": 304,
        "w": 65,
        "h": 47
    },
    "frame_size": {
        "h": 1080,
        "w": 1920
    },
    "head_pose_angle_6drepnet360": {
        "yaw": -68.37764739990234,
        "pitch": 126.68289184570312,
        "roll": -143.46481323242188
    }
}