{
    "video_name": "zdb2023110907",
    "frame_id": 60601,
    "head_bbox": {
        "x0": 829,
        "y0": 260,
        "x1": 872,
        "y1": 316,
        "w": 43,
        "h": 56
    },
    "frame_size": {
        "h": 1080,
        "w": 1920
    },
    "head_pose_angle_6drepnet360": {
        "yaw": 0.4299694299697876,
        "pitch": 0.5752524733543396,
        "roll": -6.482403755187988
    }
}