{
    "video_name": "zdb2023110907",
    "frame_id": 60701,
    "head_bbox": {
        "x0": 907,
        "y0": 264,
        "x1": 952,
        "y1": 323,
        "w": 45,
        "h": 59
    },
    "frame_size": {
        "h": 1080,
        "w": 1920
    },
    "head_pose_angle_6drepnet360": {
        "yaw": -16.930402755737305,
        "pitch": -2.8865768909454346,
        "roll": -6.298757076263428
    }
}