{
    "video_name": "zdb2023110907",
    "frame_id": 60901,
    "head_bbox": {
        "x0": 794,
        "y0": 254,
        "x1": 836,
        "y1": 311,
        "w": 42,
        "h": 57
    },
    "frame_size": {
        "h": 1080,
        "w": 1920
    },
    "head_pose_angle_6drepnet360": {
        "yaw": -5.296957015991211,
        "pitch": -3.6290535926818848,
        "roll": -1.8119580745697021
    }
}