{
    "video_name": "zdb2023110907",
    "frame_id": 61001,
    "head_bbox": {
        "x0": 942,
        "y0": 274,
        "x1": 989,
        "y1": 329,
        "w": 47,
        "h": 55
    },
    "frame_size": {
        "h": 1080,
        "w": 1920
    },
    "head_pose_angle_6drepnet360": {
        "yaw": -42.968624114990234,
        "pitch": -1.23915433883667,
        "roll": -6.340758323669434
    }
}