{
    "video_name": "zdb2023110907",
    "frame_id": 6101,
    "head_bbox": {
        "x0": 448,
        "y0": 293,
        "x1": 493,
        "y1": 348,
        "w": 45,
        "h": 55
    },
    "frame_size": {
        "h": 1080,
        "w": 1920
    },
    "head_pose_angle_6drepnet360": {
        "yaw": -9.699480056762695,
        "pitch": -27.99323081970215,
        "roll": -6.358310222625732
    }
}