{
    "video_name": "zdb2023110907",
    "frame_id": 61101,
    "head_bbox": {
        "x0": 951,
        "y0": 267,
        "x1": 994,
        "y1": 326,
        "w": 43,
        "h": 59
    },
    "frame_size": {
        "h": 1080,
        "w": 1920
    },
    "head_pose_angle_6drepnet360": {
        "yaw": 24.327512741088867,
        "pitch": -3.596637010574341,
        "roll": 0.25726190209388733
    }
}