{
    "video_name": "zdb2023110907",
    "frame_id": 61201,
    "head_bbox": {
        "x0": 866,
        "y0": 270,
        "x1": 911,
        "y1": 329,
        "w": 45,
        "h": 59
    },
    "frame_size": {
        "h": 1080,
        "w": 1920
    },
    "head_pose_angle_6drepnet360": {
        "yaw": -0.4288305640220642,
        "pitch": -1.241459846496582,
        "roll": 1.0779199600219727
    }
}