{
    "video_name": "zdb2023110907",
    "frame_id": 61301,
    "head_bbox": {
        "x0": 891,
        "y0": 262,
        "x1": 934,
        "y1": 321,
        "w": 43,
        "h": 59
    },
    "frame_size": {
        "h": 1080,
        "w": 1920
    },
    "head_pose_angle_6drepnet360": {
        "yaw": -6.296959400177002,
        "pitch": -3.1146116256713867,
        "roll": 1.1268789768218994
    }
}