{
    "video_name": "zdb2023110907",
    "frame_id": 61401,
    "head_bbox": {
        "x0": 840,
        "y0": 256,
        "x1": 882,
        "y1": 313,
        "w": 42,
        "h": 57
    },
    "frame_size": {
        "h": 1080,
        "w": 1920
    },
    "head_pose_angle_6drepnet360": {
        "yaw": 19.160024642944336,
        "pitch": -4.125504970550537,
        "roll": 0.5075082778930664
    }
}