{
    "video_name": "zdb2023110907",
    "frame_id": 61501,
    "head_bbox": {
        "x0": 773,
        "y0": 256,
        "x1": 817,
        "y1": 314,
        "w": 44,
        "h": 58
    },
    "frame_size": {
        "h": 1080,
        "w": 1920
    },
    "head_pose_angle_6drepnet360": {
        "yaw": -9.049909591674805,
        "pitch": -4.624329090118408,
        "roll": -7.631176948547363
    }
}