{
    "video_name": "zdb2023110907",
    "frame_id": 61701,
    "head_bbox": {
        "x0": 907,
        "y0": 262,
        "x1": 949,
        "y1": 321,
        "w": 42,
        "h": 59
    },
    "frame_size": {
        "h": 1080,
        "w": 1920
    },
    "head_pose_angle_6drepnet360": {
        "yaw": 6.251117706298828,
        "pitch": -2.2435357570648193,
        "roll": -0.4708344340324402
    }
}