{
    "video_name": "zdb2023110907",
    "frame_id": 61801,
    "head_bbox": {
        "x0": 866,
        "y0": 256,
        "x1": 907,
        "y1": 313,
        "w": 41,
        "h": 57
    },
    "frame_size": {
        "h": 1080,
        "w": 1920
    },
    "head_pose_angle_6drepnet360": {
        "yaw": 13.733711242675781,
        "pitch": -2.632272720336914,
        "roll": 5.582306861877441
    }
}