{
    "video_name": "zdb2023110907",
    "frame_id": 6201,
    "head_bbox": {
        "x0": 440,
        "y0": 295,
        "x1": 487,
        "y1": 347,
        "w": 47,
        "h": 52
    },
    "frame_size": {
        "h": 1080,
        "w": 1920
    },
    "head_pose_angle_6drepnet360": {
        "yaw": 1.8216266632080078,
        "pitch": -20.67369270324707,
        "roll": -12.047646522521973
    }
}