{
    "video_name": "zdb2023110907",
    "frame_id": 62101,
    "head_bbox": {
        "x0": 748,
        "y0": 260,
        "x1": 794,
        "y1": 318,
        "w": 46,
        "h": 58
    },
    "frame_size": {
        "h": 1080,
        "w": 1920
    },
    "head_pose_angle_6drepnet360": {
        "yaw": -53.59498596191406,
        "pitch": 0.778388261795044,
        "roll": -11.197514533996582
    }
}