{
    "video_name": "zdb2023110907",
    "frame_id": 62201,
    "head_bbox": {
        "x0": 788,
        "y0": 254,
        "x1": 829,
        "y1": 307,
        "w": 41,
        "h": 53
    },
    "frame_size": {
        "h": 1080,
        "w": 1920
    },
    "head_pose_angle_6drepnet360": {
        "yaw": 13.339089393615723,
        "pitch": -0.385553777217865,
        "roll": -1.2702010869979858
    }
}