{
    "video_name": "zdb2023110907",
    "frame_id": 62301,
    "head_bbox": {
        "x0": 617,
        "y0": 258,
        "x1": 665,
        "y1": 312,
        "w": 48,
        "h": 54
    },
    "frame_size": {
        "h": 1080,
        "w": 1920
    },
    "head_pose_angle_6drepnet360": {
        "yaw": 37.636390686035156,
        "pitch": -7.570349216461182,
        "roll": -6.0108232498168945
    }
}