{
    "video_name": "zdb2023110907",
    "frame_id": 62401,
    "head_bbox": {
        "x0": 591,
        "y0": 255,
        "x1": 641,
        "y1": 309,
        "w": 50,
        "h": 54
    },
    "frame_size": {
        "h": 1080,
        "w": 1920
    },
    "head_pose_angle_6drepnet360": {
        "yaw": -28.827239990234375,
        "pitch": 1.0354418754577637,
        "roll": -6.815381050109863
    }
}