{
    "video_name": "zdb2023110907",
    "frame_id": 62601,
    "head_bbox": {
        "x0": 897,
        "y0": 268,
        "x1": 939,
        "y1": 327,
        "w": 42,
        "h": 59
    },
    "frame_size": {
        "h": 1080,
        "w": 1920
    },
    "head_pose_angle_6drepnet360": {
        "yaw": 3.015807867050171,
        "pitch": -7.001138687133789,
        "roll": 5.393727779388428
    }
}