{
    "video_name": "zdb2023110907",
    "frame_id": 62701,
    "head_bbox": {
        "x0": 898,
        "y0": 273,
        "x1": 943,
        "y1": 334,
        "w": 45,
        "h": 61
    },
    "frame_size": {
        "h": 1080,
        "w": 1920
    },
    "head_pose_angle_6drepnet360": {
        "yaw": -2.7560646533966064,
        "pitch": -5.512442588806152,
        "roll": -2.9696474075317383
    }
}