{
    "video_name": "zdb2023110907",
    "frame_id": 62801,
    "head_bbox": {
        "x0": 887,
        "y0": 263,
        "x1": 928,
        "y1": 322,
        "w": 41,
        "h": 59
    },
    "frame_size": {
        "h": 1080,
        "w": 1920
    },
    "head_pose_angle_6drepnet360": {
        "yaw": 5.89487361907959,
        "pitch": -7.558268070220947,
        "roll": -8.946959495544434
    }
}