{
    "video_name": "zdb2023110907",
    "frame_id": 62901,
    "head_bbox": {
        "x0": 730,
        "y0": 258,
        "x1": 773,
        "y1": 317,
        "w": 43,
        "h": 59
    },
    "frame_size": {
        "h": 1080,
        "w": 1920
    },
    "head_pose_angle_6drepnet360": {
        "yaw": 5.010295867919922,
        "pitch": -7.5297932624816895,
        "roll": -3.7141621112823486
    }
}