{
    "video_name": "zdb2023110907",
    "frame_id": 63001,
    "head_bbox": {
        "x0": 607,
        "y0": 256,
        "x1": 651,
        "y1": 304,
        "w": 44,
        "h": 48
    },
    "frame_size": {
        "h": 1080,
        "w": 1920
    },
    "head_pose_angle_6drepnet360": {
        "yaw": -6.202033042907715,
        "pitch": -1.994836688041687,
        "roll": -4.0329155921936035
    }
}