{
    "video_name": "zdb2023110907",
    "frame_id": 6301,
    "head_bbox": {
        "x0": 440,
        "y0": 299,
        "x1": 485,
        "y1": 350,
        "w": 45,
        "h": 51
    },
    "frame_size": {
        "h": 1080,
        "w": 1920
    },
    "head_pose_angle_6drepnet360": {
        "yaw": -0.7508264183998108,
        "pitch": -18.822242736816406,
        "roll": -12.466617584228516
    }
}