{
    "video_name": "zdb2023110907",
    "frame_id": 63101,
    "head_bbox": {
        "x0": 781,
        "y0": 260,
        "x1": 825,
        "y1": 321,
        "w": 44,
        "h": 61
    },
    "frame_size": {
        "h": 1080,
        "w": 1920
    },
    "head_pose_angle_6drepnet360": {
        "yaw": -5.918731689453125,
        "pitch": -4.239348888397217,
        "roll": -2.5121355056762695
    }
}