{
    "video_name": "zdb2023110907",
    "frame_id": 63201,
    "head_bbox": {
        "x0": 895,
        "y0": 269,
        "x1": 939,
        "y1": 331,
        "w": 44,
        "h": 62
    },
    "frame_size": {
        "h": 1080,
        "w": 1920
    },
    "head_pose_angle_6drepnet360": {
        "yaw": 16.703901290893555,
        "pitch": -5.530640125274658,
        "roll": 0.9542612433433533
    }
}