{
    "video_name": "zdb2023110907",
    "frame_id": 63301,
    "head_bbox": {
        "x0": 967,
        "y0": 272,
        "x1": 1011,
        "y1": 331,
        "w": 44,
        "h": 59
    },
    "frame_size": {
        "h": 1080,
        "w": 1920
    },
    "head_pose_angle_6drepnet360": {
        "yaw": 11.582454681396484,
        "pitch": -0.8627210259437561,
        "roll": 3.9311275482177734
    }
}