{
    "video_name": "zdb2023110907",
    "frame_id": 63401,
    "head_bbox": {
        "x0": 984,
        "y0": 267,
        "x1": 1027,
        "y1": 323,
        "w": 43,
        "h": 56
    },
    "frame_size": {
        "h": 1080,
        "w": 1920
    },
    "head_pose_angle_6drepnet360": {
        "yaw": 15.36093807220459,
        "pitch": -0.2573516070842743,
        "roll": 5.111328601837158
    }
}