{
    "video_name": "zdb2023110907",
    "frame_id": 63501,
    "head_bbox": {
        "x0": 882,
        "y0": 269,
        "x1": 926,
        "y1": 331,
        "w": 44,
        "h": 62
    },
    "frame_size": {
        "h": 1080,
        "w": 1920
    },
    "head_pose_angle_6drepnet360": {
        "yaw": 7.24406623840332,
        "pitch": -5.328021049499512,
        "roll": -1.787354588508606
    }
}