{
    "video_name": "zdb2023110907",
    "frame_id": 63601,
    "head_bbox": {
        "x0": 882,
        "y0": 269,
        "x1": 925,
        "y1": 329,
        "w": 43,
        "h": 60
    },
    "frame_size": {
        "h": 1080,
        "w": 1920
    },
    "head_pose_angle_6drepnet360": {
        "yaw": 2.595224618911743,
        "pitch": -4.092990398406982,
        "roll": -0.9763087034225464
    }
}