{
    "video_name": "zdb2023110907",
    "frame_id": 63701,
    "head_bbox": {
        "x0": 737,
        "y0": 255,
        "x1": 779,
        "y1": 309,
        "w": 42,
        "h": 54
    },
    "frame_size": {
        "h": 1080,
        "w": 1920
    },
    "head_pose_angle_6drepnet360": {
        "yaw": 11.105661392211914,
        "pitch": 0.7676560878753662,
        "roll": 2.0160763263702393
    }
}