{
    "video_name": "zdb2023110907",
    "frame_id": 63801,
    "head_bbox": {
        "x0": 518,
        "y0": 257,
        "x1": 565,
        "y1": 312,
        "w": 47,
        "h": 55
    },
    "frame_size": {
        "h": 1080,
        "w": 1920
    },
    "head_pose_angle_6drepnet360": {
        "yaw": 7.722339153289795,
        "pitch": -5.2886810302734375,
        "roll": -8.335302352905273
    }
}