{
    "video_name": "zdb2023110907",
    "frame_id": 63901,
    "head_bbox": {
        "x0": 573,
        "y0": 257,
        "x1": 621,
        "y1": 310,
        "w": 48,
        "h": 53
    },
    "frame_size": {
        "h": 1080,
        "w": 1920
    },
    "head_pose_angle_6drepnet360": {
        "yaw": -19.6225528717041,
        "pitch": 3.122954845428467,
        "roll": -9.1163330078125
    }
}