{
    "video_name": "zdb2023110907",
    "frame_id": 64001,
    "head_bbox": {
        "x0": 818,
        "y0": 257,
        "x1": 862,
        "y1": 314,
        "w": 44,
        "h": 57
    },
    "frame_size": {
        "h": 1080,
        "w": 1920
    },
    "head_pose_angle_6drepnet360": {
        "yaw": -10.4091215133667,
        "pitch": 1.5726464986801147,
        "roll": -2.6627509593963623
    }
}