{
    "video_name": "zdb2023110907",
    "frame_id": 6401,
    "head_bbox": {
        "x0": 441,
        "y0": 295,
        "x1": 488,
        "y1": 351,
        "w": 47,
        "h": 56
    },
    "frame_size": {
        "h": 1080,
        "w": 1920
    },
    "head_pose_angle_6drepnet360": {
        "yaw": -3.3072803020477295,
        "pitch": -18.441679000854492,
        "roll": -13.826383590698242
    }
}