{
    "video_name": "zdb2023110907",
    "frame_id": 64101,
    "head_bbox": {
        "x0": 984,
        "y0": 272,
        "x1": 1029,
        "y1": 333,
        "w": 45,
        "h": 61
    },
    "frame_size": {
        "h": 1080,
        "w": 1920
    },
    "head_pose_angle_6drepnet360": {
        "yaw": 3.8176846504211426,
        "pitch": -6.9450907707214355,
        "roll": -3.895657539367676
    }
}