{
    "video_name": "zdb2023110907",
    "frame_id": 64201,
    "head_bbox": {
        "x0": 772,
        "y0": 258,
        "x1": 816,
        "y1": 316,
        "w": 44,
        "h": 58
    },
    "frame_size": {
        "h": 1080,
        "w": 1920
    },
    "head_pose_angle_6drepnet360": {
        "yaw": 41.68311309814453,
        "pitch": -5.262157440185547,
        "roll": 2.6541953086853027
    }
}