{
    "video_name": "zdb2023110907",
    "frame_id": 64301,
    "head_bbox": {
        "x0": 513,
        "y0": 271,
        "x1": 561,
        "y1": 315,
        "w": 48,
        "h": 44
    },
    "frame_size": {
        "h": 1080,
        "w": 1920
    },
    "head_pose_angle_6drepnet360": {
        "yaw": 21.311376571655273,
        "pitch": -12.797821044921875,
        "roll": 0.7923151254653931
    }
}