{
    "video_name": "zdb2023110907",
    "frame_id": 64401,
    "head_bbox": {
        "x0": 582,
        "y0": 260,
        "x1": 647,
        "y1": 312,
        "w": 65,
        "h": 52
    },
    "frame_size": {
        "h": 1080,
        "w": 1920
    },
    "head_pose_angle_6drepnet360": {
        "yaw": -63.84956741333008,
        "pitch": 129.17462158203125,
        "roll": -155.06661987304688
    }
}