{
    "video_name": "zdb2023110907",
    "frame_id": 64501,
    "head_bbox": {
        "x0": 732,
        "y0": 270,
        "x1": 780,
        "y1": 327,
        "w": 48,
        "h": 57
    },
    "frame_size": {
        "h": 1080,
        "w": 1920
    },
    "head_pose_angle_6drepnet360": {
        "yaw": -35.901878356933594,
        "pitch": 160.20220947265625,
        "roll": 179.80433654785156
    }
}