{
    "video_name": "zdb2023110907",
    "frame_id": 64601,
    "head_bbox": {
        "x0": 643,
        "y0": 253,
        "x1": 690,
        "y1": 305,
        "w": 47,
        "h": 52
    },
    "frame_size": {
        "h": 1080,
        "w": 1920
    },
    "head_pose_angle_6drepnet360": {
        "yaw": -19.29375648498535,
        "pitch": -0.9511815309524536,
        "roll": -9.659794807434082
    }
}