{
    "video_name": "zdb2023110907",
    "frame_id": 64701,
    "head_bbox": {
        "x0": 454,
        "y0": 260,
        "x1": 510,
        "y1": 307,
        "w": 56,
        "h": 47
    },
    "frame_size": {
        "h": 1080,
        "w": 1920
    },
    "head_pose_angle_6drepnet360": {
        "yaw": -72.76807403564453,
        "pitch": 56.07301330566406,
        "roll": -68.15107727050781
    }
}