{
    "video_name": "zdb2023110907",
    "frame_id": 6501,
    "head_bbox": {
        "x0": 439,
        "y0": 300,
        "x1": 486,
        "y1": 353,
        "w": 47,
        "h": 53
    },
    "frame_size": {
        "h": 1080,
        "w": 1920
    },
    "head_pose_angle_6drepnet360": {
        "yaw": 1.7703231573104858,
        "pitch": -14.941550254821777,
        "roll": -9.407090187072754
    }
}