{
    "video_name": "zdb2023110907",
    "frame_id": 65401,
    "head_bbox": {
        "x0": 754,
        "y0": 253,
        "x1": 799,
        "y1": 307,
        "w": 45,
        "h": 54
    },
    "frame_size": {
        "h": 1080,
        "w": 1920
    },
    "head_pose_angle_6drepnet360": {
        "yaw": 38.1629753112793,
        "pitch": 6.578906059265137,
        "roll": 9.957135200500488
    }
}