{
    "video_name": "zdb2023110907",
    "frame_id": 65501,
    "head_bbox": {
        "x0": 509,
        "y0": 258,
        "x1": 553,
        "y1": 310,
        "w": 44,
        "h": 52
    },
    "frame_size": {
        "h": 1080,
        "w": 1920
    },
    "head_pose_angle_6drepnet360": {
        "yaw": 14.973624229431152,
        "pitch": -3.516906499862671,
        "roll": -5.8775954246521
    }
}