{
    "video_name": "zdb2023110907",
    "frame_id": 65601,
    "head_bbox": {
        "x0": 521,
        "y0": 258,
        "x1": 583,
        "y1": 307,
        "w": 62,
        "h": 49
    },
    "frame_size": {
        "h": 1080,
        "w": 1920
    },
    "head_pose_angle_6drepnet360": {
        "yaw": -63.158443450927734,
        "pitch": 135.9857940673828,
        "roll": -149.88201904296875
    }
}