{
    "video_name": "zdb2023110907",
    "frame_id": 65701,
    "head_bbox": {
        "x0": 723,
        "y0": 258,
        "x1": 774,
        "y1": 310,
        "w": 51,
        "h": 52
    },
    "frame_size": {
        "h": 1080,
        "w": 1920
    },
    "head_pose_angle_6drepnet360": {
        "yaw": -56.169315338134766,
        "pitch": 154.6722869873047,
        "roll": -173.32015991210938
    }
}