{
    "video_name": "zdb2023110907",
    "frame_id": 65901,
    "head_bbox": {
        "x0": 433,
        "y0": 276,
        "x1": 477,
        "y1": 325,
        "w": 44,
        "h": 49
    },
    "frame_size": {
        "h": 1080,
        "w": 1920
    },
    "head_pose_angle_6drepnet360": {
        "yaw": 3.9541404247283936,
        "pitch": -14.192533493041992,
        "roll": -8.412415504455566
    }
}