{
    "video_name": "zdb2023110907",
    "frame_id": 66001,
    "head_bbox": {
        "x0": 484,
        "y0": 277,
        "x1": 530,
        "y1": 327,
        "w": 46,
        "h": 50
    },
    "frame_size": {
        "h": 1080,
        "w": 1920
    },
    "head_pose_angle_6drepnet360": {
        "yaw": 15.26818561553955,
        "pitch": -22.142318725585938,
        "roll": -8.632913589477539
    }
}