{
    "video_name": "zdb2023110907",
    "frame_id": 6601,
    "head_bbox": {
        "x0": 443,
        "y0": 299,
        "x1": 487,
        "y1": 350,
        "w": 44,
        "h": 51
    },
    "frame_size": {
        "h": 1080,
        "w": 1920
    },
    "head_pose_angle_6drepnet360": {
        "yaw": -2.9055850505828857,
        "pitch": -17.395376205444336,
        "roll": -10.247859954833984
    }
}