{
    "video_name": "zdb2023110907",
    "frame_id": 66101,
    "head_bbox": {
        "x0": 444,
        "y0": 293,
        "x1": 496,
        "y1": 350,
        "w": 52,
        "h": 57
    },
    "frame_size": {
        "h": 1080,
        "w": 1920
    },
    "head_pose_angle_6drepnet360": {
        "yaw": 17.30158805847168,
        "pitch": -34.03860092163086,
        "roll": -13.28327751159668
    }
}