{
    "video_name": "zdb2023110907",
    "frame_id": 66201,
    "head_bbox": {
        "x0": 433,
        "y0": 274,
        "x1": 476,
        "y1": 325,
        "w": 43,
        "h": 51
    },
    "frame_size": {
        "h": 1080,
        "w": 1920
    },
    "head_pose_angle_6drepnet360": {
        "yaw": 10.582529067993164,
        "pitch": -17.426044464111328,
        "roll": -9.029377937316895
    }
}