{
    "video_name": "zdb2023110907",
    "frame_id": 66301,
    "head_bbox": {
        "x0": 645,
        "y0": 261,
        "x1": 706,
        "y1": 314,
        "w": 61,
        "h": 53
    },
    "frame_size": {
        "h": 1080,
        "w": 1920
    },
    "head_pose_angle_6drepnet360": {
        "yaw": -67.98653411865234,
        "pitch": 151.0096435546875,
        "roll": -165.33787536621094
    }
}