{
    "video_name": "zdb2023110907",
    "frame_id": 66601,
    "head_bbox": {
        "x0": 749,
        "y0": 258,
        "x1": 794,
        "y1": 316,
        "w": 45,
        "h": 58
    },
    "frame_size": {
        "h": 1080,
        "w": 1920
    },
    "head_pose_angle_6drepnet360": {
        "yaw": -36.70337677001953,
        "pitch": -0.5028252601623535,
        "roll": -9.437156677246094
    }
}