{
    "video_name": "zdb2023110907",
    "frame_id": 66801,
    "head_bbox": {
        "x0": 609,
        "y0": 260,
        "x1": 672,
        "y1": 308,
        "w": 63,
        "h": 48
    },
    "frame_size": {
        "h": 1080,
        "w": 1920
    },
    "head_pose_angle_6drepnet360": {
        "yaw": -78.81340789794922,
        "pitch": 79.2986068725586,
        "roll": -89.36890411376953
    }
}