{
    "video_name": "zdb2023110907",
    "frame_id": 66901,
    "head_bbox": {
        "x0": 718,
        "y0": 255,
        "x1": 761,
        "y1": 310,
        "w": 43,
        "h": 55
    },
    "frame_size": {
        "h": 1080,
        "w": 1920
    },
    "head_pose_angle_6drepnet360": {
        "yaw": -16.084871292114258,
        "pitch": 1.219919204711914,
        "roll": -3.5415544509887695
    }
}