{
    "video_name": "zdb2023110907",
    "frame_id": 67001,
    "head_bbox": {
        "x0": 764,
        "y0": 252,
        "x1": 805,
        "y1": 308,
        "w": 41,
        "h": 56
    },
    "frame_size": {
        "h": 1080,
        "w": 1920
    },
    "head_pose_angle_6drepnet360": {
        "yaw": 6.81614351272583,
        "pitch": -4.741821765899658,
        "roll": 0.48009568452835083
    }
}