{
    "video_name": "zdb2023110907",
    "frame_id": 6701,
    "head_bbox": {
        "x0": 439,
        "y0": 302,
        "x1": 487,
        "y1": 354,
        "w": 48,
        "h": 52
    },
    "frame_size": {
        "h": 1080,
        "w": 1920
    },
    "head_pose_angle_6drepnet360": {
        "yaw": -2.757280111312866,
        "pitch": -26.073535919189453,
        "roll": -9.656621932983398
    }
}