{
    "video_name": "zdb2023110907",
    "frame_id": 67101,
    "head_bbox": {
        "x0": 538,
        "y0": 268,
        "x1": 587,
        "y1": 317,
        "w": 49,
        "h": 49
    },
    "frame_size": {
        "h": 1080,
        "w": 1920
    },
    "head_pose_angle_6drepnet360": {
        "yaw": 40.101497650146484,
        "pitch": -22.435945510864258,
        "roll": -9.799839973449707
    }
}