{
    "video_name": "zdb2023110907",
    "frame_id": 67301,
    "head_bbox": {
        "x0": 602,
        "y0": 269,
        "x1": 664,
        "y1": 316,
        "w": 62,
        "h": 47
    },
    "frame_size": {
        "h": 1080,
        "w": 1920
    },
    "head_pose_angle_6drepnet360": {
        "yaw": -67.26380920410156,
        "pitch": 124.32302856445312,
        "roll": -145.6914825439453
    }
}