{
    "video_name": "zdb2023110907",
    "frame_id": 67401,
    "head_bbox": {
        "x0": 703,
        "y0": 260,
        "x1": 757,
        "y1": 317,
        "w": 54,
        "h": 57
    },
    "frame_size": {
        "h": 1080,
        "w": 1920
    },
    "head_pose_angle_6drepnet360": {
        "yaw": -38.63457489013672,
        "pitch": 148.7125244140625,
        "roll": -175.9376220703125
    }
}