{
    "video_name": "zdb2023110907",
    "frame_id": 67501,
    "head_bbox": {
        "x0": 567,
        "y0": 255,
        "x1": 622,
        "y1": 309,
        "w": 55,
        "h": 54
    },
    "frame_size": {
        "h": 1080,
        "w": 1920
    },
    "head_pose_angle_6drepnet360": {
        "yaw": -59.41815948486328,
        "pitch": 109.44330596923828,
        "roll": -129.95318603515625
    }
}