{
    "video_name": "zdb2023110907",
    "frame_id": 67601,
    "head_bbox": {
        "x0": 664,
        "y0": 260,
        "x1": 718,
        "y1": 315,
        "w": 54,
        "h": 55
    },
    "frame_size": {
        "h": 1080,
        "w": 1920
    },
    "head_pose_angle_6drepnet360": {
        "yaw": -56.80245590209961,
        "pitch": 144.43798828125,
        "roll": -167.89944458007812
    }
}