{
    "video_name": "zdb2023110907",
    "frame_id": 67701,
    "head_bbox": {
        "x0": 729,
        "y0": 256,
        "x1": 779,
        "y1": 309,
        "w": 50,
        "h": 53
    },
    "frame_size": {
        "h": 1080,
        "w": 1920
    },
    "head_pose_angle_6drepnet360": {
        "yaw": -47.38087844848633,
        "pitch": 148.34523010253906,
        "roll": -169.5565643310547
    }
}