{
    "video_name": "zdb2023110907",
    "frame_id": 67801,
    "head_bbox": {
        "x0": 877,
        "y0": 264,
        "x1": 915,
        "y1": 318,
        "w": 38,
        "h": 54
    },
    "frame_size": {
        "h": 1080,
        "w": 1920
    },
    "head_pose_angle_6drepnet360": {
        "yaw": 7.22818660736084,
        "pitch": 1.4604142904281616,
        "roll": 2.6582436561584473
    }
}