{
    "video_name": "zdb2023110907",
    "frame_id": 67901,
    "head_bbox": {
        "x0": 899,
        "y0": 261,
        "x1": 940,
        "y1": 319,
        "w": 41,
        "h": 58
    },
    "frame_size": {
        "h": 1080,
        "w": 1920
    },
    "head_pose_angle_6drepnet360": {
        "yaw": -13.895130157470703,
        "pitch": -4.095109462738037,
        "roll": 2.8206257820129395
    }
}