{
    "video_name": "zdb2023110907",
    "frame_id": 68001,
    "head_bbox": {
        "x0": 886,
        "y0": 258,
        "x1": 933,
        "y1": 310,
        "w": 47,
        "h": 52
    },
    "frame_size": {
        "h": 1080,
        "w": 1920
    },
    "head_pose_angle_6drepnet360": {
        "yaw": 50.2908821105957,
        "pitch": 13.070237159729004,
        "roll": 15.442095756530762
    }
}