{
    "video_name": "zdb2023110907",
    "frame_id": 68201,
    "head_bbox": {
        "x0": 601,
        "y0": 262,
        "x1": 667,
        "y1": 310,
        "w": 66,
        "h": 48
    },
    "frame_size": {
        "h": 1080,
        "w": 1920
    },
    "head_pose_angle_6drepnet360": {
        "yaw": -65.67657470703125,
        "pitch": 134.1151885986328,
        "roll": -150.8821258544922
    }
}