{
    "video_name": "zdb2023110907",
    "frame_id": 68601,
    "head_bbox": {
        "x0": 495,
        "y0": 257,
        "x1": 541,
        "y1": 309,
        "w": 46,
        "h": 52
    },
    "frame_size": {
        "h": 1080,
        "w": 1920
    },
    "head_pose_angle_6drepnet360": {
        "yaw": -12.755111694335938,
        "pitch": 1.618300437927246,
        "roll": -7.667017459869385
    }
}