{
    "video_name": "zdb2023110907",
    "frame_id": 68801,
    "head_bbox": {
        "x0": 826,
        "y0": 257,
        "x1": 869,
        "y1": 314,
        "w": 43,
        "h": 57
    },
    "frame_size": {
        "h": 1080,
        "w": 1920
    },
    "head_pose_angle_6drepnet360": {
        "yaw": -23.18735122680664,
        "pitch": -0.4248425364494324,
        "roll": -13.17162799835205
    }
}