{
    "video_name": "zdb2023110907",
    "frame_id": 69001,
    "head_bbox": {
        "x0": 671,
        "y0": 261,
        "x1": 717,
        "y1": 309,
        "w": 46,
        "h": 48
    },
    "frame_size": {
        "h": 1080,
        "w": 1920
    },
    "head_pose_angle_6drepnet360": {
        "yaw": -34.07024383544922,
        "pitch": 5.639307022094727,
        "roll": -9.863585472106934
    }
}