{
    "video_name": "zdb2023110907",
    "frame_id": 6901,
    "head_bbox": {
        "x0": 440,
        "y0": 298,
        "x1": 485,
        "y1": 354,
        "w": 45,
        "h": 56
    },
    "frame_size": {
        "h": 1080,
        "w": 1920
    },
    "head_pose_angle_6drepnet360": {
        "yaw": 2.142047166824341,
        "pitch": -17.225887298583984,
        "roll": -9.050981521606445
    }
}