{
    "video_name": "zdb2023110907",
    "frame_id": 69101,
    "head_bbox": {
        "x0": 835,
        "y0": 261,
        "x1": 880,
        "y1": 320,
        "w": 45,
        "h": 59
    },
    "frame_size": {
        "h": 1080,
        "w": 1920
    },
    "head_pose_angle_6drepnet360": {
        "yaw": -38.546260833740234,
        "pitch": -6.537348747253418,
        "roll": -2.187504768371582
    }
}