{
    "video_name": "zdb2023110907",
    "frame_id": 69201,
    "head_bbox": {
        "x0": 919,
        "y0": 262,
        "x1": 962,
        "y1": 320,
        "w": 43,
        "h": 58
    },
    "frame_size": {
        "h": 1080,
        "w": 1920
    },
    "head_pose_angle_6drepnet360": {
        "yaw": -4.324972629547119,
        "pitch": -2.20108962059021,
        "roll": -5.9174652099609375
    }
}