{
    "video_name": "zdb2023110907",
    "frame_id": 69301,
    "head_bbox": {
        "x0": 845,
        "y0": 259,
        "x1": 886,
        "y1": 314,
        "w": 41,
        "h": 55
    },
    "frame_size": {
        "h": 1080,
        "w": 1920
    },
    "head_pose_angle_6drepnet360": {
        "yaw": 7.950444221496582,
        "pitch": -1.8099838495254517,
        "roll": -3.4797701835632324
    }
}