{
    "video_name": "zdb2023110907",
    "frame_id": 69401,
    "head_bbox": {
        "x0": 687,
        "y0": 262,
        "x1": 737,
        "y1": 316,
        "w": 50,
        "h": 54
    },
    "frame_size": {
        "h": 1080,
        "w": 1920
    },
    "head_pose_angle_6drepnet360": {
        "yaw": 38.7928581237793,
        "pitch": -2.1087098121643066,
        "roll": -0.4877927899360657
    }
}