{
    "video_name": "zdb2023110907",
    "frame_id": 69501,
    "head_bbox": {
        "x0": 493,
        "y0": 253,
        "x1": 538,
        "y1": 304,
        "w": 45,
        "h": 51
    },
    "frame_size": {
        "h": 1080,
        "w": 1920
    },
    "head_pose_angle_6drepnet360": {
        "yaw": -9.851757049560547,
        "pitch": -3.768505334854126,
        "roll": -4.999192714691162
    }
}