{
    "video_name": "zdb2023110907",
    "frame_id": 69601,
    "head_bbox": {
        "x0": 679,
        "y0": 258,
        "x1": 727,
        "y1": 310,
        "w": 48,
        "h": 52
    },
    "frame_size": {
        "h": 1080,
        "w": 1920
    },
    "head_pose_angle_6drepnet360": {
        "yaw": -37.41424560546875,
        "pitch": 0.5084388256072998,
        "roll": -5.577336311340332
    }
}