{
    "video_name": "zdb2023110907",
    "frame_id": 69701,
    "head_bbox": {
        "x0": 909,
        "y0": 266,
        "x1": 952,
        "y1": 325,
        "w": 43,
        "h": 59
    },
    "frame_size": {
        "h": 1080,
        "w": 1920
    },
    "head_pose_angle_6drepnet360": {
        "yaw": -13.725218772888184,
        "pitch": -3.151888608932495,
        "roll": -3.054738759994507
    }
}