{
    "video_name": "zdb2023110907",
    "frame_id": 69801,
    "head_bbox": {
        "x0": 813,
        "y0": 266,
        "x1": 856,
        "y1": 322,
        "w": 43,
        "h": 56
    },
    "frame_size": {
        "h": 1080,
        "w": 1920
    },
    "head_pose_angle_6drepnet360": {
        "yaw": 25.905567169189453,
        "pitch": -3.3055148124694824,
        "roll": 0.4192548394203186
    }
}