{
    "video_name": "zdb2023110907",
    "frame_id": 70001,
    "head_bbox": {
        "x0": 505,
        "y0": 253,
        "x1": 557,
        "y1": 302,
        "w": 52,
        "h": 49
    },
    "frame_size": {
        "h": 1080,
        "w": 1920
    },
    "head_pose_angle_6drepnet360": {
        "yaw": -40.39952087402344,
        "pitch": 6.118929386138916,
        "roll": -11.377626419067383
    }
}