{
    "video_name": "zdb2023110907",
    "frame_id": 7001,
    "head_bbox": {
        "x0": 437,
        "y0": 296,
        "x1": 485,
        "y1": 348,
        "w": 48,
        "h": 52
    },
    "frame_size": {
        "h": 1080,
        "w": 1920
    },
    "head_pose_angle_6drepnet360": {
        "yaw": 1.8026376962661743,
        "pitch": -16.806926727294922,
        "roll": -8.103453636169434
    }
}