{
    "video_name": "zdb2023110907",
    "frame_id": 701,
    "head_bbox": {
        "x0": 522,
        "y0": 258,
        "x1": 568,
        "y1": 310,
        "w": 46,
        "h": 52
    },
    "frame_size": {
        "h": 1080,
        "w": 1920
    },
    "head_pose_angle_6drepnet360": {
        "yaw": -10.855074882507324,
        "pitch": -0.7445653676986694,
        "roll": -2.9968509674072266
    }
}