{
    "video_name": "zdb2023110907",
    "frame_id": 70201,
    "head_bbox": {
        "x0": 898,
        "y0": 270,
        "x1": 942,
        "y1": 330,
        "w": 44,
        "h": 60
    },
    "frame_size": {
        "h": 1080,
        "w": 1920
    },
    "head_pose_angle_6drepnet360": {
        "yaw": 10.16952896118164,
        "pitch": -6.811061859130859,
        "roll": -3.582085371017456
    }
}