{
    "video_name": "zdb2023110907",
    "frame_id": 70301,
    "head_bbox": {
        "x0": 917,
        "y0": 263,
        "x1": 959,
        "y1": 323,
        "w": 42,
        "h": 60
    },
    "frame_size": {
        "h": 1080,
        "w": 1920
    },
    "head_pose_angle_6drepnet360": {
        "yaw": 14.079896926879883,
        "pitch": -7.712584495544434,
        "roll": -3.8281233310699463
    }
}