{
    "video_name": "zdb2023110907",
    "frame_id": 70401,
    "head_bbox": {
        "x0": 702,
        "y0": 260,
        "x1": 745,
        "y1": 314,
        "w": 43,
        "h": 54
    },
    "frame_size": {
        "h": 1080,
        "w": 1920
    },
    "head_pose_angle_6drepnet360": {
        "yaw": -1.5838807821273804,
        "pitch": -0.8061837553977966,
        "roll": -1.7604037523269653
    }
}