{
    "video_name": "zdb2023110907",
    "frame_id": 70501,
    "head_bbox": {
        "x0": 556,
        "y0": 258,
        "x1": 603,
        "y1": 307,
        "w": 47,
        "h": 49
    },
    "frame_size": {
        "h": 1080,
        "w": 1920
    },
    "head_pose_angle_6drepnet360": {
        "yaw": 29.928516387939453,
        "pitch": 0.8545336127281189,
        "roll": 2.763871431350708
    }
}