{
    "video_name": "zdb2023110907",
    "frame_id": 70801,
    "head_bbox": {
        "x0": 843,
        "y0": 258,
        "x1": 885,
        "y1": 318,
        "w": 42,
        "h": 60
    },
    "frame_size": {
        "h": 1080,
        "w": 1920
    },
    "head_pose_angle_6drepnet360": {
        "yaw": -1.294708251953125,
        "pitch": -7.300217151641846,
        "roll": -6.069721221923828
    }
}