{
    "video_name": "zdb2023110907",
    "frame_id": 70901,
    "head_bbox": {
        "x0": 995,
        "y0": 268,
        "x1": 1040,
        "y1": 327,
        "w": 45,
        "h": 59
    },
    "frame_size": {
        "h": 1080,
        "w": 1920
    },
    "head_pose_angle_6drepnet360": {
        "yaw": 46.86865234375,
        "pitch": -9.583852767944336,
        "roll": -5.207875728607178
    }
}