{
    "video_name": "zdb2023110907",
    "frame_id": 71201,
    "head_bbox": {
        "x0": 663,
        "y0": 261,
        "x1": 723,
        "y1": 320,
        "w": 60,
        "h": 59
    },
    "frame_size": {
        "h": 1080,
        "w": 1920
    },
    "head_pose_angle_6drepnet360": {
        "yaw": -54.65883255004883,
        "pitch": 153.90753173828125,
        "roll": -172.93826293945312
    }
}