{
    "video_name": "zdb2023110907",
    "frame_id": 71401,
    "head_bbox": {
        "x0": 438,
        "y0": 255,
        "x1": 486,
        "y1": 304,
        "w": 48,
        "h": 49
    },
    "frame_size": {
        "h": 1080,
        "w": 1920
    },
    "head_pose_angle_6drepnet360": {
        "yaw": -3.4855806827545166,
        "pitch": -1.1324490308761597,
        "roll": -6.727169990539551
    }
}