{
    "video_name": "zdb2023110907",
    "frame_id": 71501,
    "head_bbox": {
        "x0": 579,
        "y0": 265,
        "x1": 635,
        "y1": 314,
        "w": 56,
        "h": 49
    },
    "frame_size": {
        "h": 1080,
        "w": 1920
    },
    "head_pose_angle_6drepnet360": {
        "yaw": -76.18046569824219,
        "pitch": 136.68643188476562,
        "roll": -159.44126892089844
    }
}