{
    "video_name": "zdb2023110907",
    "frame_id": 71701,
    "head_bbox": {
        "x0": 602,
        "y0": 261,
        "x1": 659,
        "y1": 313,
        "w": 57,
        "h": 52
    },
    "frame_size": {
        "h": 1080,
        "w": 1920
    },
    "head_pose_angle_6drepnet360": {
        "yaw": -68.57292938232422,
        "pitch": 126.57069396972656,
        "roll": -141.7469024658203
    }
}