{
    "video_name": "zdb2023110907",
    "frame_id": 72001,
    "head_bbox": {
        "x0": 674,
        "y0": 255,
        "x1": 730,
        "y1": 311,
        "w": 56,
        "h": 56
    },
    "frame_size": {
        "h": 1080,
        "w": 1920
    },
    "head_pose_angle_6drepnet360": {
        "yaw": -57.798866271972656,
        "pitch": 138.3335418701172,
        "roll": -156.217529296875
    }
}