{
    "video_name": "zdb2023110907",
    "frame_id": 72101,
    "head_bbox": {
        "x0": 518,
        "y0": 263,
        "x1": 578,
        "y1": 308,
        "w": 60,
        "h": 45
    },
    "frame_size": {
        "h": 1080,
        "w": 1920
    },
    "head_pose_angle_6drepnet360": {
        "yaw": -68.30582427978516,
        "pitch": 121.40453338623047,
        "roll": -127.39996337890625
    }
}