{
    "video_name": "zdb2023110907",
    "frame_id": 72201,
    "head_bbox": {
        "x0": 623,
        "y0": 262,
        "x1": 685,
        "y1": 314,
        "w": 62,
        "h": 52
    },
    "frame_size": {
        "h": 1080,
        "w": 1920
    },
    "head_pose_angle_6drepnet360": {
        "yaw": -68.8137435913086,
        "pitch": 149.19293212890625,
        "roll": -161.70697021484375
    }
}