{
    "video_name": "zdb2023110907",
    "frame_id": 72301,
    "head_bbox": {
        "x0": 669,
        "y0": 263,
        "x1": 720,
        "y1": 316,
        "w": 51,
        "h": 53
    },
    "frame_size": {
        "h": 1080,
        "w": 1920
    },
    "head_pose_angle_6drepnet360": {
        "yaw": -52.19791793823242,
        "pitch": 148.9756317138672,
        "roll": -166.9241943359375
    }
}