{
    "video_name": "zdb2023110907",
    "frame_id": 72501,
    "head_bbox": {
        "x0": 700,
        "y0": 262,
        "x1": 752,
        "y1": 320,
        "w": 52,
        "h": 58
    },
    "frame_size": {
        "h": 1080,
        "w": 1920
    },
    "head_pose_angle_6drepnet360": {
        "yaw": -36.69246292114258,
        "pitch": 156.11285400390625,
        "roll": 178.88357543945312
    }
}