{
    "video_name": "zdb2023110907",
    "frame_id": 72601,
    "head_bbox": {
        "x0": 852,
        "y0": 259,
        "x1": 899,
        "y1": 313,
        "w": 47,
        "h": 54
    },
    "frame_size": {
        "h": 1080,
        "w": 1920
    },
    "head_pose_angle_6drepnet360": {
        "yaw": -54.29880905151367,
        "pitch": 171.51507568359375,
        "roll": 178.20416259765625
    }
}