{
    "video_name": "zdb2023110907",
    "frame_id": 73001,
    "head_bbox": {
        "x0": 677,
        "y0": 256,
        "x1": 724,
        "y1": 309,
        "w": 47,
        "h": 53
    },
    "frame_size": {
        "h": 1080,
        "w": 1920
    },
    "head_pose_angle_6drepnet360": {
        "yaw": -40.152156829833984,
        "pitch": 6.752633571624756,
        "roll": -14.884217262268066
    }
}