{
    "video_name": "zdb2023110907",
    "frame_id": 7301,
    "head_bbox": {
        "x0": 428,
        "y0": 297,
        "x1": 478,
        "y1": 346,
        "w": 50,
        "h": 49
    },
    "frame_size": {
        "h": 1080,
        "w": 1920
    },
    "head_pose_angle_6drepnet360": {
        "yaw": 22.95387840270996,
        "pitch": -32.70442581176758,
        "roll": -11.675860404968262
    }
}