{
    "video_name": "zdb2023110907",
    "frame_id": 73401,
    "head_bbox": {
        "x0": 729,
        "y0": 261,
        "x1": 779,
        "y1": 319,
        "w": 50,
        "h": 58
    },
    "frame_size": {
        "h": 1080,
        "w": 1920
    },
    "head_pose_angle_6drepnet360": {
        "yaw": -35.82490921020508,
        "pitch": 171.90272521972656,
        "roll": 170.80105590820312
    }
}