{
    "video_name": "zdb2023110907",
    "frame_id": 73801,
    "head_bbox": {
        "x0": 568,
        "y0": 257,
        "x1": 620,
        "y1": 311,
        "w": 52,
        "h": 54
    },
    "frame_size": {
        "h": 1080,
        "w": 1920
    },
    "head_pose_angle_6drepnet360": {
        "yaw": -29.256298065185547,
        "pitch": 2.615351676940918,
        "roll": -11.082965850830078
    }
}