{
    "video_name": "zdb2023110907",
    "frame_id": 74001,
    "head_bbox": {
        "x0": 880,
        "y0": 257,
        "x1": 924,
        "y1": 315,
        "w": 44,
        "h": 58
    },
    "frame_size": {
        "h": 1080,
        "w": 1920
    },
    "head_pose_angle_6drepnet360": {
        "yaw": -26.0505313873291,
        "pitch": -7.067606449127197,
        "roll": -5.562326908111572
    }
}