{
    "video_name": "zdb2023110907",
    "frame_id": 7401,
    "head_bbox": {
        "x0": 434,
        "y0": 292,
        "x1": 479,
        "y1": 345,
        "w": 45,
        "h": 53
    },
    "frame_size": {
        "h": 1080,
        "w": 1920
    },
    "head_pose_angle_6drepnet360": {
        "yaw": 13.414261817932129,
        "pitch": -27.583595275878906,
        "roll": -8.774598121643066
    }
}