{
    "video_name": "zdb2023110907",
    "frame_id": 74201,
    "head_bbox": {
        "x0": 928,
        "y0": 259,
        "x1": 970,
        "y1": 315,
        "w": 42,
        "h": 56
    },
    "frame_size": {
        "h": 1080,
        "w": 1920
    },
    "head_pose_angle_6drepnet360": {
        "yaw": -19.66558074951172,
        "pitch": -2.546018123626709,
        "roll": 0.36385855078697205
    }
}