{
    "video_name": "zdb2023110907",
    "frame_id": 74401,
    "head_bbox": {
        "x0": 564,
        "y0": 259,
        "x1": 619,
        "y1": 306,
        "w": 55,
        "h": 47
    },
    "frame_size": {
        "h": 1080,
        "w": 1920
    },
    "head_pose_angle_6drepnet360": {
        "yaw": -67.28997039794922,
        "pitch": 98.31163024902344,
        "roll": -110.38965606689453
    }
}