{
    "video_name": "zdb2023110907",
    "frame_id": 74501,
    "head_bbox": {
        "x0": 589,
        "y0": 263,
        "x1": 653,
        "y1": 312,
        "w": 64,
        "h": 49
    },
    "frame_size": {
        "h": 1080,
        "w": 1920
    },
    "head_pose_angle_6drepnet360": {
        "yaw": -68.91886138916016,
        "pitch": 123.56097412109375,
        "roll": -137.80435180664062
    }
}