{
    "video_name": "zdb2023110907",
    "frame_id": 74701,
    "head_bbox": {
        "x0": 558,
        "y0": 263,
        "x1": 609,
        "y1": 310,
        "w": 51,
        "h": 47
    },
    "frame_size": {
        "h": 1080,
        "w": 1920
    },
    "head_pose_angle_6drepnet360": {
        "yaw": -74.90077209472656,
        "pitch": 47.451534271240234,
        "roll": -60.39350891113281
    }
}