{
    "video_name": "zdb2023110907",
    "frame_id": 74801,
    "head_bbox": {
        "x0": 671,
        "y0": 259,
        "x1": 729,
        "y1": 315,
        "w": 58,
        "h": 56
    },
    "frame_size": {
        "h": 1080,
        "w": 1920
    },
    "head_pose_angle_6drepnet360": {
        "yaw": -60.72597122192383,
        "pitch": 136.60910034179688,
        "roll": -159.9185028076172
    }
}