{
    "video_name": "zdb2023110907",
    "frame_id": 74901,
    "head_bbox": {
        "x0": 568,
        "y0": 261,
        "x1": 629,
        "y1": 308,
        "w": 61,
        "h": 47
    },
    "frame_size": {
        "h": 1080,
        "w": 1920
    },
    "head_pose_angle_6drepnet360": {
        "yaw": -76.44229125976562,
        "pitch": 109.13967895507812,
        "roll": -121.45855712890625
    }
}