{
    "video_name": "zdb2023110907",
    "frame_id": 75001,
    "head_bbox": {
        "x0": 557,
        "y0": 258,
        "x1": 612,
        "y1": 306,
        "w": 55,
        "h": 48
    },
    "frame_size": {
        "h": 1080,
        "w": 1920
    },
    "head_pose_angle_6drepnet360": {
        "yaw": -81.29249572753906,
        "pitch": 100.60195922851562,
        "roll": -113.8593521118164
    }
}