{
    "video_name": "zdb2023110907",
    "frame_id": 7501,
    "head_bbox": {
        "x0": 441,
        "y0": 286,
        "x1": 485,
        "y1": 340,
        "w": 44,
        "h": 54
    },
    "frame_size": {
        "h": 1080,
        "w": 1920
    },
    "head_pose_angle_6drepnet360": {
        "yaw": 11.819049835205078,
        "pitch": -21.17850112915039,
        "roll": -7.917659282684326
    }
}