{
    "video_name": "zdb2023110907",
    "frame_id": 75101,
    "head_bbox": {
        "x0": 708,
        "y0": 255,
        "x1": 760,
        "y1": 312,
        "w": 52,
        "h": 57
    },
    "frame_size": {
        "h": 1080,
        "w": 1920
    },
    "head_pose_angle_6drepnet360": {
        "yaw": -56.24545669555664,
        "pitch": 175.3872833251953,
        "roll": 175.5247344970703
    }
}