{
    "video_name": "zdb2023110907",
    "frame_id": 75201,
    "head_bbox": {
        "x0": 662,
        "y0": 255,
        "x1": 718,
        "y1": 309,
        "w": 56,
        "h": 54
    },
    "frame_size": {
        "h": 1080,
        "w": 1920
    },
    "head_pose_angle_6drepnet360": {
        "yaw": -63.53438186645508,
        "pitch": 120.60061645507812,
        "roll": -142.6611328125
    }
}