{
    "video_name": "zdb2023110907",
    "frame_id": 75401,
    "head_bbox": {
        "x0": 566,
        "y0": 260,
        "x1": 625,
        "y1": 307,
        "w": 59,
        "h": 47
    },
    "frame_size": {
        "h": 1080,
        "w": 1920
    },
    "head_pose_angle_6drepnet360": {
        "yaw": -68.73741149902344,
        "pitch": 114.11079406738281,
        "roll": -132.3734130859375
    }
}