{
    "video_name": "zdb2023110907",
    "frame_id": 7601,
    "head_bbox": {
        "x0": 458,
        "y0": 284,
        "x1": 502,
        "y1": 337,
        "w": 44,
        "h": 53
    },
    "frame_size": {
        "h": 1080,
        "w": 1920
    },
    "head_pose_angle_6drepnet360": {
        "yaw": 8.176023483276367,
        "pitch": -19.153308868408203,
        "roll": -7.497263431549072
    }
}