{
    "video_name": "zdb2023110907",
    "frame_id": 76201,
    "head_bbox": {
        "x0": 491,
        "y0": 258,
        "x1": 538,
        "y1": 308,
        "w": 47,
        "h": 50
    },
    "frame_size": {
        "h": 1080,
        "w": 1920
    },
    "head_pose_angle_6drepnet360": {
        "yaw": 20.828380584716797,
        "pitch": -10.431390762329102,
        "roll": -8.819940567016602
    }
}