{
    "video_name": "zdb2023110907",
    "frame_id": 76301,
    "head_bbox": {
        "x0": 469,
        "y0": 259,
        "x1": 517,
        "y1": 307,
        "w": 48,
        "h": 48
    },
    "frame_size": {
        "h": 1080,
        "w": 1920
    },
    "head_pose_angle_6drepnet360": {
        "yaw": -10.232245445251465,
        "pitch": 2.1202504634857178,
        "roll": -13.250362396240234
    }
}