{
    "video_name": "zdb2023110907",
    "frame_id": 76501,
    "head_bbox": {
        "x0": 555,
        "y0": 254,
        "x1": 602,
        "y1": 303,
        "w": 47,
        "h": 49
    },
    "frame_size": {
        "h": 1080,
        "w": 1920
    },
    "head_pose_angle_6drepnet360": {
        "yaw": 31.497146606445312,
        "pitch": 1.2262448072433472,
        "roll": 1.3397855758666992
    }
}