{
    "video_name": "zdb2023110907",
    "frame_id": 76701,
    "head_bbox": {
        "x0": 646,
        "y0": 264,
        "x1": 702,
        "y1": 311,
        "w": 56,
        "h": 47
    },
    "frame_size": {
        "h": 1080,
        "w": 1920
    },
    "head_pose_angle_6drepnet360": {
        "yaw": -67.53888702392578,
        "pitch": 134.25238037109375,
        "roll": -152.83982849121094
    }
}