{
    "video_name": "zdb2023110907",
    "frame_id": 76801,
    "head_bbox": {
        "x0": 735,
        "y0": 258,
        "x1": 786,
        "y1": 310,
        "w": 51,
        "h": 52
    },
    "frame_size": {
        "h": 1080,
        "w": 1920
    },
    "head_pose_angle_6drepnet360": {
        "yaw": -57.938690185546875,
        "pitch": 150.01516723632812,
        "roll": -174.57423400878906
    }
}