{
    "video_name": "zdb2023110907",
    "frame_id": 76901,
    "head_bbox": {
        "x0": 569,
        "y0": 261,
        "x1": 624,
        "y1": 304,
        "w": 55,
        "h": 43
    },
    "frame_size": {
        "h": 1080,
        "w": 1920
    },
    "head_pose_angle_6drepnet360": {
        "yaw": -73.0583267211914,
        "pitch": 110.10736846923828,
        "roll": -119.3705825805664
    }
}