{
    "video_name": "zdb2023110907",
    "frame_id": 77001,
    "head_bbox": {
        "x0": 643,
        "y0": 262,
        "x1": 707,
        "y1": 313,
        "w": 64,
        "h": 51
    },
    "frame_size": {
        "h": 1080,
        "w": 1920
    },
    "head_pose_angle_6drepnet360": {
        "yaw": -63.883304595947266,
        "pitch": 140.64637756347656,
        "roll": -165.11285400390625
    }
}