{
    "video_name": "zdb2023110907",
    "frame_id": 7701,
    "head_bbox": {
        "x0": 443,
        "y0": 284,
        "x1": 491,
        "y1": 338,
        "w": 48,
        "h": 54
    },
    "frame_size": {
        "h": 1080,
        "w": 1920
    },
    "head_pose_angle_6drepnet360": {
        "yaw": 21.26587677001953,
        "pitch": -32.62362289428711,
        "roll": -10.227694511413574
    }
}