{
    "video_name": "zdb2023110907",
    "frame_id": 77101,
    "head_bbox": {
        "x0": 614,
        "y0": 256,
        "x1": 666,
        "y1": 312,
        "w": 52,
        "h": 56
    },
    "frame_size": {
        "h": 1080,
        "w": 1920
    },
    "head_pose_angle_6drepnet360": {
        "yaw": -66.8305892944336,
        "pitch": 120.61614990234375,
        "roll": -141.03781127929688
    }
}