{
    "video_name": "zdb2023110907",
    "frame_id": 77201,
    "head_bbox": {
        "x0": 646,
        "y0": 261,
        "x1": 712,
        "y1": 314,
        "w": 66,
        "h": 53
    },
    "frame_size": {
        "h": 1080,
        "w": 1920
    },
    "head_pose_angle_6drepnet360": {
        "yaw": -68.65620422363281,
        "pitch": 137.72018432617188,
        "roll": -153.89527893066406
    }
}