{
    "video_name": "zdb2023110907",
    "frame_id": 77301,
    "head_bbox": {
        "x0": 676,
        "y0": 257,
        "x1": 720,
        "y1": 308,
        "w": 44,
        "h": 51
    },
    "frame_size": {
        "h": 1080,
        "w": 1920
    },
    "head_pose_angle_6drepnet360": {
        "yaw": 35.0421028137207,
        "pitch": 1.2929257154464722,
        "roll": -4.1745452880859375
    }
}