{
    "video_name": "zdb2023110907",
    "frame_id": 77401,
    "head_bbox": {
        "x0": 475,
        "y0": 257,
        "x1": 522,
        "y1": 312,
        "w": 47,
        "h": 55
    },
    "frame_size": {
        "h": 1080,
        "w": 1920
    },
    "head_pose_angle_6drepnet360": {
        "yaw": 11.287422180175781,
        "pitch": -6.239628791809082,
        "roll": -11.944644927978516
    }
}