{
    "video_name": "zdb2023110907",
    "frame_id": 77501,
    "head_bbox": {
        "x0": 621,
        "y0": 266,
        "x1": 676,
        "y1": 316,
        "w": 55,
        "h": 50
    },
    "frame_size": {
        "h": 1080,
        "w": 1920
    },
    "head_pose_angle_6drepnet360": {
        "yaw": -69.23445892333984,
        "pitch": 150.12921142578125,
        "roll": -175.7493438720703
    }
}