{
    "video_name": "zdb2023110907",
    "frame_id": 77601,
    "head_bbox": {
        "x0": 816,
        "y0": 257,
        "x1": 858,
        "y1": 316,
        "w": 42,
        "h": 59
    },
    "frame_size": {
        "h": 1080,
        "w": 1920
    },
    "head_pose_angle_6drepnet360": {
        "yaw": 4.949311256408691,
        "pitch": -3.1231849193573,
        "roll": -7.981609344482422
    }
}