{
    "video_name": "zdb2023110907",
    "frame_id": 8001,
    "head_bbox": {
        "x0": 502,
        "y0": 254,
        "x1": 548,
        "y1": 306,
        "w": 46,
        "h": 52
    },
    "frame_size": {
        "h": 1080,
        "w": 1920
    },
    "head_pose_angle_6drepnet360": {
        "yaw": -3.9382071495056152,
        "pitch": -4.007436752319336,
        "roll": -7.642269134521484
    }
}