{
    "video_name": "zdb2023110907",
    "frame_id": 801,
    "head_bbox": {
        "x0": 439,
        "y0": 265,
        "x1": 483,
        "y1": 314,
        "w": 44,
        "h": 49
    },
    "frame_size": {
        "h": 1080,
        "w": 1920
    },
    "head_pose_angle_6drepnet360": {
        "yaw": 7.218682289123535,
        "pitch": -10.08349323272705,
        "roll": -6.3814873695373535
    }
}