{
    "video_name": "zdb2023110907",
    "frame_id": 8201,
    "head_bbox": {
        "x0": 571,
        "y0": 255,
        "x1": 618,
        "y1": 306,
        "w": 47,
        "h": 51
    },
    "frame_size": {
        "h": 1080,
        "w": 1920
    },
    "head_pose_angle_6drepnet360": {
        "yaw": -12.3001708984375,
        "pitch": -6.300759315490723,
        "roll": -2.8138551712036133
    }
}