{
    "video_name": "zdb2023110907",
    "frame_id": 8301,
    "head_bbox": {
        "x0": 518,
        "y0": 261,
        "x1": 565,
        "y1": 313,
        "w": 47,
        "h": 52
    },
    "frame_size": {
        "h": 1080,
        "w": 1920
    },
    "head_pose_angle_6drepnet360": {
        "yaw": 26.644330978393555,
        "pitch": -9.030064582824707,
        "roll": -3.5406429767608643
    }
}