{
    "video_name": "zdb2023110907",
    "frame_id": 8401,
    "head_bbox": {
        "x0": 496,
        "y0": 261,
        "x1": 554,
        "y1": 309,
        "w": 58,
        "h": 48
    },
    "frame_size": {
        "h": 1080,
        "w": 1920
    },
    "head_pose_angle_6drepnet360": {
        "yaw": -76.38496398925781,
        "pitch": 115.90546417236328,
        "roll": -129.0111541748047
    }
}