{
    "video_name": "zdb2023110907",
    "frame_id": 8501,
    "head_bbox": {
        "x0": 627,
        "y0": 262,
        "x1": 669,
        "y1": 314,
        "w": 42,
        "h": 52
    },
    "frame_size": {
        "h": 1080,
        "w": 1920
    },
    "head_pose_angle_6drepnet360": {
        "yaw": 5.837793827056885,
        "pitch": -3.7788569927215576,
        "roll": -12.386387825012207
    }
}