{
    "video_name": "zdb2023110907",
    "frame_id": 8601,
    "head_bbox": {
        "x0": 456,
        "y0": 256,
        "x1": 501,
        "y1": 309,
        "w": 45,
        "h": 53
    },
    "frame_size": {
        "h": 1080,
        "w": 1920
    },
    "head_pose_angle_6drepnet360": {
        "yaw": 8.093188285827637,
        "pitch": -3.20931339263916,
        "roll": -0.8356877565383911
    }
}