{
    "video_name": "zdb2023110907",
    "frame_id": 8801,
    "head_bbox": {
        "x0": 702,
        "y0": 266,
        "x1": 753,
        "y1": 322,
        "w": 51,
        "h": 56
    },
    "frame_size": {
        "h": 1080,
        "w": 1920
    },
    "head_pose_angle_6drepnet360": {
        "yaw": -44.68144607543945,
        "pitch": -6.605756759643555,
        "roll": -6.732946872711182
    }
}