{
    "video_name": "zdb2023110907",
    "frame_id": 8901,
    "head_bbox": {
        "x0": 708,
        "y0": 259,
        "x1": 755,
        "y1": 317,
        "w": 47,
        "h": 58
    },
    "frame_size": {
        "h": 1080,
        "w": 1920
    },
    "head_pose_angle_6drepnet360": {
        "yaw": 42.538883209228516,
        "pitch": -3.3997390270233154,
        "roll": -0.6296548247337341
    }
}