{
    "video_name": "zdb2023110907",
    "frame_id": 9001,
    "head_bbox": {
        "x0": 591,
        "y0": 256,
        "x1": 635,
        "y1": 308,
        "w": 44,
        "h": 52
    },
    "frame_size": {
        "h": 1080,
        "w": 1920
    },
    "head_pose_angle_6drepnet360": {
        "yaw": 12.81224536895752,
        "pitch": -5.860856533050537,
        "roll": -6.505486488342285
    }
}