{
    "video_name": "zdb2023110907",
    "frame_id": 901,
    "head_bbox": {
        "x0": 424,
        "y0": 253,
        "x1": 471,
        "y1": 302,
        "w": 47,
        "h": 49
    },
    "frame_size": {
        "h": 1080,
        "w": 1920
    },
    "head_pose_angle_6drepnet360": {
        "yaw": -14.728607177734375,
        "pitch": 5.513510227203369,
        "roll": -7.781045913696289
    }
}