{
    "video_name": "zdb2023110907",
    "frame_id": 9101,
    "head_bbox": {
        "x0": 419,
        "y0": 255,
        "x1": 465,
        "y1": 308,
        "w": 46,
        "h": 53
    },
    "frame_size": {
        "h": 1080,
        "w": 1920
    },
    "head_pose_angle_6drepnet360": {
        "yaw": -7.826120853424072,
        "pitch": -2.8689637184143066,
        "roll": -6.952688694000244
    }
}