{
    "video_name": "zdb2023110907",
    "frame_id": 9201,
    "head_bbox": {
        "x0": 521,
        "y0": 261,
        "x1": 572,
        "y1": 313,
        "w": 51,
        "h": 52
    },
    "frame_size": {
        "h": 1080,
        "w": 1920
    },
    "head_pose_angle_6drepnet360": {
        "yaw": -13.39555835723877,
        "pitch": -3.7995150089263916,
        "roll": -8.31698226928711
    }
}