{
    "video_name": "zdb2023110907",
    "frame_id": 9301,
    "head_bbox": {
        "x0": 711,
        "y0": 266,
        "x1": 756,
        "y1": 320,
        "w": 45,
        "h": 54
    },
    "frame_size": {
        "h": 1080,
        "w": 1920
    },
    "head_pose_angle_6drepnet360": {
        "yaw": -21.236663818359375,
        "pitch": -1.3805873394012451,
        "roll": -7.5376691818237305
    }
}