{
    "video_name": "zdb2023110907",
    "frame_id": 9401,
    "head_bbox": {
        "x0": 651,
        "y0": 260,
        "x1": 699,
        "y1": 313,
        "w": 48,
        "h": 53
    },
    "frame_size": {
        "h": 1080,
        "w": 1920
    },
    "head_pose_angle_6drepnet360": {
        "yaw": 60.31486511230469,
        "pitch": 2.2284090518951416,
        "roll": 4.940556526184082
    }
}