{
    "video_name": "zdb2023110907",
    "frame_id": 9501,
    "head_bbox": {
        "x0": 651,
        "y0": 263,
        "x1": 701,
        "y1": 312,
        "w": 50,
        "h": 49
    },
    "frame_size": {
        "h": 1080,
        "w": 1920
    },
    "head_pose_angle_6drepnet360": {
        "yaw": -52.88666915893555,
        "pitch": 0.7888556122779846,
        "roll": -8.704926490783691
    }
}