{
    "video_name": "zdb2023110907",
    "frame_id": 9601,
    "head_bbox": {
        "x0": 826,
        "y0": 266,
        "x1": 873,
        "y1": 322,
        "w": 47,
        "h": 56
    },
    "frame_size": {
        "h": 1080,
        "w": 1920
    },
    "head_pose_angle_6drepnet360": {
        "yaw": -46.99641036987305,
        "pitch": -9.75896167755127,
        "roll": -10.531618118286133
    }
}