{
    "video_name": "zdb2023110907",
    "frame_id": 9701,
    "head_bbox": {
        "x0": 826,
        "y0": 260,
        "x1": 875,
        "y1": 316,
        "w": 49,
        "h": 56
    },
    "frame_size": {
        "h": 1080,
        "w": 1920
    },
    "head_pose_angle_6drepnet360": {
        "yaw": 52.7887077331543,
        "pitch": 0.11965708434581757,
        "roll": 4.123256206512451
    }
}