{
    "video_name": "zdb2023110907",
    "frame_id": 9801,
    "head_bbox": {
        "x0": 553,
        "y0": 260,
        "x1": 600,
        "y1": 312,
        "w": 47,
        "h": 52
    },
    "frame_size": {
        "h": 1080,
        "w": 1920
    },
    "head_pose_angle_6drepnet360": {
        "yaw": 30.01484489440918,
        "pitch": -5.015862941741943,
        "roll": -1.4027948379516602
    }
}