{
    "video_name": "wt2023101102",
    "frame_id": 1,
    "head_bbox": {
        "x0": 502,
        "y0": 160,
        "x1": 548,
        "y1": 211,
        "w": 46,
        "h": 51
    },
    "frame_size": {
        "h": 1080,
        "w": 1920
    },
    "head_pose_angle_6drepnet360": {
        "yaw": 2.4615817070007324,
        "pitch": -34.864585876464844,
        "roll": -12.23381519317627
    }
}