{
    "video_name": "wt2023101102",
    "frame_id": 10001,
    "head_bbox": {
        "x0": 605,
        "y0": 117,
        "x1": 648,
        "y1": 172,
        "w": 43,
        "h": 55
    },
    "frame_size": {
        "h": 1080,
        "w": 1920
    },
    "head_pose_angle_6drepnet360": {
        "yaw": -5.493137836456299,
        "pitch": -11.644895553588867,
        "roll": -3.8291311264038086
    }
}