{
    "video_name": "wt2023101102",
    "frame_id": 1001,
    "head_bbox": {
        "x0": 420,
        "y0": 107,
        "x1": 463,
        "y1": 154,
        "w": 43,
        "h": 47
    },
    "frame_size": {
        "h": 1080,
        "w": 1920
    },
    "head_pose_angle_6drepnet360": {
        "yaw": -39.00004196166992,
        "pitch": 150.4215545654297,
        "roll": -167.40550231933594
    }
}