{
    "video_name": "wt2023101102",
    "frame_id": 101,
    "head_bbox": {
        "x0": 511,
        "y0": 146,
        "x1": 552,
        "y1": 201,
        "w": 41,
        "h": 55
    },
    "frame_size": {
        "h": 1080,
        "w": 1920
    },
    "head_pose_angle_6drepnet360": {
        "yaw": -5.2755208015441895,
        "pitch": -33.79075622558594,
        "roll": -8.525114059448242
    }
}