{
    "video_name": "wt2023101102",
    "frame_id": 10101,
    "head_bbox": {
        "x0": 642,
        "y0": 119,
        "x1": 686,
        "y1": 172,
        "w": 44,
        "h": 53
    },
    "frame_size": {
        "h": 1080,
        "w": 1920
    },
    "head_pose_angle_6drepnet360": {
        "yaw": -75.98651885986328,
        "pitch": 177.99151611328125,
        "roll": 176.9419403076172
    }
}