{
    "video_name": "wt2023101102",
    "frame_id": 10201,
    "head_bbox": {
        "x0": 712,
        "y0": 123,
        "x1": 755,
        "y1": 176,
        "w": 43,
        "h": 53
    },
    "frame_size": {
        "h": 1080,
        "w": 1920
    },
    "head_pose_angle_6drepnet360": {
        "yaw": -84.09754943847656,
        "pitch": 171.5890350341797,
        "roll": 174.53126525878906
    }
}