{
    "video_name": "wt2023101102",
    "frame_id": 10301,
    "head_bbox": {
        "x0": 930,
        "y0": 121,
        "x1": 972,
        "y1": 171,
        "w": 42,
        "h": 50
    },
    "frame_size": {
        "h": 1080,
        "w": 1920
    },
    "head_pose_angle_6drepnet360": {
        "yaw": -78.52153015136719,
        "pitch": -119.12694549560547,
        "roll": 112.70724487304688
    }
}