{
    "video_name": "wt2023101102",
    "frame_id": 10401,
    "head_bbox": {
        "x0": 618,
        "y0": 117,
        "x1": 668,
        "y1": 171,
        "w": 50,
        "h": 54
    },
    "frame_size": {
        "h": 1080,
        "w": 1920
    },
    "head_pose_angle_6drepnet360": {
        "yaw": -78.31139373779297,
        "pitch": 36.93285369873047,
        "roll": -48.026824951171875
    }
}