{
    "video_name": "wt2023101102",
    "frame_id": 10501,
    "head_bbox": {
        "x0": 434,
        "y0": 107,
        "x1": 477,
        "y1": 155,
        "w": 43,
        "h": 48
    },
    "frame_size": {
        "h": 1080,
        "w": 1920
    },
    "head_pose_angle_6drepnet360": {
        "yaw": -35.95695495605469,
        "pitch": 153.14999389648438,
        "roll": -168.9642791748047
    }
}