{
    "video_name": "wt2023101102",
    "frame_id": 10601,
    "head_bbox": {
        "x0": 476,
        "y0": 113,
        "x1": 520,
        "y1": 166,
        "w": 44,
        "h": 53
    },
    "frame_size": {
        "h": 1080,
        "w": 1920
    },
    "head_pose_angle_6drepnet360": {
        "yaw": -59.442176818847656,
        "pitch": -0.6178323030471802,
        "roll": -9.155998229980469
    }
}