{
    "video_name": "wt2023101102",
    "frame_id": 10701,
    "head_bbox": {
        "x0": 498,
        "y0": 139,
        "x1": 538,
        "y1": 191,
        "w": 40,
        "h": 52
    },
    "frame_size": {
        "h": 1080,
        "w": 1920
    },
    "head_pose_angle_6drepnet360": {
        "yaw": -2.203636407852173,
        "pitch": -36.34000015258789,
        "roll": -2.0663697719573975
    }
}