{
    "video_name": "wt2023101102",
    "frame_id": 10801,
    "head_bbox": {
        "x0": 486,
        "y0": 145,
        "x1": 529,
        "y1": 199,
        "w": 43,
        "h": 54
    },
    "frame_size": {
        "h": 1080,
        "w": 1920
    },
    "head_pose_angle_6drepnet360": {
        "yaw": -2.9954233169555664,
        "pitch": -42.29340744018555,
        "roll": -12.356958389282227
    }
}