{
    "video_name": "wt2023101102",
    "frame_id": 10901,
    "head_bbox": {
        "x0": 497,
        "y0": 138,
        "x1": 537,
        "y1": 191,
        "w": 40,
        "h": 53
    },
    "frame_size": {
        "h": 1080,
        "w": 1920
    },
    "head_pose_angle_6drepnet360": {
        "yaw": 8.82654094696045,
        "pitch": -42.29043197631836,
        "roll": -7.723401069641113
    }
}