{
    "video_name": "wt2023101102",
    "frame_id": 11001,
    "head_bbox": {
        "x0": 489,
        "y0": 145,
        "x1": 532,
        "y1": 200,
        "w": 43,
        "h": 55
    },
    "frame_size": {
        "h": 1080,
        "w": 1920
    },
    "head_pose_angle_6drepnet360": {
        "yaw": -3.3904383182525635,
        "pitch": -39.4829216003418,
        "roll": -11.663566589355469
    }
}