{
    "video_name": "wt2023101102",
    "frame_id": 1101,
    "head_bbox": {
        "x0": 424,
        "y0": 106,
        "x1": 465,
        "y1": 155,
        "w": 41,
        "h": 49
    },
    "frame_size": {
        "h": 1080,
        "w": 1920
    },
    "head_pose_angle_6drepnet360": {
        "yaw": -38.13991928100586,
        "pitch": 162.02589416503906,
        "roll": -177.0933074951172
    }
}