{
    "video_name": "wt2023101102",
    "frame_id": 11101,
    "head_bbox": {
        "x0": 508,
        "y0": 144,
        "x1": 549,
        "y1": 198,
        "w": 41,
        "h": 54
    },
    "frame_size": {
        "h": 1080,
        "w": 1920
    },
    "head_pose_angle_6drepnet360": {
        "yaw": -13.862943649291992,
        "pitch": 166.82464599609375,
        "roll": -145.33200073242188
    }
}