{
    "video_name": "wt2023101102",
    "frame_id": 11201,
    "head_bbox": {
        "x0": 741,
        "y0": 113,
        "x1": 783,
        "y1": 161,
        "w": 42,
        "h": 48
    },
    "frame_size": {
        "h": 1080,
        "w": 1920
    },
    "head_pose_angle_6drepnet360": {
        "yaw": -38.066566467285156,
        "pitch": 159.83004760742188,
        "roll": 177.22528076171875
    }
}