{
    "video_name": "wt2023101102",
    "frame_id": 11301,
    "head_bbox": {
        "x0": 767,
        "y0": 114,
        "x1": 807,
        "y1": 165,
        "w": 40,
        "h": 51
    },
    "frame_size": {
        "h": 1080,
        "w": 1920
    },
    "head_pose_angle_6drepnet360": {
        "yaw": -37.561607360839844,
        "pitch": -164.53948974609375,
        "roll": 155.11093139648438
    }
}