{
    "video_name": "wt2023101102",
    "frame_id": 11401,
    "head_bbox": {
        "x0": 771,
        "y0": 116,
        "x1": 811,
        "y1": 165,
        "w": 40,
        "h": 49
    },
    "frame_size": {
        "h": 1080,
        "w": 1920
    },
    "head_pose_angle_6drepnet360": {
        "yaw": -55.114322662353516,
        "pitch": 169.7252960205078,
        "roll": 170.07574462890625
    }
}