{
    "video_name": "wt2023101102",
    "frame_id": 11501,
    "head_bbox": {
        "x0": 617,
        "y0": 112,
        "x1": 662,
        "y1": 162,
        "w": 45,
        "h": 50
    },
    "frame_size": {
        "h": 1080,
        "w": 1920
    },
    "head_pose_angle_6drepnet360": {
        "yaw": -74.64056396484375,
        "pitch": 65.31253051757812,
        "roll": -69.66434478759766
    }
}