{
    "video_name": "wt2023101102",
    "frame_id": 11601,
    "head_bbox": {
        "x0": 463,
        "y0": 110,
        "x1": 514,
        "y1": 159,
        "w": 51,
        "h": 49
    },
    "frame_size": {
        "h": 1080,
        "w": 1920
    },
    "head_pose_angle_6drepnet360": {
        "yaw": -65.02894592285156,
        "pitch": 77.4002685546875,
        "roll": -83.37151336669922
    }
}