{
    "video_name": "wt2023101102",
    "frame_id": 11701,
    "head_bbox": {
        "x0": 492,
        "y0": 110,
        "x1": 533,
        "y1": 162,
        "w": 41,
        "h": 52
    },
    "frame_size": {
        "h": 1080,
        "w": 1920
    },
    "head_pose_angle_6drepnet360": {
        "yaw": -27.202064514160156,
        "pitch": 7.486824989318848,
        "roll": -5.237569332122803
    }
}