{
    "video_name": "wt2023101102",
    "frame_id": 11801,
    "head_bbox": {
        "x0": 497,
        "y0": 111,
        "x1": 545,
        "y1": 162,
        "w": 48,
        "h": 51
    },
    "frame_size": {
        "h": 1080,
        "w": 1920
    },
    "head_pose_angle_6drepnet360": {
        "yaw": -44.37275314331055,
        "pitch": 170.87062072753906,
        "roll": -169.23281860351562
    }
}