{
    "video_name": "wt2023101102",
    "frame_id": 11901,
    "head_bbox": {
        "x0": 485,
        "y0": 113,
        "x1": 529,
        "y1": 167,
        "w": 44,
        "h": 54
    },
    "frame_size": {
        "h": 1080,
        "w": 1920
    },
    "head_pose_angle_6drepnet360": {
        "yaw": -4.1245598793029785,
        "pitch": -9.446209907531738,
        "roll": -1.9100823402404785
    }
}