{
    "video_name": "wt2023101102",
    "frame_id": 12001,
    "head_bbox": {
        "x0": 659,
        "y0": 118,
        "x1": 709,
        "y1": 170,
        "w": 50,
        "h": 52
    },
    "frame_size": {
        "h": 1080,
        "w": 1920
    },
    "head_pose_angle_6drepnet360": {
        "yaw": -76.65106201171875,
        "pitch": 102.48130798339844,
        "roll": -104.23290252685547
    }
}