{
    "video_name": "wt2023101102",
    "frame_id": 1201,
    "head_bbox": {
        "x0": 490,
        "y0": 109,
        "x1": 534,
        "y1": 161,
        "w": 44,
        "h": 52
    },
    "frame_size": {
        "h": 1080,
        "w": 1920
    },
    "head_pose_angle_6drepnet360": {
        "yaw": -40.20404052734375,
        "pitch": 158.0040740966797,
        "roll": -173.31845092773438
    }
}