{
    "video_name": "wt2023101102",
    "frame_id": 12101,
    "head_bbox": {
        "x0": 707,
        "y0": 117,
        "x1": 747,
        "y1": 171,
        "w": 40,
        "h": 54
    },
    "frame_size": {
        "h": 1080,
        "w": 1920
    },
    "head_pose_angle_6drepnet360": {
        "yaw": -1.258581280708313,
        "pitch": -9.626955032348633,
        "roll": -1.140602946281433
    }
}