{
    "video_name": "wt2023101102",
    "frame_id": 12201,
    "head_bbox": {
        "x0": 686,
        "y0": 118,
        "x1": 727,
        "y1": 173,
        "w": 41,
        "h": 55
    },
    "frame_size": {
        "h": 1080,
        "w": 1920
    },
    "head_pose_angle_6drepnet360": {
        "yaw": 2.6230337619781494,
        "pitch": -11.216581344604492,
        "roll": 2.2897305488586426
    }
}