{
    "video_name": "wt2023101102",
    "frame_id": 12301,
    "head_bbox": {
        "x0": 740,
        "y0": 116,
        "x1": 779,
        "y1": 169,
        "w": 39,
        "h": 53
    },
    "frame_size": {
        "h": 1080,
        "w": 1920
    },
    "head_pose_angle_6drepnet360": {
        "yaw": -56.41604232788086,
        "pitch": -4.170295238494873,
        "roll": 2.185985803604126
    }
}