{
    "video_name": "wt2023101102",
    "frame_id": 12401,
    "head_bbox": {
        "x0": 753,
        "y0": 112,
        "x1": 792,
        "y1": 162,
        "w": 39,
        "h": 50
    },
    "frame_size": {
        "h": 1080,
        "w": 1920
    },
    "head_pose_angle_6drepnet360": {
        "yaw": 12.685422897338867,
        "pitch": 0.07912778854370117,
        "roll": -2.495866298675537
    }
}