{
    "video_name": "wt2023101102",
    "frame_id": 12501,
    "head_bbox": {
        "x0": 654,
        "y0": 116,
        "x1": 697,
        "y1": 168,
        "w": 43,
        "h": 52
    },
    "frame_size": {
        "h": 1080,
        "w": 1920
    },
    "head_pose_angle_6drepnet360": {
        "yaw": -3.380866050720215,
        "pitch": -4.188944339752197,
        "roll": -6.3149333000183105
    }
}