{
    "video_name": "wt2023101102",
    "frame_id": 12601,
    "head_bbox": {
        "x0": 657,
        "y0": 117,
        "x1": 697,
        "y1": 168,
        "w": 40,
        "h": 51
    },
    "frame_size": {
        "h": 1080,
        "w": 1920
    },
    "head_pose_angle_6drepnet360": {
        "yaw": -21.686546325683594,
        "pitch": -0.8941240906715393,
        "roll": 2.1105568408966064
    }
}