{
    "video_name": "wt2023101102",
    "frame_id": 12701,
    "head_bbox": {
        "x0": 705,
        "y0": 117,
        "x1": 747,
        "y1": 168,
        "w": 42,
        "h": 51
    },
    "frame_size": {
        "h": 1080,
        "w": 1920
    },
    "head_pose_angle_6drepnet360": {
        "yaw": 54.006309509277344,
        "pitch": 164.77365112304688,
        "roll": 176.1841583251953
    }
}