{
    "video_name": "wt2023101102",
    "frame_id": 12801,
    "head_bbox": {
        "x0": 719,
        "y0": 115,
        "x1": 760,
        "y1": 171,
        "w": 41,
        "h": 56
    },
    "frame_size": {
        "h": 1080,
        "w": 1920
    },
    "head_pose_angle_6drepnet360": {
        "yaw": 18.314870834350586,
        "pitch": -3.405761480331421,
        "roll": 1.6197624206542969
    }
}