{
    "video_name": "wt2023101102",
    "frame_id": 12901,
    "head_bbox": {
        "x0": 667,
        "y0": 117,
        "x1": 709,
        "y1": 171,
        "w": 42,
        "h": 54
    },
    "frame_size": {
        "h": 1080,
        "w": 1920
    },
    "head_pose_angle_6drepnet360": {
        "yaw": 43.52641677856445,
        "pitch": -19.0727596282959,
        "roll": -9.277413368225098
    }
}