{
    "video_name": "wt2023101102",
    "frame_id": 13001,
    "head_bbox": {
        "x0": 617,
        "y0": 114,
        "x1": 658,
        "y1": 168,
        "w": 41,
        "h": 54
    },
    "frame_size": {
        "h": 1080,
        "w": 1920
    },
    "head_pose_angle_6drepnet360": {
        "yaw": -18.923852920532227,
        "pitch": -3.299391746520996,
        "roll": 6.099966526031494
    }
}