{
    "video_name": "wt2023101102",
    "frame_id": 1301,
    "head_bbox": {
        "x0": 427,
        "y0": 107,
        "x1": 468,
        "y1": 155,
        "w": 41,
        "h": 48
    },
    "frame_size": {
        "h": 1080,
        "w": 1920
    },
    "head_pose_angle_6drepnet360": {
        "yaw": -38.87012481689453,
        "pitch": 161.32650756835938,
        "roll": -175.94467163085938
    }
}