{
    "video_name": "wt2023101102",
    "frame_id": 13101,
    "head_bbox": {
        "x0": 648,
        "y0": 114,
        "x1": 689,
        "y1": 165,
        "w": 41,
        "h": 51
    },
    "frame_size": {
        "h": 1080,
        "w": 1920
    },
    "head_pose_angle_6drepnet360": {
        "yaw": -1.8973432779312134,
        "pitch": -1.403572678565979,
        "roll": -0.46866586804389954
    }
}