{
    "video_name": "wt2023101102",
    "frame_id": 13201,
    "head_bbox": {
        "x0": 507,
        "y0": 116,
        "x1": 548,
        "y1": 173,
        "w": 41,
        "h": 57
    },
    "frame_size": {
        "h": 1080,
        "w": 1920
    },
    "head_pose_angle_6drepnet360": {
        "yaw": 12.360523223876953,
        "pitch": -10.119424819946289,
        "roll": -1.2157975435256958
    }
}