{
    "video_name": "wt2023101102",
    "frame_id": 13301,
    "head_bbox": {
        "x0": 542,
        "y0": 113,
        "x1": 585,
        "y1": 168,
        "w": 43,
        "h": 55
    },
    "frame_size": {
        "h": 1080,
        "w": 1920
    },
    "head_pose_angle_6drepnet360": {
        "yaw": 0.46742215752601624,
        "pitch": -5.913566589355469,
        "roll": 1.3730515241622925
    }
}