{
    "video_name": "wt2023101102",
    "frame_id": 13401,
    "head_bbox": {
        "x0": 556,
        "y0": 117,
        "x1": 599,
        "y1": 172,
        "w": 43,
        "h": 55
    },
    "frame_size": {
        "h": 1080,
        "w": 1920
    },
    "head_pose_angle_6drepnet360": {
        "yaw": -7.771144866943359,
        "pitch": -7.090664863586426,
        "roll": 7.7774577140808105
    }
}