{
    "video_name": "wt2023101102",
    "frame_id": 13501,
    "head_bbox": {
        "x0": 538,
        "y0": 114,
        "x1": 582,
        "y1": 168,
        "w": 44,
        "h": 54
    },
    "frame_size": {
        "h": 1080,
        "w": 1920
    },
    "head_pose_angle_6drepnet360": {
        "yaw": -14.940982818603516,
        "pitch": 0.814161479473114,
        "roll": -0.2658105194568634
    }
}