{
    "video_name": "wt2023101102",
    "frame_id": 13601,
    "head_bbox": {
        "x0": 542,
        "y0": 114,
        "x1": 585,
        "y1": 167,
        "w": 43,
        "h": 53
    },
    "frame_size": {
        "h": 1080,
        "w": 1920
    },
    "head_pose_angle_6drepnet360": {
        "yaw": -11.199602127075195,
        "pitch": -1.356684684753418,
        "roll": -2.0033161640167236
    }
}