{
    "video_name": "wt2023101102",
    "frame_id": 13701,
    "head_bbox": {
        "x0": 539,
        "y0": 114,
        "x1": 584,
        "y1": 167,
        "w": 45,
        "h": 53
    },
    "frame_size": {
        "h": 1080,
        "w": 1920
    },
    "head_pose_angle_6drepnet360": {
        "yaw": -9.17943000793457,
        "pitch": -3.4021408557891846,
        "roll": -0.7957496643066406
    }
}