{
    "video_name": "wt2023101102",
    "frame_id": 13801,
    "head_bbox": {
        "x0": 540,
        "y0": 115,
        "x1": 584,
        "y1": 169,
        "w": 44,
        "h": 54
    },
    "frame_size": {
        "h": 1080,
        "w": 1920
    },
    "head_pose_angle_6drepnet360": {
        "yaw": -20.12516975402832,
        "pitch": 2.63145112991333,
        "roll": -3.2934513092041016
    }
}