{
    "video_name": "wt2023101102",
    "frame_id": 13901,
    "head_bbox": {
        "x0": 542,
        "y0": 113,
        "x1": 587,
        "y1": 167,
        "w": 45,
        "h": 54
    },
    "frame_size": {
        "h": 1080,
        "w": 1920
    },
    "head_pose_angle_6drepnet360": {
        "yaw": 2.096797466278076,
        "pitch": -2.683368682861328,
        "roll": 1.5291578769683838
    }
}