{
    "video_name": "wt2023101102",
    "frame_id": 14001,
    "head_bbox": {
        "x0": 544,
        "y0": 113,
        "x1": 587,
        "y1": 167,
        "w": 43,
        "h": 54
    },
    "frame_size": {
        "h": 1080,
        "w": 1920
    },
    "head_pose_angle_6drepnet360": {
        "yaw": -0.33225217461586,
        "pitch": -1.6631883382797241,
        "roll": 0.4124804139137268
    }
}