{
    "video_name": "wt2023101102",
    "frame_id": 1401,
    "head_bbox": {
        "x0": 428,
        "y0": 107,
        "x1": 469,
        "y1": 156,
        "w": 41,
        "h": 49
    },
    "frame_size": {
        "h": 1080,
        "w": 1920
    },
    "head_pose_angle_6drepnet360": {
        "yaw": -37.266048431396484,
        "pitch": 163.3291015625,
        "roll": -176.1385040283203
    }
}