{
    "video_name": "wt2023101102",
    "frame_id": 14101,
    "head_bbox": {
        "x0": 555,
        "y0": 115,
        "x1": 597,
        "y1": 168,
        "w": 42,
        "h": 53
    },
    "frame_size": {
        "h": 1080,
        "w": 1920
    },
    "head_pose_angle_6drepnet360": {
        "yaw": -14.45028018951416,
        "pitch": 1.3746792078018188,
        "roll": 1.607550859451294
    }
}