{
    "video_name": "wt2023101102",
    "frame_id": 14201,
    "head_bbox": {
        "x0": 548,
        "y0": 114,
        "x1": 591,
        "y1": 166,
        "w": 43,
        "h": 52
    },
    "frame_size": {
        "h": 1080,
        "w": 1920
    },
    "head_pose_angle_6drepnet360": {
        "yaw": -16.15115737915039,
        "pitch": 0.3334207534790039,
        "roll": 2.8465471267700195
    }
}