{
    "video_name": "wt2023101102",
    "frame_id": 14301,
    "head_bbox": {
        "x0": 558,
        "y0": 116,
        "x1": 601,
        "y1": 169,
        "w": 43,
        "h": 53
    },
    "frame_size": {
        "h": 1080,
        "w": 1920
    },
    "head_pose_angle_6drepnet360": {
        "yaw": -2.2028510570526123,
        "pitch": -6.98355770111084,
        "roll": 7.736388683319092
    }
}