{
    "video_name": "wt2023101102",
    "frame_id": 14401,
    "head_bbox": {
        "x0": 547,
        "y0": 115,
        "x1": 589,
        "y1": 168,
        "w": 42,
        "h": 53
    },
    "frame_size": {
        "h": 1080,
        "w": 1920
    },
    "head_pose_angle_6drepnet360": {
        "yaw": -11.806234359741211,
        "pitch": -0.4732294976711273,
        "roll": -4.886075973510742
    }
}