{
    "video_name": "wt2023101102",
    "frame_id": 14501,
    "head_bbox": {
        "x0": 543,
        "y0": 114,
        "x1": 587,
        "y1": 165,
        "w": 44,
        "h": 51
    },
    "frame_size": {
        "h": 1080,
        "w": 1920
    },
    "head_pose_angle_6drepnet360": {
        "yaw": -2.686837911605835,
        "pitch": -1.9862655401229858,
        "roll": -1.1218538284301758
    }
}