{
    "video_name": "wt2023101102",
    "frame_id": 14601,
    "head_bbox": {
        "x0": 678,
        "y0": 118,
        "x1": 725,
        "y1": 168,
        "w": 47,
        "h": 50
    },
    "frame_size": {
        "h": 1080,
        "w": 1920
    },
    "head_pose_angle_6drepnet360": {
        "yaw": -72.22390747070312,
        "pitch": 62.01195526123047,
        "roll": -63.424102783203125
    }
}