{
    "video_name": "wt2023101102",
    "frame_id": 14701,
    "head_bbox": {
        "x0": 680,
        "y0": 116,
        "x1": 722,
        "y1": 169,
        "w": 42,
        "h": 53
    },
    "frame_size": {
        "h": 1080,
        "w": 1920
    },
    "head_pose_angle_6drepnet360": {
        "yaw": 3.1549131870269775,
        "pitch": -5.107784748077393,
        "roll": 2.333508253097534
    }
}