{
    "video_name": "wt2023101102",
    "frame_id": 14801,
    "head_bbox": {
        "x0": 681,
        "y0": 116,
        "x1": 724,
        "y1": 170,
        "w": 43,
        "h": 54
    },
    "frame_size": {
        "h": 1080,
        "w": 1920
    },
    "head_pose_angle_6drepnet360": {
        "yaw": -4.485506057739258,
        "pitch": -4.911077499389648,
        "roll": 2.0785608291625977
    }
}