{
    "video_name": "wt2023101102",
    "frame_id": 14901,
    "head_bbox": {
        "x0": 682,
        "y0": 116,
        "x1": 721,
        "y1": 172,
        "w": 39,
        "h": 56
    },
    "frame_size": {
        "h": 1080,
        "w": 1920
    },
    "head_pose_angle_6drepnet360": {
        "yaw": -1.0295745134353638,
        "pitch": -6.367775917053223,
        "roll": -5.1046671867370605
    }
}