{
    "video_name": "wt2023101102",
    "frame_id": 15001,
    "head_bbox": {
        "x0": 674,
        "y0": 115,
        "x1": 717,
        "y1": 167,
        "w": 43,
        "h": 52
    },
    "frame_size": {
        "h": 1080,
        "w": 1920
    },
    "head_pose_angle_6drepnet360": {
        "yaw": 1.6960409879684448,
        "pitch": -1.7371175289154053,
        "roll": 1.1256263256072998
    }
}