{
    "video_name": "wt2023101102",
    "frame_id": 1501,
    "head_bbox": {
        "x0": 493,
        "y0": 118,
        "x1": 538,
        "y1": 176,
        "w": 45,
        "h": 58
    },
    "frame_size": {
        "h": 1080,
        "w": 1920
    },
    "head_pose_angle_6drepnet360": {
        "yaw": -2.533841848373413,
        "pitch": -12.707202911376953,
        "roll": -12.910194396972656
    }
}