{
    "video_name": "wt2023101102",
    "frame_id": 15101,
    "head_bbox": {
        "x0": 659,
        "y0": 115,
        "x1": 701,
        "y1": 168,
        "w": 42,
        "h": 53
    },
    "frame_size": {
        "h": 1080,
        "w": 1920
    },
    "head_pose_angle_6drepnet360": {
        "yaw": 2.2922163009643555,
        "pitch": -1.8289607763290405,
        "roll": -4.063657760620117
    }
}