{
    "video_name": "wt2023101102",
    "frame_id": 15201,
    "head_bbox": {
        "x0": 658,
        "y0": 114,
        "x1": 698,
        "y1": 165,
        "w": 40,
        "h": 51
    },
    "frame_size": {
        "h": 1080,
        "w": 1920
    },
    "head_pose_angle_6drepnet360": {
        "yaw": -19.90266227722168,
        "pitch": 2.48494815826416,
        "roll": 0.554021954536438
    }
}