{
    "video_name": "wt2023101102",
    "frame_id": 15301,
    "head_bbox": {
        "x0": 664,
        "y0": 114,
        "x1": 705,
        "y1": 155,
        "w": 41,
        "h": 41
    },
    "frame_size": {
        "h": 1080,
        "w": 1920
    },
    "head_pose_angle_6drepnet360": {
        "yaw": 11.574634552001953,
        "pitch": 17.275455474853516,
        "roll": 1.0860748291015625
    }
}