{
    "video_name": "wt2023101102",
    "frame_id": 15401,
    "head_bbox": {
        "x0": 661,
        "y0": 115,
        "x1": 702,
        "y1": 166,
        "w": 41,
        "h": 51
    },
    "frame_size": {
        "h": 1080,
        "w": 1920
    },
    "head_pose_angle_6drepnet360": {
        "yaw": 2.3453571796417236,
        "pitch": -0.004755367059260607,
        "roll": 3.3060669898986816
    }
}