{
    "video_name": "wt2023101102",
    "frame_id": 15501,
    "head_bbox": {
        "x0": 662,
        "y0": 115,
        "x1": 704,
        "y1": 170,
        "w": 42,
        "h": 55
    },
    "frame_size": {
        "h": 1080,
        "w": 1920
    },
    "head_pose_angle_6drepnet360": {
        "yaw": 11.922037124633789,
        "pitch": -6.934724807739258,
        "roll": -2.2773642539978027
    }
}