{
    "video_name": "wt2023101102",
    "frame_id": 15601,
    "head_bbox": {
        "x0": 666,
        "y0": 115,
        "x1": 705,
        "y1": 167,
        "w": 39,
        "h": 52
    },
    "frame_size": {
        "h": 1080,
        "w": 1920
    },
    "head_pose_angle_6drepnet360": {
        "yaw": -6.8954315185546875,
        "pitch": -6.279466152191162,
        "roll": -0.6029492616653442
    }
}