{
    "video_name": "wt2023101102",
    "frame_id": 15701,
    "head_bbox": {
        "x0": 613,
        "y0": 120,
        "x1": 657,
        "y1": 178,
        "w": 44,
        "h": 58
    },
    "frame_size": {
        "h": 1080,
        "w": 1920
    },
    "head_pose_angle_6drepnet360": {
        "yaw": 42.028564453125,
        "pitch": -38.57432556152344,
        "roll": -19.593202590942383
    }
}