{
    "video_name": "wt2023101102",
    "frame_id": 15801,
    "head_bbox": {
        "x0": 616,
        "y0": 112,
        "x1": 658,
        "y1": 165,
        "w": 42,
        "h": 53
    },
    "frame_size": {
        "h": 1080,
        "w": 1920
    },
    "head_pose_angle_6drepnet360": {
        "yaw": 0.35556554794311523,
        "pitch": -1.3547110557556152,
        "roll": 2.6264760494232178
    }
}