{
    "video_name": "wt2023101102",
    "frame_id": 15901,
    "head_bbox": {
        "x0": 630,
        "y0": 117,
        "x1": 671,
        "y1": 173,
        "w": 41,
        "h": 56
    },
    "frame_size": {
        "h": 1080,
        "w": 1920
    },
    "head_pose_angle_6drepnet360": {
        "yaw": -2.5496089458465576,
        "pitch": -8.618609428405762,
        "roll": -7.0394511222839355
    }
}