{
    "video_name": "wt2023101102",
    "frame_id": 16001,
    "head_bbox": {
        "x0": 640,
        "y0": 114,
        "x1": 681,
        "y1": 166,
        "w": 41,
        "h": 52
    },
    "frame_size": {
        "h": 1080,
        "w": 1920
    },
    "head_pose_angle_6drepnet360": {
        "yaw": -8.941044807434082,
        "pitch": -0.831838846206665,
        "roll": -2.968291997909546
    }
}