{
    "video_name": "wt2023101102",
    "frame_id": 1601,
    "head_bbox": {
        "x0": 483,
        "y0": 120,
        "x1": 527,
        "y1": 178,
        "w": 44,
        "h": 58
    },
    "frame_size": {
        "h": 1080,
        "w": 1920
    },
    "head_pose_angle_6drepnet360": {
        "yaw": 5.422293186187744,
        "pitch": -8.043781280517578,
        "roll": -1.5226835012435913
    }
}