{
    "video_name": "wt2023101102",
    "frame_id": 16101,
    "head_bbox": {
        "x0": 639,
        "y0": 114,
        "x1": 680,
        "y1": 167,
        "w": 41,
        "h": 53
    },
    "frame_size": {
        "h": 1080,
        "w": 1920
    },
    "head_pose_angle_6drepnet360": {
        "yaw": 7.482860565185547,
        "pitch": -1.985467553138733,
        "roll": -1.0952962636947632
    }
}