{
    "video_name": "wt2023101102",
    "frame_id": 16201,
    "head_bbox": {
        "x0": 653,
        "y0": 115,
        "x1": 694,
        "y1": 168,
        "w": 41,
        "h": 53
    },
    "frame_size": {
        "h": 1080,
        "w": 1920
    },
    "head_pose_angle_6drepnet360": {
        "yaw": 0.6438912153244019,
        "pitch": -4.045510292053223,
        "roll": 2.5572147369384766
    }
}