{
    "video_name": "wt2023101102",
    "frame_id": 16301,
    "head_bbox": {
        "x0": 604,
        "y0": 117,
        "x1": 647,
        "y1": 175,
        "w": 43,
        "h": 58
    },
    "frame_size": {
        "h": 1080,
        "w": 1920
    },
    "head_pose_angle_6drepnet360": {
        "yaw": -1.6811960935592651,
        "pitch": -7.568183422088623,
        "roll": -4.824345111846924
    }
}