{
    "video_name": "wt2023101102",
    "frame_id": 16401,
    "head_bbox": {
        "x0": 631,
        "y0": 115,
        "x1": 671,
        "y1": 164,
        "w": 40,
        "h": 49
    },
    "frame_size": {
        "h": 1080,
        "w": 1920
    },
    "head_pose_angle_6drepnet360": {
        "yaw": 38.96366882324219,
        "pitch": 173.88873291015625,
        "roll": 177.07411193847656
    }
}