{
    "video_name": "wt2023101102",
    "frame_id": 16501,
    "head_bbox": {
        "x0": 757,
        "y0": 113,
        "x1": 799,
        "y1": 163,
        "w": 42,
        "h": 50
    },
    "frame_size": {
        "h": 1080,
        "w": 1920
    },
    "head_pose_angle_6drepnet360": {
        "yaw": -35.84918975830078,
        "pitch": 169.51234436035156,
        "roll": 172.64833068847656
    }
}