{
    "video_name": "wt2023101102",
    "frame_id": 16601,
    "head_bbox": {
        "x0": 778,
        "y0": 113,
        "x1": 817,
        "y1": 164,
        "w": 39,
        "h": 51
    },
    "frame_size": {
        "h": 1080,
        "w": 1920
    },
    "head_pose_angle_6drepnet360": {
        "yaw": -67.35258483886719,
        "pitch": 167.37342834472656,
        "roll": 173.26478576660156
    }
}