{
    "video_name": "wt2023101102",
    "frame_id": 16701,
    "head_bbox": {
        "x0": 1015,
        "y0": 122,
        "x1": 1053,
        "y1": 172,
        "w": 38,
        "h": 50
    },
    "frame_size": {
        "h": 1080,
        "w": 1920
    },
    "head_pose_angle_6drepnet360": {
        "yaw": 36.61143493652344,
        "pitch": 168.92745971679688,
        "roll": -175.19900512695312
    }
}