{
    "video_name": "wt2023101102",
    "frame_id": 16801,
    "head_bbox": {
        "x0": 916,
        "y0": 122,
        "x1": 961,
        "y1": 170,
        "w": 45,
        "h": 48
    },
    "frame_size": {
        "h": 1080,
        "w": 1920
    },
    "head_pose_angle_6drepnet360": {
        "yaw": 68.29605865478516,
        "pitch": 145.42047119140625,
        "roll": 152.0672607421875
    }
}