{
    "video_name": "wt2023101102",
    "frame_id": 16901,
    "head_bbox": {
        "x0": 1005,
        "y0": 124,
        "x1": 1046,
        "y1": 172,
        "w": 41,
        "h": 48
    },
    "frame_size": {
        "h": 1080,
        "w": 1920
    },
    "head_pose_angle_6drepnet360": {
        "yaw": 79.44361877441406,
        "pitch": 141.82054138183594,
        "roll": 149.2860870361328
    }
}