{
    "video_name": "wt2023101102",
    "frame_id": 17001,
    "head_bbox": {
        "x0": 1046,
        "y0": 125,
        "x1": 1090,
        "y1": 173,
        "w": 44,
        "h": 48
    },
    "frame_size": {
        "h": 1080,
        "w": 1920
    },
    "head_pose_angle_6drepnet360": {
        "yaw": 74.23270416259766,
        "pitch": 111.90605926513672,
        "roll": 116.33981323242188
    }
}