{
    "video_name": "wt2023101102",
    "frame_id": 1701,
    "head_bbox": {
        "x0": 484,
        "y0": 121,
        "x1": 528,
        "y1": 177,
        "w": 44,
        "h": 56
    },
    "frame_size": {
        "h": 1080,
        "w": 1920
    },
    "head_pose_angle_6drepnet360": {
        "yaw": 5.0847554206848145,
        "pitch": -8.578153610229492,
        "roll": -0.6159470677375793
    }
}