{
    "video_name": "wt2023101102",
    "frame_id": 17101,
    "head_bbox": {
        "x0": 1038,
        "y0": 126,
        "x1": 1081,
        "y1": 174,
        "w": 43,
        "h": 48
    },
    "frame_size": {
        "h": 1080,
        "w": 1920
    },
    "head_pose_angle_6drepnet360": {
        "yaw": 68.71356201171875,
        "pitch": 151.89764404296875,
        "roll": 156.9029998779297
    }
}