{
    "video_name": "wt2023101102",
    "frame_id": 17201,
    "head_bbox": {
        "x0": 942,
        "y0": 132,
        "x1": 984,
        "y1": 186,
        "w": 42,
        "h": 54
    },
    "frame_size": {
        "h": 1080,
        "w": 1920
    },
    "head_pose_angle_6drepnet360": {
        "yaw": 64.37186431884766,
        "pitch": -148.42889404296875,
        "roll": -135.94554138183594
    }
}