{
    "video_name": "wt2023101102",
    "frame_id": 17301,
    "head_bbox": {
        "x0": 1043,
        "y0": 125,
        "x1": 1082,
        "y1": 172,
        "w": 39,
        "h": 47
    },
    "frame_size": {
        "h": 1080,
        "w": 1920
    },
    "head_pose_angle_6drepnet360": {
        "yaw": 41.7487678527832,
        "pitch": 167.22079467773438,
        "roll": -169.7653045654297
    }
}