{
    "video_name": "wt2023101102",
    "frame_id": 17401,
    "head_bbox": {
        "x0": 1048,
        "y0": 125,
        "x1": 1088,
        "y1": 174,
        "w": 40,
        "h": 49
    },
    "frame_size": {
        "h": 1080,
        "w": 1920
    },
    "head_pose_angle_6drepnet360": {
        "yaw": 63.22621154785156,
        "pitch": 164.63027954101562,
        "roll": 176.65628051757812
    }
}