{
    "video_name": "wt2023101102",
    "frame_id": 17501,
    "head_bbox": {
        "x0": 1053,
        "y0": 122,
        "x1": 1094,
        "y1": 169,
        "w": 41,
        "h": 47
    },
    "frame_size": {
        "h": 1080,
        "w": 1920
    },
    "head_pose_angle_6drepnet360": {
        "yaw": 61.94931411743164,
        "pitch": 167.07785034179688,
        "roll": 167.28533935546875
    }
}