{
    "video_name": "wt2023101102",
    "frame_id": 17601,
    "head_bbox": {
        "x0": 1033,
        "y0": 124,
        "x1": 1073,
        "y1": 172,
        "w": 40,
        "h": 48
    },
    "frame_size": {
        "h": 1080,
        "w": 1920
    },
    "head_pose_angle_6drepnet360": {
        "yaw": 57.39947509765625,
        "pitch": 160.39920043945312,
        "roll": 177.51388549804688
    }
}