{
    "video_name": "wt2023101102",
    "frame_id": 17701,
    "head_bbox": {
        "x0": 1036,
        "y0": 124,
        "x1": 1075,
        "y1": 171,
        "w": 39,
        "h": 47
    },
    "frame_size": {
        "h": 1080,
        "w": 1920
    },
    "head_pose_angle_6drepnet360": {
        "yaw": 55.307655334472656,
        "pitch": 167.60879516601562,
        "roll": 177.21627807617188
    }
}