{
    "video_name": "wt2023101102",
    "frame_id": 17801,
    "head_bbox": {
        "x0": 1031,
        "y0": 125,
        "x1": 1073,
        "y1": 175,
        "w": 42,
        "h": 50
    },
    "frame_size": {
        "h": 1080,
        "w": 1920
    },
    "head_pose_angle_6drepnet360": {
        "yaw": 61.24049758911133,
        "pitch": 178.06979370117188,
        "roll": -172.30198669433594
    }
}