{
    "video_name": "wt2023101102",
    "frame_id": 17901,
    "head_bbox": {
        "x0": 1032,
        "y0": 123,
        "x1": 1072,
        "y1": 173,
        "w": 40,
        "h": 50
    },
    "frame_size": {
        "h": 1080,
        "w": 1920
    },
    "head_pose_angle_6drepnet360": {
        "yaw": 55.31850814819336,
        "pitch": -179.40716552734375,
        "roll": -165.6248016357422
    }
}