{
    "video_name": "wt2023101102",
    "frame_id": 18001,
    "head_bbox": {
        "x0": 1035,
        "y0": 122,
        "x1": 1074,
        "y1": 170,
        "w": 39,
        "h": 48
    },
    "frame_size": {
        "h": 1080,
        "w": 1920
    },
    "head_pose_angle_6drepnet360": {
        "yaw": 60.83286666870117,
        "pitch": -0.39764404296875,
        "roll": 2.3899765014648438
    }
}