{
    "video_name": "wt2023101102",
    "frame_id": 1801,
    "head_bbox": {
        "x0": 482,
        "y0": 121,
        "x1": 525,
        "y1": 179,
        "w": 43,
        "h": 58
    },
    "frame_size": {
        "h": 1080,
        "w": 1920
    },
    "head_pose_angle_6drepnet360": {
        "yaw": 10.853763580322266,
        "pitch": -7.960744380950928,
        "roll": -5.010182857513428
    }
}