{
    "video_name": "wt2023101102",
    "frame_id": 18101,
    "head_bbox": {
        "x0": 1036,
        "y0": 127,
        "x1": 1077,
        "y1": 178,
        "w": 41,
        "h": 51
    },
    "frame_size": {
        "h": 1080,
        "w": 1920
    },
    "head_pose_angle_6drepnet360": {
        "yaw": 55.70302200317383,
        "pitch": 165.85134887695312,
        "roll": -176.7256622314453
    }
}