{
    "video_name": "wt2023101102",
    "frame_id": 18201,
    "head_bbox": {
        "x0": 1040,
        "y0": 128,
        "x1": 1081,
        "y1": 178,
        "w": 41,
        "h": 50
    },
    "frame_size": {
        "h": 1080,
        "w": 1920
    },
    "head_pose_angle_6drepnet360": {
        "yaw": 46.14712142944336,
        "pitch": 175.1477508544922,
        "roll": -165.5484161376953
    }
}