{
    "video_name": "wt2023101102",
    "frame_id": 18301,
    "head_bbox": {
        "x0": 916,
        "y0": 127,
        "x1": 962,
        "y1": 172,
        "w": 46,
        "h": 45
    },
    "frame_size": {
        "h": 1080,
        "w": 1920
    },
    "head_pose_angle_6drepnet360": {
        "yaw": 62.142478942871094,
        "pitch": 142.4871063232422,
        "roll": 153.21253967285156
    }
}