{
    "video_name": "wt2023101102",
    "frame_id": 18401,
    "head_bbox": {
        "x0": 647,
        "y0": 113,
        "x1": 688,
        "y1": 160,
        "w": 41,
        "h": 47
    },
    "frame_size": {
        "h": 1080,
        "w": 1920
    },
    "head_pose_angle_6drepnet360": {
        "yaw": -46.24263000488281,
        "pitch": 170.08953857421875,
        "roll": 172.88487243652344
    }
}