{
    "video_name": "wt2023101102",
    "frame_id": 18601,
    "head_bbox": {
        "x0": 633,
        "y0": 105,
        "x1": 677,
        "y1": 148,
        "w": 44,
        "h": 43
    },
    "frame_size": {
        "h": 1080,
        "w": 1920
    },
    "head_pose_angle_6drepnet360": {
        "yaw": -15.027718544006348,
        "pitch": 145.439453125,
        "roll": -178.10023498535156
    }
}