{
    "video_name": "wt2023101102",
    "frame_id": 18801,
    "head_bbox": {
        "x0": 553,
        "y0": 108,
        "x1": 594,
        "y1": 154,
        "w": 41,
        "h": 46
    },
    "frame_size": {
        "h": 1080,
        "w": 1920
    },
    "head_pose_angle_6drepnet360": {
        "yaw": -21.10104751586914,
        "pitch": 150.43324279785156,
        "roll": -176.09234619140625
    }
}