{
    "video_name": "wt2023101102",
    "frame_id": 18901,
    "head_bbox": {
        "x0": 552,
        "y0": 107,
        "x1": 593,
        "y1": 151,
        "w": 41,
        "h": 44
    },
    "frame_size": {
        "h": 1080,
        "w": 1920
    },
    "head_pose_angle_6drepnet360": {
        "yaw": -16.650651931762695,
        "pitch": 148.98388671875,
        "roll": -174.50889587402344
    }
}