{
    "video_name": "wt2023101102",
    "frame_id": 19001,
    "head_bbox": {
        "x0": 556,
        "y0": 110,
        "x1": 599,
        "y1": 164,
        "w": 43,
        "h": 54
    },
    "frame_size": {
        "h": 1080,
        "w": 1920
    },
    "head_pose_angle_6drepnet360": {
        "yaw": -38.178123474121094,
        "pitch": 4.64405632019043,
        "roll": -12.623120307922363
    }
}