{
    "video_name": "wt2023101102",
    "frame_id": 1901,
    "head_bbox": {
        "x0": 484,
        "y0": 120,
        "x1": 527,
        "y1": 176,
        "w": 43,
        "h": 56
    },
    "frame_size": {
        "h": 1080,
        "w": 1920
    },
    "head_pose_angle_6drepnet360": {
        "yaw": 8.866085052490234,
        "pitch": -6.353949069976807,
        "roll": -2.0890250205993652
    }
}