{
    "video_name": "wt2023101102",
    "frame_id": 19101,
    "head_bbox": {
        "x0": 598,
        "y0": 112,
        "x1": 643,
        "y1": 158,
        "w": 45,
        "h": 46
    },
    "frame_size": {
        "h": 1080,
        "w": 1920
    },
    "head_pose_angle_6drepnet360": {
        "yaw": -48.816680908203125,
        "pitch": 146.5859832763672,
        "roll": -174.48330688476562
    }
}