{
    "video_name": "wt2023101102",
    "frame_id": 19201,
    "head_bbox": {
        "x0": 754,
        "y0": 114,
        "x1": 794,
        "y1": 162,
        "w": 40,
        "h": 48
    },
    "frame_size": {
        "h": 1080,
        "w": 1920
    },
    "head_pose_angle_6drepnet360": {
        "yaw": -44.918373107910156,
        "pitch": 166.6877899169922,
        "roll": 166.90145874023438
    }
}