{
    "video_name": "wt2023101102",
    "frame_id": 19301,
    "head_bbox": {
        "x0": 642,
        "y0": 109,
        "x1": 684,
        "y1": 152,
        "w": 42,
        "h": 43
    },
    "frame_size": {
        "h": 1080,
        "w": 1920
    },
    "head_pose_angle_6drepnet360": {
        "yaw": -18.85334014892578,
        "pitch": 146.46002197265625,
        "roll": -172.19485473632812
    }
}