{
    "video_name": "wt2023101102",
    "frame_id": 19401,
    "head_bbox": {
        "x0": 641,
        "y0": 111,
        "x1": 683,
        "y1": 154,
        "w": 42,
        "h": 43
    },
    "frame_size": {
        "h": 1080,
        "w": 1920
    },
    "head_pose_angle_6drepnet360": {
        "yaw": -17.214866638183594,
        "pitch": 144.55502319335938,
        "roll": -176.12953186035156
    }
}