{
    "video_name": "wt2023101102",
    "frame_id": 19501,
    "head_bbox": {
        "x0": 647,
        "y0": 110,
        "x1": 687,
        "y1": 155,
        "w": 40,
        "h": 45
    },
    "frame_size": {
        "h": 1080,
        "w": 1920
    },
    "head_pose_angle_6drepnet360": {
        "yaw": -18.015701293945312,
        "pitch": 146.5698699951172,
        "roll": -175.24032592773438
    }
}