{
    "video_name": "wt2023101102",
    "frame_id": 19601,
    "head_bbox": {
        "x0": 643,
        "y0": 112,
        "x1": 690,
        "y1": 162,
        "w": 47,
        "h": 50
    },
    "frame_size": {
        "h": 1080,
        "w": 1920
    },
    "head_pose_angle_6drepnet360": {
        "yaw": -76.0102310180664,
        "pitch": 95.11305236816406,
        "roll": -108.54083251953125
    }
}