{
    "video_name": "wt2023101102",
    "frame_id": 19701,
    "head_bbox": {
        "x0": 871,
        "y0": 117,
        "x1": 910,
        "y1": 166,
        "w": 39,
        "h": 49
    },
    "frame_size": {
        "h": 1080,
        "w": 1920
    },
    "head_pose_angle_6drepnet360": {
        "yaw": -49.2308464050293,
        "pitch": -163.9849395751953,
        "roll": 146.92318725585938
    }
}