{
    "video_name": "wt2023101102",
    "frame_id": 19801,
    "head_bbox": {
        "x0": 868,
        "y0": 114,
        "x1": 907,
        "y1": 163,
        "w": 39,
        "h": 49
    },
    "frame_size": {
        "h": 1080,
        "w": 1920
    },
    "head_pose_angle_6drepnet360": {
        "yaw": -53.772918701171875,
        "pitch": 176.411376953125,
        "roll": 160.95802307128906
    }
}