{
    "video_name": "wt2023101102",
    "frame_id": 19901,
    "head_bbox": {
        "x0": 849,
        "y0": 113,
        "x1": 888,
        "y1": 160,
        "w": 39,
        "h": 47
    },
    "frame_size": {
        "h": 1080,
        "w": 1920
    },
    "head_pose_angle_6drepnet360": {
        "yaw": -49.50214385986328,
        "pitch": 173.41781616210938,
        "roll": 165.25270080566406
    }
}