{
    "video_name": "wt2023101102",
    "frame_id": 20001,
    "head_bbox": {
        "x0": 795,
        "y0": 111,
        "x1": 837,
        "y1": 158,
        "w": 42,
        "h": 47
    },
    "frame_size": {
        "h": 1080,
        "w": 1920
    },
    "head_pose_angle_6drepnet360": {
        "yaw": -53.04931640625,
        "pitch": 157.04067993164062,
        "roll": -176.61863708496094
    }
}