{
    "video_name": "wt2023101102",
    "frame_id": 2001,
    "head_bbox": {
        "x0": 485,
        "y0": 120,
        "x1": 527,
        "y1": 176,
        "w": 42,
        "h": 56
    },
    "frame_size": {
        "h": 1080,
        "w": 1920
    },
    "head_pose_angle_6drepnet360": {
        "yaw": 9.022628784179688,
        "pitch": -7.059456825256348,
        "roll": -2.3884313106536865
    }
}