{
    "video_name": "wt2023101102",
    "frame_id": 201,
    "head_bbox": {
        "x0": 759,
        "y0": 126,
        "x1": 799,
        "y1": 179,
        "w": 40,
        "h": 53
    },
    "frame_size": {
        "h": 1080,
        "w": 1920
    },
    "head_pose_angle_6drepnet360": {
        "yaw": 4.405227184295654,
        "pitch": -8.525894165039062,
        "roll": 0.10802126675844193
    }
}