{
    "video_name": "wt2023101102",
    "frame_id": 20101,
    "head_bbox": {
        "x0": 793,
        "y0": 113,
        "x1": 835,
        "y1": 160,
        "w": 42,
        "h": 47
    },
    "frame_size": {
        "h": 1080,
        "w": 1920
    },
    "head_pose_angle_6drepnet360": {
        "yaw": -75.968994140625,
        "pitch": 122.16584777832031,
        "roll": -142.56471252441406
    }
}