{
    "video_name": "wt2023101102",
    "frame_id": 20201,
    "head_bbox": {
        "x0": 793,
        "y0": 113,
        "x1": 835,
        "y1": 161,
        "w": 42,
        "h": 48
    },
    "frame_size": {
        "h": 1080,
        "w": 1920
    },
    "head_pose_angle_6drepnet360": {
        "yaw": -59.210914611816406,
        "pitch": 0.5436850190162659,
        "roll": -18.85693359375
    }
}