{
    "video_name": "wt2023101102",
    "frame_id": 20301,
    "head_bbox": {
        "x0": 621,
        "y0": 108,
        "x1": 662,
        "y1": 155,
        "w": 41,
        "h": 47
    },
    "frame_size": {
        "h": 1080,
        "w": 1920
    },
    "head_pose_angle_6drepnet360": {
        "yaw": -16.314735412597656,
        "pitch": 153.2432861328125,
        "roll": -179.0055694580078
    }
}