{
    "video_name": "wt2023101102",
    "frame_id": 20401,
    "head_bbox": {
        "x0": 567,
        "y0": 109,
        "x1": 608,
        "y1": 155,
        "w": 41,
        "h": 46
    },
    "frame_size": {
        "h": 1080,
        "w": 1920
    },
    "head_pose_angle_6drepnet360": {
        "yaw": -25.792484283447266,
        "pitch": 149.86106872558594,
        "roll": -176.624755859375
    }
}