{
    "video_name": "wt2023101102",
    "frame_id": 20501,
    "head_bbox": {
        "x0": 569,
        "y0": 110,
        "x1": 613,
        "y1": 162,
        "w": 44,
        "h": 52
    },
    "frame_size": {
        "h": 1080,
        "w": 1920
    },
    "head_pose_angle_6drepnet360": {
        "yaw": -31.221668243408203,
        "pitch": -0.9902052879333496,
        "roll": -10.402982711791992
    }
}