{
    "video_name": "wt2023101102",
    "frame_id": 20601,
    "head_bbox": {
        "x0": 567,
        "y0": 108,
        "x1": 616,
        "y1": 158,
        "w": 49,
        "h": 50
    },
    "frame_size": {
        "h": 1080,
        "w": 1920
    },
    "head_pose_angle_6drepnet360": {
        "yaw": -66.52694702148438,
        "pitch": 28.25998878479004,
        "roll": -31.873579025268555
    }
}