{
    "video_name": "wt2023101102",
    "frame_id": 20701,
    "head_bbox": {
        "x0": 542,
        "y0": 116,
        "x1": 584,
        "y1": 173,
        "w": 42,
        "h": 57
    },
    "frame_size": {
        "h": 1080,
        "w": 1920
    },
    "head_pose_angle_6drepnet360": {
        "yaw": -12.044463157653809,
        "pitch": -5.247285842895508,
        "roll": -1.8195244073867798
    }
}