{
    "video_name": "wt2023101102",
    "frame_id": 20801,
    "head_bbox": {
        "x0": 543,
        "y0": 112,
        "x1": 586,
        "y1": 165,
        "w": 43,
        "h": 53
    },
    "frame_size": {
        "h": 1080,
        "w": 1920
    },
    "head_pose_angle_6drepnet360": {
        "yaw": -15.869331359863281,
        "pitch": 3.1032583713531494,
        "roll": -5.2635931968688965
    }
}