{
    "video_name": "wt2023101102",
    "frame_id": 20901,
    "head_bbox": {
        "x0": 542,
        "y0": 114,
        "x1": 585,
        "y1": 167,
        "w": 43,
        "h": 53
    },
    "frame_size": {
        "h": 1080,
        "w": 1920
    },
    "head_pose_angle_6drepnet360": {
        "yaw": -18.702346801757812,
        "pitch": 1.932856798171997,
        "roll": -5.562819004058838
    }
}