{
    "video_name": "wt2023101102",
    "frame_id": 21001,
    "head_bbox": {
        "x0": 547,
        "y0": 112,
        "x1": 589,
        "y1": 165,
        "w": 42,
        "h": 53
    },
    "frame_size": {
        "h": 1080,
        "w": 1920
    },
    "head_pose_angle_6drepnet360": {
        "yaw": -4.881372928619385,
        "pitch": -3.3540878295898438,
        "roll": -5.585430145263672
    }
}