{
    "video_name": "wt2023101102",
    "frame_id": 2101,
    "head_bbox": {
        "x0": 485,
        "y0": 120,
        "x1": 527,
        "y1": 177,
        "w": 42,
        "h": 57
    },
    "frame_size": {
        "h": 1080,
        "w": 1920
    },
    "head_pose_angle_6drepnet360": {
        "yaw": 13.404449462890625,
        "pitch": -6.533659934997559,
        "roll": -0.8716098666191101
    }
}