{
    "video_name": "wt2023101102",
    "frame_id": 21101,
    "head_bbox": {
        "x0": 558,
        "y0": 112,
        "x1": 599,
        "y1": 167,
        "w": 41,
        "h": 55
    },
    "frame_size": {
        "h": 1080,
        "w": 1920
    },
    "head_pose_angle_6drepnet360": {
        "yaw": -16.56295394897461,
        "pitch": -3.036139488220215,
        "roll": 0.12647582590579987
    }
}