{
    "video_name": "wt2023101102",
    "frame_id": 21201,
    "head_bbox": {
        "x0": 556,
        "y0": 114,
        "x1": 598,
        "y1": 167,
        "w": 42,
        "h": 53
    },
    "frame_size": {
        "h": 1080,
        "w": 1920
    },
    "head_pose_angle_6drepnet360": {
        "yaw": -22.854183197021484,
        "pitch": -3.2590742111206055,
        "roll": 1.5750608444213867
    }
}