{
    "video_name": "wt2023101102",
    "frame_id": 21301,
    "head_bbox": {
        "x0": 555,
        "y0": 113,
        "x1": 598,
        "y1": 168,
        "w": 43,
        "h": 55
    },
    "frame_size": {
        "h": 1080,
        "w": 1920
    },
    "head_pose_angle_6drepnet360": {
        "yaw": -46.899295806884766,
        "pitch": 11.113665580749512,
        "roll": -11.127802848815918
    }
}