{
    "video_name": "wt2023101102",
    "frame_id": 21401,
    "head_bbox": {
        "x0": 624,
        "y0": 110,
        "x1": 668,
        "y1": 156,
        "w": 44,
        "h": 46
    },
    "frame_size": {
        "h": 1080,
        "w": 1920
    },
    "head_pose_angle_6drepnet360": {
        "yaw": -26.81564712524414,
        "pitch": 150.3153839111328,
        "roll": -178.1884307861328
    }
}