{
    "video_name": "wt2023101102",
    "frame_id": 21501,
    "head_bbox": {
        "x0": 534,
        "y0": 116,
        "x1": 575,
        "y1": 173,
        "w": 41,
        "h": 57
    },
    "frame_size": {
        "h": 1080,
        "w": 1920
    },
    "head_pose_angle_6drepnet360": {
        "yaw": -3.856060743331909,
        "pitch": -25.077646255493164,
        "roll": -0.15218262374401093
    }
}