{
    "video_name": "wt2023101102",
    "frame_id": 21601,
    "head_bbox": {
        "x0": 495,
        "y0": 151,
        "x1": 540,
        "y1": 205,
        "w": 45,
        "h": 54
    },
    "frame_size": {
        "h": 1080,
        "w": 1920
    },
    "head_pose_angle_6drepnet360": {
        "yaw": 5.264919281005859,
        "pitch": -49.09459686279297,
        "roll": -15.082850456237793
    }
}