{
    "video_name": "wt2023101102",
    "frame_id": 21701,
    "head_bbox": {
        "x0": 499,
        "y0": 125,
        "x1": 542,
        "y1": 186,
        "w": 43,
        "h": 61
    },
    "frame_size": {
        "h": 1080,
        "w": 1920
    },
    "head_pose_angle_6drepnet360": {
        "yaw": 4.8914031982421875,
        "pitch": -10.902268409729004,
        "roll": -7.148584365844727
    }
}