{
    "video_name": "wt2023101102",
    "frame_id": 21801,
    "head_bbox": {
        "x0": 511,
        "y0": 118,
        "x1": 553,
        "y1": 173,
        "w": 42,
        "h": 55
    },
    "frame_size": {
        "h": 1080,
        "w": 1920
    },
    "head_pose_angle_6drepnet360": {
        "yaw": -9.376245498657227,
        "pitch": -4.6665143966674805,
        "roll": -4.101425647735596
    }
}