{
    "video_name": "wt2023101102",
    "frame_id": 21901,
    "head_bbox": {
        "x0": 508,
        "y0": 117,
        "x1": 551,
        "y1": 172,
        "w": 43,
        "h": 55
    },
    "frame_size": {
        "h": 1080,
        "w": 1920
    },
    "head_pose_angle_6drepnet360": {
        "yaw": -11.307439804077148,
        "pitch": -2.3677384853363037,
        "roll": -5.474839210510254
    }
}