{
    "video_name": "wt2023101102",
    "frame_id": 22001,
    "head_bbox": {
        "x0": 508,
        "y0": 116,
        "x1": 551,
        "y1": 171,
        "w": 43,
        "h": 55
    },
    "frame_size": {
        "h": 1080,
        "w": 1920
    },
    "head_pose_angle_6drepnet360": {
        "yaw": -12.781577110290527,
        "pitch": -1.2012038230895996,
        "roll": -7.810829162597656
    }
}