{
    "video_name": "wt2023101102",
    "frame_id": 2201,
    "head_bbox": {
        "x0": 484,
        "y0": 120,
        "x1": 528,
        "y1": 174,
        "w": 44,
        "h": 54
    },
    "frame_size": {
        "h": 1080,
        "w": 1920
    },
    "head_pose_angle_6drepnet360": {
        "yaw": 10.913405418395996,
        "pitch": -3.458022117614746,
        "roll": -2.2064247131347656
    }
}