{
    "video_name": "wt2023101102",
    "frame_id": 22101,
    "head_bbox": {
        "x0": 517,
        "y0": 112,
        "x1": 561,
        "y1": 165,
        "w": 44,
        "h": 53
    },
    "frame_size": {
        "h": 1080,
        "w": 1920
    },
    "head_pose_angle_6drepnet360": {
        "yaw": 2.5971622467041016,
        "pitch": 0.40732282400131226,
        "roll": -1.3620795011520386
    }
}