{
    "video_name": "wt2023101102",
    "frame_id": 22201,
    "head_bbox": {
        "x0": 517,
        "y0": 112,
        "x1": 560,
        "y1": 164,
        "w": 43,
        "h": 52
    },
    "frame_size": {
        "h": 1080,
        "w": 1920
    },
    "head_pose_angle_6drepnet360": {
        "yaw": -21.647537231445312,
        "pitch": 3.6130733489990234,
        "roll": -2.3215172290802
    }
}