{
    "video_name": "wt2023101102",
    "frame_id": 22301,
    "head_bbox": {
        "x0": 516,
        "y0": 113,
        "x1": 558,
        "y1": 166,
        "w": 42,
        "h": 53
    },
    "frame_size": {
        "h": 1080,
        "w": 1920
    },
    "head_pose_angle_6drepnet360": {
        "yaw": -12.235776901245117,
        "pitch": -0.5637732744216919,
        "roll": -2.521017551422119
    }
}