{
    "video_name": "wt2023101102",
    "frame_id": 22401,
    "head_bbox": {
        "x0": 502,
        "y0": 139,
        "x1": 547,
        "y1": 195,
        "w": 45,
        "h": 56
    },
    "frame_size": {
        "h": 1080,
        "w": 1920
    },
    "head_pose_angle_6drepnet360": {
        "yaw": 5.41567850112915,
        "pitch": -34.50273513793945,
        "roll": -6.208707809448242
    }
}