{
    "video_name": "wt2023101102",
    "frame_id": 22501,
    "head_bbox": {
        "x0": 510,
        "y0": 119,
        "x1": 553,
        "y1": 176,
        "w": 43,
        "h": 57
    },
    "frame_size": {
        "h": 1080,
        "w": 1920
    },
    "head_pose_angle_6drepnet360": {
        "yaw": -1.8779598474502563,
        "pitch": -8.353899955749512,
        "roll": -3.2653841972351074
    }
}