{
    "video_name": "wt2023101102",
    "frame_id": 22601,
    "head_bbox": {
        "x0": 516,
        "y0": 114,
        "x1": 559,
        "y1": 165,
        "w": 43,
        "h": 51
    },
    "frame_size": {
        "h": 1080,
        "w": 1920
    },
    "head_pose_angle_6drepnet360": {
        "yaw": -16.03769874572754,
        "pitch": 0.3612213432788849,
        "roll": -0.1487194001674652
    }
}