{
    "video_name": "wt2023101102",
    "frame_id": 22701,
    "head_bbox": {
        "x0": 513,
        "y0": 115,
        "x1": 556,
        "y1": 168,
        "w": 43,
        "h": 53
    },
    "frame_size": {
        "h": 1080,
        "w": 1920
    },
    "head_pose_angle_6drepnet360": {
        "yaw": 0.11743313819169998,
        "pitch": -1.6594383716583252,
        "roll": 1.020002007484436
    }
}