{
    "video_name": "wt2023101102",
    "frame_id": 22801,
    "head_bbox": {
        "x0": 511,
        "y0": 114,
        "x1": 555,
        "y1": 165,
        "w": 44,
        "h": 51
    },
    "frame_size": {
        "h": 1080,
        "w": 1920
    },
    "head_pose_angle_6drepnet360": {
        "yaw": -31.032533645629883,
        "pitch": 7.106678009033203,
        "roll": -9.13348388671875
    }
}