{
    "video_name": "wt2023101102",
    "frame_id": 22901,
    "head_bbox": {
        "x0": 507,
        "y0": 130,
        "x1": 549,
        "y1": 188,
        "w": 42,
        "h": 58
    },
    "frame_size": {
        "h": 1080,
        "w": 1920
    },
    "head_pose_angle_6drepnet360": {
        "yaw": 2.764864921569824,
        "pitch": -38.492069244384766,
        "roll": -8.961986541748047
    }
}