{
    "video_name": "wt2023101102",
    "frame_id": 23001,
    "head_bbox": {
        "x0": 502,
        "y0": 136,
        "x1": 544,
        "y1": 193,
        "w": 42,
        "h": 57
    },
    "frame_size": {
        "h": 1080,
        "w": 1920
    },
    "head_pose_angle_6drepnet360": {
        "yaw": 7.602258205413818,
        "pitch": -32.86347961425781,
        "roll": -10.53295612335205
    }
}