{
    "video_name": "wt2023101102",
    "frame_id": 2301,
    "head_bbox": {
        "x0": 485,
        "y0": 120,
        "x1": 528,
        "y1": 174,
        "w": 43,
        "h": 54
    },
    "frame_size": {
        "h": 1080,
        "w": 1920
    },
    "head_pose_angle_6drepnet360": {
        "yaw": 10.95656967163086,
        "pitch": -4.375003337860107,
        "roll": -1.7244023084640503
    }
}