{
    "video_name": "wt2023101102",
    "frame_id": 23101,
    "head_bbox": {
        "x0": 498,
        "y0": 139,
        "x1": 540,
        "y1": 195,
        "w": 42,
        "h": 56
    },
    "frame_size": {
        "h": 1080,
        "w": 1920
    },
    "head_pose_angle_6drepnet360": {
        "yaw": -5.084240436553955,
        "pitch": -35.20998764038086,
        "roll": -9.430639266967773
    }
}