{
    "video_name": "wt2023101102",
    "frame_id": 23201,
    "head_bbox": {
        "x0": 498,
        "y0": 128,
        "x1": 543,
        "y1": 189,
        "w": 45,
        "h": 61
    },
    "frame_size": {
        "h": 1080,
        "w": 1920
    },
    "head_pose_angle_6drepnet360": {
        "yaw": -6.8674750328063965,
        "pitch": -22.034910202026367,
        "roll": -13.567328453063965
    }
}