{
    "video_name": "wt2023101102",
    "frame_id": 23301,
    "head_bbox": {
        "x0": 514,
        "y0": 128,
        "x1": 555,
        "y1": 189,
        "w": 41,
        "h": 61
    },
    "frame_size": {
        "h": 1080,
        "w": 1920
    },
    "head_pose_angle_6drepnet360": {
        "yaw": 1.7203457355499268,
        "pitch": -34.6302604675293,
        "roll": -6.290707588195801
    }
}