{
    "video_name": "wt2023101102",
    "frame_id": 23401,
    "head_bbox": {
        "x0": 903,
        "y0": 115,
        "x1": 943,
        "y1": 163,
        "w": 40,
        "h": 48
    },
    "frame_size": {
        "h": 1080,
        "w": 1920
    },
    "head_pose_angle_6drepnet360": {
        "yaw": -32.404701232910156,
        "pitch": 153.744873046875,
        "roll": -176.43994140625
    }
}