{
    "video_name": "wt2023101102",
    "frame_id": 23501,
    "head_bbox": {
        "x0": 1000,
        "y0": 123,
        "x1": 1042,
        "y1": 171,
        "w": 42,
        "h": 48
    },
    "frame_size": {
        "h": 1080,
        "w": 1920
    },
    "head_pose_angle_6drepnet360": {
        "yaw": 39.97678756713867,
        "pitch": 145.66514587402344,
        "roll": 175.0262908935547
    }
}