{
    "video_name": "wt2023101102",
    "frame_id": 23701,
    "head_bbox": {
        "x0": 1015,
        "y0": 121,
        "x1": 1063,
        "y1": 167,
        "w": 48,
        "h": 46
    },
    "frame_size": {
        "h": 1080,
        "w": 1920
    },
    "head_pose_angle_6drepnet360": {
        "yaw": 49.71367645263672,
        "pitch": 144.29978942871094,
        "roll": 161.78857421875
    }
}