{
    "video_name": "wt2023101102",
    "frame_id": 23901,
    "head_bbox": {
        "x0": 1026,
        "y0": 119,
        "x1": 1066,
        "y1": 169,
        "w": 40,
        "h": 50
    },
    "frame_size": {
        "h": 1080,
        "w": 1920
    },
    "head_pose_angle_6drepnet360": {
        "yaw": 17.529001235961914,
        "pitch": 151.88107299804688,
        "roll": 175.57191467285156
    }
}