{
    "video_name": "wt2023101102",
    "frame_id": 24001,
    "head_bbox": {
        "x0": 751,
        "y0": 122,
        "x1": 793,
        "y1": 174,
        "w": 42,
        "h": 52
    },
    "frame_size": {
        "h": 1080,
        "w": 1920
    },
    "head_pose_angle_6drepnet360": {
        "yaw": 55.29593276977539,
        "pitch": -34.07923889160156,
        "roll": -20.822179794311523
    }
}