{
    "video_name": "wt2023101102",
    "frame_id": 2401,
    "head_bbox": {
        "x0": 484,
        "y0": 121,
        "x1": 527,
        "y1": 175,
        "w": 43,
        "h": 54
    },
    "frame_size": {
        "h": 1080,
        "w": 1920
    },
    "head_pose_angle_6drepnet360": {
        "yaw": 11.488399505615234,
        "pitch": -3.4668188095092773,
        "roll": -1.8633171319961548
    }
}