{
    "video_name": "wt2023101102",
    "frame_id": 24101,
    "head_bbox": {
        "x0": 490,
        "y0": 132,
        "x1": 535,
        "y1": 193,
        "w": 45,
        "h": 61
    },
    "frame_size": {
        "h": 1080,
        "w": 1920
    },
    "head_pose_angle_6drepnet360": {
        "yaw": 1.2027664184570312,
        "pitch": -31.41611671447754,
        "roll": -14.934199333190918
    }
}