{
    "video_name": "wt2023101102",
    "frame_id": 24201,
    "head_bbox": {
        "x0": 511,
        "y0": 125,
        "x1": 553,
        "y1": 182,
        "w": 42,
        "h": 57
    },
    "frame_size": {
        "h": 1080,
        "w": 1920
    },
    "head_pose_angle_6drepnet360": {
        "yaw": -23.349878311157227,
        "pitch": -24.93523406982422,
        "roll": 0.8154213428497314
    }
}