{
    "video_name": "wt2023101102",
    "frame_id": 24301,
    "head_bbox": {
        "x0": 764,
        "y0": 113,
        "x1": 805,
        "y1": 161,
        "w": 41,
        "h": 48
    },
    "frame_size": {
        "h": 1080,
        "w": 1920
    },
    "head_pose_angle_6drepnet360": {
        "yaw": -38.120750427246094,
        "pitch": 153.35740661621094,
        "roll": -179.95115661621094
    }
}