{
    "video_name": "wt2023101102",
    "frame_id": 24401,
    "head_bbox": {
        "x0": 686,
        "y0": 116,
        "x1": 735,
        "y1": 164,
        "w": 49,
        "h": 48
    },
    "frame_size": {
        "h": 1080,
        "w": 1920
    },
    "head_pose_angle_6drepnet360": {
        "yaw": -65.87874603271484,
        "pitch": 123.06678009033203,
        "roll": -134.5675048828125
    }
}