{
    "video_name": "wt2023101102",
    "frame_id": 24501,
    "head_bbox": {
        "x0": 763,
        "y0": 114,
        "x1": 803,
        "y1": 163,
        "w": 40,
        "h": 49
    },
    "frame_size": {
        "h": 1080,
        "w": 1920
    },
    "head_pose_angle_6drepnet360": {
        "yaw": -43.49009704589844,
        "pitch": 149.11634826660156,
        "roll": -175.90386962890625
    }
}