{
    "video_name": "wt2023101102",
    "frame_id": 24601,
    "head_bbox": {
        "x0": 712,
        "y0": 117,
        "x1": 754,
        "y1": 166,
        "w": 42,
        "h": 49
    },
    "frame_size": {
        "h": 1080,
        "w": 1920
    },
    "head_pose_angle_6drepnet360": {
        "yaw": -58.15032196044922,
        "pitch": 163.30120849609375,
        "roll": -179.53558349609375
    }
}