{
    "video_name": "wt2023101102",
    "frame_id": 24701,
    "head_bbox": {
        "x0": 739,
        "y0": 119,
        "x1": 783,
        "y1": 171,
        "w": 44,
        "h": 52
    },
    "frame_size": {
        "h": 1080,
        "w": 1920
    },
    "head_pose_angle_6drepnet360": {
        "yaw": -85.20430755615234,
        "pitch": 140.9423370361328,
        "roll": -159.0390625
    }
}