{
    "video_name": "wt2023101102",
    "frame_id": 24801,
    "head_bbox": {
        "x0": 527,
        "y0": 131,
        "x1": 568,
        "y1": 191,
        "w": 41,
        "h": 60
    },
    "frame_size": {
        "h": 1080,
        "w": 1920
    },
    "head_pose_angle_6drepnet360": {
        "yaw": 8.927597045898438,
        "pitch": -27.88970947265625,
        "roll": -7.263254642486572
    }
}