{
    "video_name": "wt2023101102",
    "frame_id": 24901,
    "head_bbox": {
        "x0": 922,
        "y0": 114,
        "x1": 961,
        "y1": 161,
        "w": 39,
        "h": 47
    },
    "frame_size": {
        "h": 1080,
        "w": 1920
    },
    "head_pose_angle_6drepnet360": {
        "yaw": -38.07970428466797,
        "pitch": 158.54847717285156,
        "roll": 176.36068725585938
    }
}