{
    "video_name": "wt2023101102",
    "frame_id": 25001,
    "head_bbox": {
        "x0": 716,
        "y0": 115,
        "x1": 760,
        "y1": 162,
        "w": 44,
        "h": 47
    },
    "frame_size": {
        "h": 1080,
        "w": 1920
    },
    "head_pose_angle_6drepnet360": {
        "yaw": -65.60151672363281,
        "pitch": 106.06258392333984,
        "roll": -111.2015380859375
    }
}