{
    "video_name": "wt2023101102",
    "frame_id": 2501,
    "head_bbox": {
        "x0": 485,
        "y0": 120,
        "x1": 528,
        "y1": 174,
        "w": 43,
        "h": 54
    },
    "frame_size": {
        "h": 1080,
        "w": 1920
    },
    "head_pose_angle_6drepnet360": {
        "yaw": 9.340968132019043,
        "pitch": -3.130035638809204,
        "roll": -1.1732571125030518
    }
}