{
    "video_name": "wt2023101102",
    "frame_id": 25101,
    "head_bbox": {
        "x0": 582,
        "y0": 117,
        "x1": 622,
        "y1": 173,
        "w": 40,
        "h": 56
    },
    "frame_size": {
        "h": 1080,
        "w": 1920
    },
    "head_pose_angle_6drepnet360": {
        "yaw": 20.335439682006836,
        "pitch": -19.987878799438477,
        "roll": -4.0169758796691895
    }
}