{
    "video_name": "wt2023101102",
    "frame_id": 25201,
    "head_bbox": {
        "x0": 772,
        "y0": 117,
        "x1": 816,
        "y1": 163,
        "w": 44,
        "h": 46
    },
    "frame_size": {
        "h": 1080,
        "w": 1920
    },
    "head_pose_angle_6drepnet360": {
        "yaw": -61.2855224609375,
        "pitch": 123.98636627197266,
        "roll": -134.88076782226562
    }
}