{
    "video_name": "wt2023101102",
    "frame_id": 25301,
    "head_bbox": {
        "x0": 916,
        "y0": 114,
        "x1": 956,
        "y1": 162,
        "w": 40,
        "h": 48
    },
    "frame_size": {
        "h": 1080,
        "w": 1920
    },
    "head_pose_angle_6drepnet360": {
        "yaw": -41.189476013183594,
        "pitch": 153.06436157226562,
        "roll": -177.6492156982422
    }
}