{
    "video_name": "wt2023101102",
    "frame_id": 25401,
    "head_bbox": {
        "x0": 649,
        "y0": 119,
        "x1": 688,
        "y1": 175,
        "w": 39,
        "h": 56
    },
    "frame_size": {
        "h": 1080,
        "w": 1920
    },
    "head_pose_angle_6drepnet360": {
        "yaw": 19.358898162841797,
        "pitch": -23.870969772338867,
        "roll": -0.5268503427505493
    }
}