{
    "video_name": "wt2023101102",
    "frame_id": 25501,
    "head_bbox": {
        "x0": 722,
        "y0": 117,
        "x1": 765,
        "y1": 167,
        "w": 43,
        "h": 50
    },
    "frame_size": {
        "h": 1080,
        "w": 1920
    },
    "head_pose_angle_6drepnet360": {
        "yaw": -62.163475036621094,
        "pitch": 154.16006469726562,
        "roll": -170.77781677246094
    }
}