{
    "video_name": "wt2023101102",
    "frame_id": 25601,
    "head_bbox": {
        "x0": 528,
        "y0": 113,
        "x1": 568,
        "y1": 158,
        "w": 40,
        "h": 45
    },
    "frame_size": {
        "h": 1080,
        "w": 1920
    },
    "head_pose_angle_6drepnet360": {
        "yaw": -22.38924789428711,
        "pitch": 174.771240234375,
        "roll": 175.69073486328125
    }
}