{
    "video_name": "wt2023101102",
    "frame_id": 25701,
    "head_bbox": {
        "x0": 506,
        "y0": 112,
        "x1": 548,
        "y1": 162,
        "w": 42,
        "h": 50
    },
    "frame_size": {
        "h": 1080,
        "w": 1920
    },
    "head_pose_angle_6drepnet360": {
        "yaw": -44.43931579589844,
        "pitch": 173.72018432617188,
        "roll": 178.60411071777344
    }
}