{
    "video_name": "wt2023101102",
    "frame_id": 25801,
    "head_bbox": {
        "x0": 513,
        "y0": 114,
        "x1": 553,
        "y1": 164,
        "w": 40,
        "h": 50
    },
    "frame_size": {
        "h": 1080,
        "w": 1920
    },
    "head_pose_angle_6drepnet360": {
        "yaw": -43.36702346801758,
        "pitch": 174.3830108642578,
        "roll": 176.12120056152344
    }
}