{
    "video_name": "wt2023101102",
    "frame_id": 25901,
    "head_bbox": {
        "x0": 510,
        "y0": 113,
        "x1": 550,
        "y1": 163,
        "w": 40,
        "h": 50
    },
    "frame_size": {
        "h": 1080,
        "w": 1920
    },
    "head_pose_angle_6drepnet360": {
        "yaw": -44.33063888549805,
        "pitch": 172.0625762939453,
        "roll": 176.7173309326172
    }
}