{
    "video_name": "wt2023101102",
    "frame_id": 26001,
    "head_bbox": {
        "x0": 759,
        "y0": 114,
        "x1": 799,
        "y1": 162,
        "w": 40,
        "h": 48
    },
    "frame_size": {
        "h": 1080,
        "w": 1920
    },
    "head_pose_angle_6drepnet360": {
        "yaw": -53.86076354980469,
        "pitch": 176.0902099609375,
        "roll": 166.66502380371094
    }
}