{
    "video_name": "wt2023101102",
    "frame_id": 2601,
    "head_bbox": {
        "x0": 485,
        "y0": 119,
        "x1": 528,
        "y1": 174,
        "w": 43,
        "h": 55
    },
    "frame_size": {
        "h": 1080,
        "w": 1920
    },
    "head_pose_angle_6drepnet360": {
        "yaw": 10.707737922668457,
        "pitch": -3.8549163341522217,
        "roll": -1.5214647054672241
    }
}