{
    "video_name": "wt2023101102",
    "frame_id": 26101,
    "head_bbox": {
        "x0": 779,
        "y0": 110,
        "x1": 820,
        "y1": 159,
        "w": 41,
        "h": 49
    },
    "frame_size": {
        "h": 1080,
        "w": 1920
    },
    "head_pose_angle_6drepnet360": {
        "yaw": -60.63960266113281,
        "pitch": 163.6716766357422,
        "roll": -177.52862548828125
    }
}