{
    "video_name": "wt2023101102",
    "frame_id": 26201,
    "head_bbox": {
        "x0": 1062,
        "y0": 122,
        "x1": 1100,
        "y1": 170,
        "w": 38,
        "h": 48
    },
    "frame_size": {
        "h": 1080,
        "w": 1920
    },
    "head_pose_angle_6drepnet360": {
        "yaw": 41.53042984008789,
        "pitch": 169.7115478515625,
        "roll": -176.23281860351562
    }
}