{
    "video_name": "wt2023101102",
    "frame_id": 26301,
    "head_bbox": {
        "x0": 1054,
        "y0": 126,
        "x1": 1094,
        "y1": 173,
        "w": 40,
        "h": 47
    },
    "frame_size": {
        "h": 1080,
        "w": 1920
    },
    "head_pose_angle_6drepnet360": {
        "yaw": 70.67826080322266,
        "pitch": 144.18331909179688,
        "roll": 161.18975830078125
    }
}