{
    "video_name": "wt2023101102",
    "frame_id": 26401,
    "head_bbox": {
        "x0": 542,
        "y0": 136,
        "x1": 586,
        "y1": 188,
        "w": 44,
        "h": 52
    },
    "frame_size": {
        "h": 1080,
        "w": 1920
    },
    "head_pose_angle_6drepnet360": {
        "yaw": 27.50971794128418,
        "pitch": -50.09610366821289,
        "roll": -22.36492919921875
    }
}