{
    "video_name": "wt2023101102",
    "frame_id": 26501,
    "head_bbox": {
        "x0": 516,
        "y0": 134,
        "x1": 558,
        "y1": 192,
        "w": 42,
        "h": 58
    },
    "frame_size": {
        "h": 1080,
        "w": 1920
    },
    "head_pose_angle_6drepnet360": {
        "yaw": 14.253778457641602,
        "pitch": -30.797578811645508,
        "roll": 0.4436315596103668
    }
}