{
    "video_name": "wt2023101102",
    "frame_id": 26601,
    "head_bbox": {
        "x0": 851,
        "y0": 114,
        "x1": 893,
        "y1": 162,
        "w": 42,
        "h": 48
    },
    "frame_size": {
        "h": 1080,
        "w": 1920
    },
    "head_pose_angle_6drepnet360": {
        "yaw": -50.18378448486328,
        "pitch": 163.37417602539062,
        "roll": 176.6702423095703
    }
}