{
    "video_name": "wt2023101102",
    "frame_id": 26701,
    "head_bbox": {
        "x0": 933,
        "y0": 114,
        "x1": 973,
        "y1": 162,
        "w": 40,
        "h": 48
    },
    "frame_size": {
        "h": 1080,
        "w": 1920
    },
    "head_pose_angle_6drepnet360": {
        "yaw": -42.52431106567383,
        "pitch": 163.2722930908203,
        "roll": 171.13270568847656
    }
}