{
    "video_name": "wt2023101102",
    "frame_id": 26801,
    "head_bbox": {
        "x0": 611,
        "y0": 118,
        "x1": 653,
        "y1": 173,
        "w": 42,
        "h": 55
    },
    "frame_size": {
        "h": 1080,
        "w": 1920
    },
    "head_pose_angle_6drepnet360": {
        "yaw": -28.938512802124023,
        "pitch": -6.785058498382568,
        "roll": -2.5298149585723877
    }
}