{
    "video_name": "wt2023101102",
    "frame_id": 26901,
    "head_bbox": {
        "x0": 548,
        "y0": 113,
        "x1": 589,
        "y1": 165,
        "w": 41,
        "h": 52
    },
    "frame_size": {
        "h": 1080,
        "w": 1920
    },
    "head_pose_angle_6drepnet360": {
        "yaw": -11.826164245605469,
        "pitch": 0.9048952460289001,
        "roll": -4.765781402587891
    }
}