{
    "video_name": "wt2023101102",
    "frame_id": 27001,
    "head_bbox": {
        "x0": 531,
        "y0": 119,
        "x1": 574,
        "y1": 178,
        "w": 43,
        "h": 59
    },
    "frame_size": {
        "h": 1080,
        "w": 1920
    },
    "head_pose_angle_6drepnet360": {
        "yaw": -2.1093454360961914,
        "pitch": -12.510732650756836,
        "roll": -2.3578758239746094
    }
}