{
    "video_name": "wt2023101102",
    "frame_id": 2701,
    "head_bbox": {
        "x0": 484,
        "y0": 120,
        "x1": 529,
        "y1": 175,
        "w": 45,
        "h": 55
    },
    "frame_size": {
        "h": 1080,
        "w": 1920
    },
    "head_pose_angle_6drepnet360": {
        "yaw": 10.931077003479004,
        "pitch": -2.938676118850708,
        "roll": -1.6053866147994995
    }
}