{
    "video_name": "wt2023101102",
    "frame_id": 27101,
    "head_bbox": {
        "x0": 507,
        "y0": 116,
        "x1": 550,
        "y1": 173,
        "w": 43,
        "h": 57
    },
    "frame_size": {
        "h": 1080,
        "w": 1920
    },
    "head_pose_angle_6drepnet360": {
        "yaw": -43.79636001586914,
        "pitch": -12.6537504196167,
        "roll": 2.9374876022338867
    }
}