{
    "video_name": "wt2023101102",
    "frame_id": 27201,
    "head_bbox": {
        "x0": 508,
        "y0": 115,
        "x1": 550,
        "y1": 167,
        "w": 42,
        "h": 52
    },
    "frame_size": {
        "h": 1080,
        "w": 1920
    },
    "head_pose_angle_6drepnet360": {
        "yaw": -15.585978507995605,
        "pitch": 2.526094436645508,
        "roll": -6.253166198730469
    }
}