{
    "video_name": "wt2023101102",
    "frame_id": 27301,
    "head_bbox": {
        "x0": 521,
        "y0": 114,
        "x1": 562,
        "y1": 166,
        "w": 41,
        "h": 52
    },
    "frame_size": {
        "h": 1080,
        "w": 1920
    },
    "head_pose_angle_6drepnet360": {
        "yaw": -15.458633422851562,
        "pitch": -2.7074944972991943,
        "roll": 2.2832486629486084
    }
}