{
    "video_name": "wt2023101102",
    "frame_id": 27401,
    "head_bbox": {
        "x0": 524,
        "y0": 113,
        "x1": 566,
        "y1": 167,
        "w": 42,
        "h": 54
    },
    "frame_size": {
        "h": 1080,
        "w": 1920
    },
    "head_pose_angle_6drepnet360": {
        "yaw": -18.881105422973633,
        "pitch": 1.6410821676254272,
        "roll": -2.9751617908477783
    }
}