{
    "video_name": "wt2023101102",
    "frame_id": 27501,
    "head_bbox": {
        "x0": 520,
        "y0": 114,
        "x1": 562,
        "y1": 167,
        "w": 42,
        "h": 53
    },
    "frame_size": {
        "h": 1080,
        "w": 1920
    },
    "head_pose_angle_6drepnet360": {
        "yaw": -20.843387603759766,
        "pitch": 4.791510105133057,
        "roll": 1.1190048456192017
    }
}