{
    "video_name": "wt2023101102",
    "frame_id": 27601,
    "head_bbox": {
        "x0": 521,
        "y0": 114,
        "x1": 564,
        "y1": 168,
        "w": 43,
        "h": 54
    },
    "frame_size": {
        "h": 1080,
        "w": 1920
    },
    "head_pose_angle_6drepnet360": {
        "yaw": -14.903448104858398,
        "pitch": -0.4295019209384918,
        "roll": 3.4491846561431885
    }
}