{
    "video_name": "wt2023101102",
    "frame_id": 27701,
    "head_bbox": {
        "x0": 518,
        "y0": 113,
        "x1": 561,
        "y1": 165,
        "w": 43,
        "h": 52
    },
    "frame_size": {
        "h": 1080,
        "w": 1920
    },
    "head_pose_angle_6drepnet360": {
        "yaw": -20.56867218017578,
        "pitch": 3.96331524848938,
        "roll": -4.6626763343811035
    }
}