{
    "video_name": "wt2023101102",
    "frame_id": 27801,
    "head_bbox": {
        "x0": 519,
        "y0": 113,
        "x1": 562,
        "y1": 168,
        "w": 43,
        "h": 55
    },
    "frame_size": {
        "h": 1080,
        "w": 1920
    },
    "head_pose_angle_6drepnet360": {
        "yaw": -15.96180534362793,
        "pitch": 1.226473093032837,
        "roll": -0.558346152305603
    }
}