{
    "video_name": "wt2023101102",
    "frame_id": 27901,
    "head_bbox": {
        "x0": 521,
        "y0": 116,
        "x1": 563,
        "y1": 172,
        "w": 42,
        "h": 56
    },
    "frame_size": {
        "h": 1080,
        "w": 1920
    },
    "head_pose_angle_6drepnet360": {
        "yaw": -14.248899459838867,
        "pitch": -3.582101583480835,
        "roll": 2.4318666458129883
    }
}