{
    "video_name": "wt2023101102",
    "frame_id": 28001,
    "head_bbox": {
        "x0": 518,
        "y0": 113,
        "x1": 562,
        "y1": 168,
        "w": 44,
        "h": 55
    },
    "frame_size": {
        "h": 1080,
        "w": 1920
    },
    "head_pose_angle_6drepnet360": {
        "yaw": -18.59620475769043,
        "pitch": -0.2865794599056244,
        "roll": -0.7950389385223389
    }
}