{
    "video_name": "wt2023101102",
    "frame_id": 2801,
    "head_bbox": {
        "x0": 484,
        "y0": 120,
        "x1": 528,
        "y1": 175,
        "w": 44,
        "h": 55
    },
    "frame_size": {
        "h": 1080,
        "w": 1920
    },
    "head_pose_angle_6drepnet360": {
        "yaw": 11.145809173583984,
        "pitch": -2.955540418624878,
        "roll": -0.7301530241966248
    }
}