{
    "video_name": "wt2023101102",
    "frame_id": 28101,
    "head_bbox": {
        "x0": 520,
        "y0": 115,
        "x1": 563,
        "y1": 169,
        "w": 43,
        "h": 54
    },
    "frame_size": {
        "h": 1080,
        "w": 1920
    },
    "head_pose_angle_6drepnet360": {
        "yaw": -16.1894474029541,
        "pitch": 1.290819764137268,
        "roll": -2.0044796466827393
    }
}