{
    "video_name": "wt2023101102",
    "frame_id": 28201,
    "head_bbox": {
        "x0": 515,
        "y0": 113,
        "x1": 559,
        "y1": 165,
        "w": 44,
        "h": 52
    },
    "frame_size": {
        "h": 1080,
        "w": 1920
    },
    "head_pose_angle_6drepnet360": {
        "yaw": -34.17919921875,
        "pitch": 10.097315788269043,
        "roll": -11.62205982208252
    }
}