{
    "video_name": "wt2023101102",
    "frame_id": 28301,
    "head_bbox": {
        "x0": 514,
        "y0": 113,
        "x1": 558,
        "y1": 165,
        "w": 44,
        "h": 52
    },
    "frame_size": {
        "h": 1080,
        "w": 1920
    },
    "head_pose_angle_6drepnet360": {
        "yaw": -33.25861358642578,
        "pitch": 8.056434631347656,
        "roll": -10.596221923828125
    }
}