{
    "video_name": "wt2023101102",
    "frame_id": 28401,
    "head_bbox": {
        "x0": 507,
        "y0": 132,
        "x1": 549,
        "y1": 191,
        "w": 42,
        "h": 59
    },
    "frame_size": {
        "h": 1080,
        "w": 1920
    },
    "head_pose_angle_6drepnet360": {
        "yaw": -7.118102073669434,
        "pitch": -34.95973205566406,
        "roll": -13.012585639953613
    }
}