{
    "video_name": "wt2023101102",
    "frame_id": 28501,
    "head_bbox": {
        "x0": 735,
        "y0": 112,
        "x1": 773,
        "y1": 162,
        "w": 38,
        "h": 50
    },
    "frame_size": {
        "h": 1080,
        "w": 1920
    },
    "head_pose_angle_6drepnet360": {
        "yaw": -34.82814025878906,
        "pitch": 173.69808959960938,
        "roll": 174.10951232910156
    }
}