{
    "video_name": "wt2023101102",
    "frame_id": 28601,
    "head_bbox": {
        "x0": 852,
        "y0": 116,
        "x1": 892,
        "y1": 165,
        "w": 40,
        "h": 49
    },
    "frame_size": {
        "h": 1080,
        "w": 1920
    },
    "head_pose_angle_6drepnet360": {
        "yaw": -81.30713653564453,
        "pitch": 153.60031127929688,
        "roll": -163.02316284179688
    }
}