{
    "video_name": "wt2023101102",
    "frame_id": 28701,
    "head_bbox": {
        "x0": 523,
        "y0": 132,
        "x1": 566,
        "y1": 191,
        "w": 43,
        "h": 59
    },
    "frame_size": {
        "h": 1080,
        "w": 1920
    },
    "head_pose_angle_6drepnet360": {
        "yaw": 8.780885696411133,
        "pitch": -32.34321975708008,
        "roll": -14.738418579101562
    }
}