{
    "video_name": "wt2023101102",
    "frame_id": 28801,
    "head_bbox": {
        "x0": 511,
        "y0": 119,
        "x1": 553,
        "y1": 179,
        "w": 42,
        "h": 60
    },
    "frame_size": {
        "h": 1080,
        "w": 1920
    },
    "head_pose_angle_6drepnet360": {
        "yaw": -2.9995548725128174,
        "pitch": -24.329660415649414,
        "roll": -8.41845417022705
    }
}