{
    "video_name": "wt2023101102",
    "frame_id": 28901,
    "head_bbox": {
        "x0": 507,
        "y0": 130,
        "x1": 549,
        "y1": 188,
        "w": 42,
        "h": 58
    },
    "frame_size": {
        "h": 1080,
        "w": 1920
    },
    "head_pose_angle_6drepnet360": {
        "yaw": 4.285335063934326,
        "pitch": -33.78791427612305,
        "roll": -10.197046279907227
    }
}