{
    "video_name": "wt2023101102",
    "frame_id": 29001,
    "head_bbox": {
        "x0": 625,
        "y0": 121,
        "x1": 669,
        "y1": 175,
        "w": 44,
        "h": 54
    },
    "frame_size": {
        "h": 1080,
        "w": 1920
    },
    "head_pose_angle_6drepnet360": {
        "yaw": -85.58346557617188,
        "pitch": -174.45297241210938,
        "roll": 156.68609619140625
    }
}