{
    "video_name": "wt2023101102",
    "frame_id": 29101,
    "head_bbox": {
        "x0": 754,
        "y0": 113,
        "x1": 792,
        "y1": 158,
        "w": 38,
        "h": 45
    },
    "frame_size": {
        "h": 1080,
        "w": 1920
    },
    "head_pose_angle_6drepnet360": {
        "yaw": 10.349101066589355,
        "pitch": 142.75619506835938,
        "roll": 175.9247589111328
    }
}