{
    "video_name": "wt2023101102",
    "frame_id": 29301,
    "head_bbox": {
        "x0": 543,
        "y0": 111,
        "x1": 591,
        "y1": 161,
        "w": 48,
        "h": 50
    },
    "frame_size": {
        "h": 1080,
        "w": 1920
    },
    "head_pose_angle": {
        "yaw": -76.32080841064453,
        "pitch": -12.117630004882812,
        "roll": 23.574981689453125
    }
}