{
    "video_name": "wt2023101102",
    "frame_id": 29401,
    "head_bbox": {
        "x0": 485,
        "y0": 113,
        "x1": 528,
        "y1": 168,
        "w": 43,
        "h": 55
    },
    "frame_size": {
        "h": 1080,
        "w": 1920
    },
    "head_pose_angle_6drepnet360": {
        "yaw": -23.910717010498047,
        "pitch": -0.703535258769989,
        "roll": -8.849745750427246
    }
}