{
    "video_name": "wt2023101102",
    "frame_id": 29501,
    "head_bbox": {
        "x0": 542,
        "y0": 113,
        "x1": 587,
        "y1": 167,
        "w": 45,
        "h": 54
    },
    "frame_size": {
        "h": 1080,
        "w": 1920
    },
    "head_pose_angle_6drepnet360": {
        "yaw": -40.81822967529297,
        "pitch": 1.0824769735336304,
        "roll": -5.72681999206543
    }
}