{
    "video_name": "wt2023101102",
    "frame_id": 29601,
    "head_bbox": {
        "x0": 541,
        "y0": 110,
        "x1": 583,
        "y1": 154,
        "w": 42,
        "h": 44
    },
    "frame_size": {
        "h": 1080,
        "w": 1920
    },
    "head_pose_angle_6drepnet360": {
        "yaw": -29.594030380249023,
        "pitch": 146.48953247070312,
        "roll": -178.58973693847656
    }
}