{
    "video_name": "wt2023101102",
    "frame_id": 29801,
    "head_bbox": {
        "x0": 553,
        "y0": 107,
        "x1": 597,
        "y1": 154,
        "w": 44,
        "h": 47
    },
    "frame_size": {
        "h": 1080,
        "w": 1920
    },
    "head_pose_angle_6drepnet360": {
        "yaw": -46.28212356567383,
        "pitch": 146.14085388183594,
        "roll": -164.8742218017578
    }
}