{
    "video_name": "wt2023101102",
    "frame_id": 29901,
    "head_bbox": {
        "x0": 493,
        "y0": 114,
        "x1": 536,
        "y1": 172,
        "w": 43,
        "h": 58
    },
    "frame_size": {
        "h": 1080,
        "w": 1920
    },
    "head_pose_angle_6drepnet360": {
        "yaw": 15.278783798217773,
        "pitch": -18.53003692626953,
        "roll": -11.524357795715332
    }
}