{
    "video_name": "wt2023101102",
    "frame_id": 30001,
    "head_bbox": {
        "x0": 600,
        "y0": 117,
        "x1": 643,
        "y1": 172,
        "w": 43,
        "h": 55
    },
    "frame_size": {
        "h": 1080,
        "w": 1920
    },
    "head_pose_angle_6drepnet360": {
        "yaw": -31.510238647460938,
        "pitch": -2.0993294715881348,
        "roll": -0.9738194346427917
    }
}