{
    "video_name": "wt2023101102",
    "frame_id": 3001,
    "head_bbox": {
        "x0": 484,
        "y0": 120,
        "x1": 528,
        "y1": 174,
        "w": 44,
        "h": 54
    },
    "frame_size": {
        "h": 1080,
        "w": 1920
    },
    "head_pose_angle_6drepnet360": {
        "yaw": 10.844489097595215,
        "pitch": -3.6713483333587646,
        "roll": 0.24095703661441803
    }
}