{
    "video_name": "wt2023101102",
    "frame_id": 30101,
    "head_bbox": {
        "x0": 599,
        "y0": 119,
        "x1": 649,
        "y1": 171,
        "w": 50,
        "h": 52
    },
    "frame_size": {
        "h": 1080,
        "w": 1920
    },
    "head_pose_angle_6drepnet360": {
        "yaw": -79.6107406616211,
        "pitch": 97.51921844482422,
        "roll": -111.9844970703125
    }
}