{
    "video_name": "wt2023101102",
    "frame_id": 30301,
    "head_bbox": {
        "x0": 705,
        "y0": 116,
        "x1": 747,
        "y1": 168,
        "w": 42,
        "h": 52
    },
    "frame_size": {
        "h": 1080,
        "w": 1920
    },
    "head_pose_angle_6drepnet360": {
        "yaw": -74.31694793701172,
        "pitch": 179.12161254882812,
        "roll": 166.07371520996094
    }
}