{
    "video_name": "wt2023101102",
    "frame_id": 30501,
    "head_bbox": {
        "x0": 802,
        "y0": 119,
        "x1": 842,
        "y1": 169,
        "w": 40,
        "h": 50
    },
    "frame_size": {
        "h": 1080,
        "w": 1920
    },
    "head_pose_angle_6drepnet360": {
        "yaw": -57.69987106323242,
        "pitch": -145.1460723876953,
        "roll": 130.5091552734375
    }
}