{
    "video_name": "wt2023101102",
    "frame_id": 30601,
    "head_bbox": {
        "x0": 592,
        "y0": 119,
        "x1": 632,
        "y1": 176,
        "w": 40,
        "h": 57
    },
    "frame_size": {
        "h": 1080,
        "w": 1920
    },
    "head_pose_angle_6drepnet360": {
        "yaw": 4.475281715393066,
        "pitch": -19.603334426879883,
        "roll": -0.5862951278686523
    }
}