{
    "video_name": "wt2023101102",
    "frame_id": 30701,
    "head_bbox": {
        "x0": 517,
        "y0": 137,
        "x1": 556,
        "y1": 191,
        "w": 39,
        "h": 54
    },
    "frame_size": {
        "h": 1080,
        "w": 1920
    },
    "head_pose_angle_6drepnet360": {
        "yaw": -28.25454330444336,
        "pitch": 162.79945373535156,
        "roll": -169.97109985351562
    }
}