{
    "video_name": "wt2023101102",
    "frame_id": 30801,
    "head_bbox": {
        "x0": 903,
        "y0": 120,
        "x1": 945,
        "y1": 168,
        "w": 42,
        "h": 48
    },
    "frame_size": {
        "h": 1080,
        "w": 1920
    },
    "head_pose_angle_6drepnet360": {
        "yaw": -46.851070404052734,
        "pitch": 160.3179473876953,
        "roll": -171.86729431152344
    }
}