{
    "video_name": "wt2023101102",
    "frame_id": 30901,
    "head_bbox": {
        "x0": 1089,
        "y0": 127,
        "x1": 1130,
        "y1": 173,
        "w": 41,
        "h": 46
    },
    "frame_size": {
        "h": 1080,
        "w": 1920
    },
    "head_pose_angle_6drepnet360": {
        "yaw": 26.91277313232422,
        "pitch": 156.505126953125,
        "roll": -175.14532470703125
    }
}