{
    "video_name": "wt2023101102",
    "frame_id": 31001,
    "head_bbox": {
        "x0": 1088,
        "y0": 128,
        "x1": 1127,
        "y1": 178,
        "w": 39,
        "h": 50
    },
    "frame_size": {
        "h": 1080,
        "w": 1920
    },
    "head_pose_angle_6drepnet360": {
        "yaw": 39.0982780456543,
        "pitch": -169.3662109375,
        "roll": -156.18353271484375
    }
}