{
    "video_name": "wt2023101102",
    "frame_id": 3101,
    "head_bbox": {
        "x0": 502,
        "y0": 117,
        "x1": 544,
        "y1": 173,
        "w": 42,
        "h": 56
    },
    "frame_size": {
        "h": 1080,
        "w": 1920
    },
    "head_pose_angle_6drepnet360": {
        "yaw": 15.475656509399414,
        "pitch": -7.146081924438477,
        "roll": -2.772198438644409
    }
}