{
    "video_name": "wt2023101102",
    "frame_id": 31101,
    "head_bbox": {
        "x0": 1072,
        "y0": 137,
        "x1": 1116,
        "y1": 184,
        "w": 44,
        "h": 47
    },
    "frame_size": {
        "h": 1080,
        "w": 1920
    },
    "head_pose_angle_6drepnet360": {
        "yaw": 35.916019439697266,
        "pitch": -166.068115234375,
        "roll": -143.83860778808594
    }
}