{
    "video_name": "wt2023101102",
    "frame_id": 31201,
    "head_bbox": {
        "x0": 1073,
        "y0": 129,
        "x1": 1113,
        "y1": 178,
        "w": 40,
        "h": 49
    },
    "frame_size": {
        "h": 1080,
        "w": 1920
    },
    "head_pose_angle_6drepnet360": {
        "yaw": 31.808732986450195,
        "pitch": 170.5478057861328,
        "roll": -164.08349609375
    }
}