{
    "video_name": "wt2023101102",
    "frame_id": 31301,
    "head_bbox": {
        "x0": 1084,
        "y0": 130,
        "x1": 1125,
        "y1": 180,
        "w": 41,
        "h": 50
    },
    "frame_size": {
        "h": 1080,
        "w": 1920
    },
    "head_pose_angle_6drepnet360": {
        "yaw": 83.65833282470703,
        "pitch": -90.52604675292969,
        "roll": -80.63526916503906
    }
}