{
    "video_name": "wt2023101102",
    "frame_id": 31401,
    "head_bbox": {
        "x0": 966,
        "y0": 127,
        "x1": 1004,
        "y1": 168,
        "w": 38,
        "h": 41
    },
    "frame_size": {
        "h": 1080,
        "w": 1920
    },
    "head_pose_angle_6drepnet360": {
        "yaw": 45.56427001953125,
        "pitch": 156.16636657714844,
        "roll": 169.9564971923828
    }
}