{
    "video_name": "wt2023101102",
    "frame_id": 31501,
    "head_bbox": {
        "x0": 1075,
        "y0": 121,
        "x1": 1118,
        "y1": 171,
        "w": 43,
        "h": 50
    },
    "frame_size": {
        "h": 1080,
        "w": 1920
    },
    "head_pose_angle_6drepnet360": {
        "yaw": 77.00809478759766,
        "pitch": 33.27280807495117,
        "roll": 43.69475173950195
    }
}