{
    "video_name": "wt2023101102",
    "frame_id": 31601,
    "head_bbox": {
        "x0": 1059,
        "y0": 125,
        "x1": 1102,
        "y1": 172,
        "w": 43,
        "h": 47
    },
    "frame_size": {
        "h": 1080,
        "w": 1920
    },
    "head_pose_angle_6drepnet360": {
        "yaw": 30.02066993713379,
        "pitch": 156.05783081054688,
        "roll": -179.34442138671875
    }
}