{
    "video_name": "wt2023101102",
    "frame_id": 31701,
    "head_bbox": {
        "x0": 1090,
        "y0": 126,
        "x1": 1131,
        "y1": 176,
        "w": 41,
        "h": 50
    },
    "frame_size": {
        "h": 1080,
        "w": 1920
    },
    "head_pose_angle_6drepnet360": {
        "yaw": 74.16720581054688,
        "pitch": 155.07427978515625,
        "roll": 168.21543884277344
    }
}