{
    "video_name": "wt2023101102",
    "frame_id": 31801,
    "head_bbox": {
        "x0": 1084,
        "y0": 129,
        "x1": 1124,
        "y1": 175,
        "w": 40,
        "h": 46
    },
    "frame_size": {
        "h": 1080,
        "w": 1920
    },
    "head_pose_angle_6drepnet360": {
        "yaw": 42.33015823364258,
        "pitch": 159.46510314941406,
        "roll": -173.87826538085938
    }
}