{
    "video_name": "wt2023101102",
    "frame_id": 31901,
    "head_bbox": {
        "x0": 1072,
        "y0": 127,
        "x1": 1112,
        "y1": 173,
        "w": 40,
        "h": 46
    },
    "frame_size": {
        "h": 1080,
        "w": 1920
    },
    "head_pose_angle_6drepnet360": {
        "yaw": 37.55181121826172,
        "pitch": 161.7913360595703,
        "roll": -171.01039123535156
    }
}