{
    "video_name": "wt2023101102",
    "frame_id": 32001,
    "head_bbox": {
        "x0": 1037,
        "y0": 124,
        "x1": 1080,
        "y1": 173,
        "w": 43,
        "h": 49
    },
    "frame_size": {
        "h": 1080,
        "w": 1920
    },
    "head_pose_angle_6drepnet360": {
        "yaw": 75.47686004638672,
        "pitch": 164.13548278808594,
        "roll": 170.31753540039062
    }
}