{
    "video_name": "wt2023101102",
    "frame_id": 3201,
    "head_bbox": {
        "x0": 478,
        "y0": 124,
        "x1": 523,
        "y1": 179,
        "w": 45,
        "h": 55
    },
    "frame_size": {
        "h": 1080,
        "w": 1920
    },
    "head_pose_angle_6drepnet360": {
        "yaw": 11.0062894821167,
        "pitch": -10.377588272094727,
        "roll": -6.300156593322754
    }
}