{
    "video_name": "wt2023101102",
    "frame_id": 32101,
    "head_bbox": {
        "x0": 568,
        "y0": 127,
        "x1": 612,
        "y1": 183,
        "w": 44,
        "h": 56
    },
    "frame_size": {
        "h": 1080,
        "w": 1920
    },
    "head_pose_angle_6drepnet360": {
        "yaw": 37.62543869018555,
        "pitch": -43.248111724853516,
        "roll": -10.124028205871582
    }
}