{
    "video_name": "wt2023101102",
    "frame_id": 32201,
    "head_bbox": {
        "x0": 486,
        "y0": 140,
        "x1": 530,
        "y1": 193,
        "w": 44,
        "h": 53
    },
    "frame_size": {
        "h": 1080,
        "w": 1920
    },
    "head_pose_angle_6drepnet360": {
        "yaw": -2.7226810455322266,
        "pitch": -40.396392822265625,
        "roll": -8.966691017150879
    }
}