{
    "video_name": "wt2023101102",
    "frame_id": 32301,
    "head_bbox": {
        "x0": 684,
        "y0": 116,
        "x1": 728,
        "y1": 165,
        "w": 44,
        "h": 49
    },
    "frame_size": {
        "h": 1080,
        "w": 1920
    },
    "head_pose_angle_6drepnet360": {
        "yaw": -42.59848403930664,
        "pitch": 155.30340576171875,
        "roll": -173.3670654296875
    }
}