{
    "video_name": "wt2023101102",
    "frame_id": 32401,
    "head_bbox": {
        "x0": 790,
        "y0": 117,
        "x1": 832,
        "y1": 164,
        "w": 42,
        "h": 47
    },
    "frame_size": {
        "h": 1080,
        "w": 1920
    },
    "head_pose_angle_6drepnet360": {
        "yaw": -66.80017852783203,
        "pitch": 155.24746704101562,
        "roll": -174.07872009277344
    }
}