{
    "video_name": "wt2023101102",
    "frame_id": 32601,
    "head_bbox": {
        "x0": 1013,
        "y0": 128,
        "x1": 1055,
        "y1": 181,
        "w": 42,
        "h": 53
    },
    "frame_size": {
        "h": 1080,
        "w": 1920
    },
    "head_pose_angle_6drepnet360": {
        "yaw": 60.31563949584961,
        "pitch": -147.05258178710938,
        "roll": -135.69424438476562
    }
}