{
    "video_name": "wt2023101102",
    "frame_id": 32701,
    "head_bbox": {
        "x0": 559,
        "y0": 124,
        "x1": 601,
        "y1": 183,
        "w": 42,
        "h": 59
    },
    "frame_size": {
        "h": 1080,
        "w": 1920
    },
    "head_pose_angle_6drepnet360": {
        "yaw": 20.828052520751953,
        "pitch": -27.99665069580078,
        "roll": -1.402956485748291
    }
}