{
    "video_name": "wt2023101102",
    "frame_id": 32801,
    "head_bbox": {
        "x0": 499,
        "y0": 142,
        "x1": 543,
        "y1": 198,
        "w": 44,
        "h": 56
    },
    "frame_size": {
        "h": 1080,
        "w": 1920
    },
    "head_pose_angle_6drepnet360": {
        "yaw": 5.951949119567871,
        "pitch": -42.10417556762695,
        "roll": -6.816223621368408
    }
}