{
    "video_name": "wt2023101102",
    "frame_id": 32901,
    "head_bbox": {
        "x0": 496,
        "y0": 132,
        "x1": 539,
        "y1": 192,
        "w": 43,
        "h": 60
    },
    "frame_size": {
        "h": 1080,
        "w": 1920
    },
    "head_pose_angle_6drepnet360": {
        "yaw": 5.395129680633545,
        "pitch": -41.446533203125,
        "roll": -15.539875030517578
    }
}