{
    "video_name": "wt2023101102",
    "frame_id": 33001,
    "head_bbox": {
        "x0": 496,
        "y0": 136,
        "x1": 540,
        "y1": 196,
        "w": 44,
        "h": 60
    },
    "frame_size": {
        "h": 1080,
        "w": 1920
    },
    "head_pose_angle_6drepnet360": {
        "yaw": 7.003543853759766,
        "pitch": -38.06584930419922,
        "roll": -13.360877990722656
    }
}