{
    "video_name": "wt2023101102",
    "frame_id": 3301,
    "head_bbox": {
        "x0": 422,
        "y0": 110,
        "x1": 466,
        "y1": 156,
        "w": 44,
        "h": 46
    },
    "frame_size": {
        "h": 1080,
        "w": 1920
    },
    "head_pose_angle_6drepnet360": {
        "yaw": -32.86274719238281,
        "pitch": 157.88356018066406,
        "roll": -171.20741271972656
    }
}