{
    "video_name": "wt2023101102",
    "frame_id": 33101,
    "head_bbox": {
        "x0": 504,
        "y0": 131,
        "x1": 547,
        "y1": 192,
        "w": 43,
        "h": 61
    },
    "frame_size": {
        "h": 1080,
        "w": 1920
    },
    "head_pose_angle_6drepnet360": {
        "yaw": -1.1878726482391357,
        "pitch": -25.383020401000977,
        "roll": -13.26192569732666
    }
}