{
    "video_name": "wt2023101102",
    "frame_id": 33201,
    "head_bbox": {
        "x0": 604,
        "y0": 122,
        "x1": 653,
        "y1": 171,
        "w": 49,
        "h": 49
    },
    "frame_size": {
        "h": 1080,
        "w": 1920
    },
    "head_pose_angle_6drepnet360": {
        "yaw": -63.07020950317383,
        "pitch": 124.22342681884766,
        "roll": -142.73507690429688
    }
}