{
    "video_name": "wt2023101102",
    "frame_id": 33301,
    "head_bbox": {
        "x0": 591,
        "y0": 120,
        "x1": 642,
        "y1": 167,
        "w": 51,
        "h": 47
    },
    "frame_size": {
        "h": 1080,
        "w": 1920
    },
    "head_pose_angle_6drepnet360": {
        "yaw": -62.559669494628906,
        "pitch": 125.263427734375,
        "roll": -136.9563751220703
    }
}