{
    "video_name": "wt2023101102",
    "frame_id": 33401,
    "head_bbox": {
        "x0": 602,
        "y0": 121,
        "x1": 650,
        "y1": 173,
        "w": 48,
        "h": 52
    },
    "frame_size": {
        "h": 1080,
        "w": 1920
    },
    "head_pose_angle_6drepnet360": {
        "yaw": -68.15220642089844,
        "pitch": 136.1068115234375,
        "roll": -150.73463439941406
    }
}