{
    "video_name": "wt2023101102",
    "frame_id": 33501,
    "head_bbox": {
        "x0": 600,
        "y0": 119,
        "x1": 649,
        "y1": 171,
        "w": 49,
        "h": 52
    },
    "frame_size": {
        "h": 1080,
        "w": 1920
    },
    "head_pose_angle_6drepnet360": {
        "yaw": -74.9614486694336,
        "pitch": 36.299739837646484,
        "roll": -43.24480056762695
    }
}