{
    "video_name": "wt2023101102",
    "frame_id": 33601,
    "head_bbox": {
        "x0": 594,
        "y0": 118,
        "x1": 643,
        "y1": 169,
        "w": 49,
        "h": 51
    },
    "frame_size": {
        "h": 1080,
        "w": 1920
    },
    "head_pose_angle_6drepnet360": {
        "yaw": -71.5285873413086,
        "pitch": 58.661949157714844,
        "roll": -63.837581634521484
    }
}