{
    "video_name": "wt2023101102",
    "frame_id": 33701,
    "head_bbox": {
        "x0": 594,
        "y0": 120,
        "x1": 643,
        "y1": 169,
        "w": 49,
        "h": 49
    },
    "frame_size": {
        "h": 1080,
        "w": 1920
    },
    "head_pose_angle_6drepnet360": {
        "yaw": -55.437232971191406,
        "pitch": 131.1463165283203,
        "roll": -152.29019165039062
    }
}