{
    "video_name": "wt2023101102",
    "frame_id": 33801,
    "head_bbox": {
        "x0": 719,
        "y0": 117,
        "x1": 761,
        "y1": 168,
        "w": 42,
        "h": 51
    },
    "frame_size": {
        "h": 1080,
        "w": 1920
    },
    "head_pose_angle_6drepnet360": {
        "yaw": -72.53423309326172,
        "pitch": 161.83175659179688,
        "roll": -178.03759765625
    }
}