{
    "video_name": "wt2023101102",
    "frame_id": 33901,
    "head_bbox": {
        "x0": 1057,
        "y0": 121,
        "x1": 1094,
        "y1": 171,
        "w": 37,
        "h": 50
    },
    "frame_size": {
        "h": 1080,
        "w": 1920
    },
    "head_pose_angle_6drepnet360": {
        "yaw": 37.24265670776367,
        "pitch": -176.37417602539062,
        "roll": -171.24839782714844
    }
}