{
    "video_name": "wt2023101102",
    "frame_id": 34001,
    "head_bbox": {
        "x0": 1023,
        "y0": 120,
        "x1": 1060,
        "y1": 168,
        "w": 37,
        "h": 48
    },
    "frame_size": {
        "h": 1080,
        "w": 1920
    },
    "head_pose_angle_6drepnet360": {
        "yaw": 12.025633811950684,
        "pitch": 166.26515197753906,
        "roll": 173.0400390625
    }
}