{
    "video_name": "wt2023101102",
    "frame_id": 3401,
    "head_bbox": {
        "x0": 402,
        "y0": 109,
        "x1": 446,
        "y1": 155,
        "w": 44,
        "h": 46
    },
    "frame_size": {
        "h": 1080,
        "w": 1920
    },
    "head_pose_angle_6drepnet360": {
        "yaw": -37.83905029296875,
        "pitch": 156.3746337890625,
        "roll": -171.8297882080078
    }
}