{
    "video_name": "wt2023101102",
    "frame_id": 34101,
    "head_bbox": {
        "x0": 757,
        "y0": 113,
        "x1": 795,
        "y1": 160,
        "w": 38,
        "h": 47
    },
    "frame_size": {
        "h": 1080,
        "w": 1920
    },
    "head_pose_angle_6drepnet360": {
        "yaw": -25.285686492919922,
        "pitch": 159.87445068359375,
        "roll": 173.69517517089844
    }
}