{
    "video_name": "wt2023101102",
    "frame_id": 34201,
    "head_bbox": {
        "x0": 724,
        "y0": 116,
        "x1": 766,
        "y1": 164,
        "w": 42,
        "h": 48
    },
    "frame_size": {
        "h": 1080,
        "w": 1920
    },
    "head_pose_angle_6drepnet360": {
        "yaw": -55.989471435546875,
        "pitch": 146.7069091796875,
        "roll": -164.78073120117188
    }
}