{
    "video_name": "wt2023101102",
    "frame_id": 34301,
    "head_bbox": {
        "x0": 716,
        "y0": 120,
        "x1": 759,
        "y1": 168,
        "w": 43,
        "h": 48
    },
    "frame_size": {
        "h": 1080,
        "w": 1920
    },
    "head_pose_angle_6drepnet360": {
        "yaw": -48.58617401123047,
        "pitch": 144.98953247070312,
        "roll": -171.38172912597656
    }
}