{
    "video_name": "wt2023101102",
    "frame_id": 34401,
    "head_bbox": {
        "x0": 739,
        "y0": 119,
        "x1": 780,
        "y1": 171,
        "w": 41,
        "h": 52
    },
    "frame_size": {
        "h": 1080,
        "w": 1920
    },
    "head_pose_angle_6drepnet360": {
        "yaw": -46.67550277709961,
        "pitch": -172.70822143554688,
        "roll": 158.5760498046875
    }
}