{
    "video_name": "wt2023101102",
    "frame_id": 34501,
    "head_bbox": {
        "x0": 735,
        "y0": 117,
        "x1": 778,
        "y1": 164,
        "w": 43,
        "h": 47
    },
    "frame_size": {
        "h": 1080,
        "w": 1920
    },
    "head_pose_angle_6drepnet360": {
        "yaw": -53.3585090637207,
        "pitch": 142.04539489746094,
        "roll": -172.09548950195312
    }
}