{
    "video_name": "wt2023101102",
    "frame_id": 34601,
    "head_bbox": {
        "x0": 711,
        "y0": 120,
        "x1": 759,
        "y1": 165,
        "w": 48,
        "h": 45
    },
    "frame_size": {
        "h": 1080,
        "w": 1920
    },
    "head_pose_angle_6drepnet360": {
        "yaw": -56.94514846801758,
        "pitch": 132.97662353515625,
        "roll": -153.26495361328125
    }
}