{
    "video_name": "wt2023101102",
    "frame_id": 34701,
    "head_bbox": {
        "x0": 740,
        "y0": 117,
        "x1": 784,
        "y1": 167,
        "w": 44,
        "h": 50
    },
    "frame_size": {
        "h": 1080,
        "w": 1920
    },
    "head_pose_angle_6drepnet360": {
        "yaw": -40.199554443359375,
        "pitch": 150.30287170410156,
        "roll": 176.76455688476562
    }
}