{
    "video_name": "wt2023101102",
    "frame_id": 34801,
    "head_bbox": {
        "x0": 700,
        "y0": 116,
        "x1": 744,
        "y1": 165,
        "w": 44,
        "h": 49
    },
    "frame_size": {
        "h": 1080,
        "w": 1920
    },
    "head_pose_angle_6drepnet360": {
        "yaw": -52.52735137939453,
        "pitch": 145.02520751953125,
        "roll": -163.99346923828125
    }
}