{
    "video_name": "wt2023101102",
    "frame_id": 34901,
    "head_bbox": {
        "x0": 709,
        "y0": 120,
        "x1": 751,
        "y1": 165,
        "w": 42,
        "h": 45
    },
    "frame_size": {
        "h": 1080,
        "w": 1920
    },
    "head_pose_angle_6drepnet360": {
        "yaw": -42.39951705932617,
        "pitch": 156.1435546875,
        "roll": 175.3175811767578
    }
}