{
    "video_name": "wt2023101102",
    "frame_id": 35001,
    "head_bbox": {
        "x0": 707,
        "y0": 120,
        "x1": 753,
        "y1": 166,
        "w": 46,
        "h": 46
    },
    "frame_size": {
        "h": 1080,
        "w": 1920
    },
    "head_pose_angle_6drepnet360": {
        "yaw": -53.077632904052734,
        "pitch": 135.995361328125,
        "roll": -150.09767150878906
    }
}