{
    "video_name": "wt2023101102",
    "frame_id": 3501,
    "head_bbox": {
        "x0": 501,
        "y0": 126,
        "x1": 542,
        "y1": 185,
        "w": 41,
        "h": 59
    },
    "frame_size": {
        "h": 1080,
        "w": 1920
    },
    "head_pose_angle_6drepnet360": {
        "yaw": 10.610029220581055,
        "pitch": -33.65935134887695,
        "roll": -7.778118133544922
    }
}