{
    "video_name": "wt2023101102",
    "frame_id": 35101,
    "head_bbox": {
        "x0": 718,
        "y0": 123,
        "x1": 760,
        "y1": 169,
        "w": 42,
        "h": 46
    },
    "frame_size": {
        "h": 1080,
        "w": 1920
    },
    "head_pose_angle_6drepnet360": {
        "yaw": -51.53084945678711,
        "pitch": 146.5550537109375,
        "roll": -171.95542907714844
    }
}