{
    "video_name": "wt2023101102",
    "frame_id": 35201,
    "head_bbox": {
        "x0": 713,
        "y0": 121,
        "x1": 758,
        "y1": 170,
        "w": 45,
        "h": 49
    },
    "frame_size": {
        "h": 1080,
        "w": 1920
    },
    "head_pose_angle_6drepnet360": {
        "yaw": -51.20414352416992,
        "pitch": 149.77540588378906,
        "roll": -170.91668701171875
    }
}