{
    "video_name": "wt2023101102",
    "frame_id": 35301,
    "head_bbox": {
        "x0": 717,
        "y0": 122,
        "x1": 758,
        "y1": 169,
        "w": 41,
        "h": 47
    },
    "frame_size": {
        "h": 1080,
        "w": 1920
    },
    "head_pose_angle_6drepnet360": {
        "yaw": -47.90362548828125,
        "pitch": 147.2675323486328,
        "roll": -176.5311279296875
    }
}