{
    "video_name": "wt2023101102",
    "frame_id": 35401,
    "head_bbox": {
        "x0": 716,
        "y0": 121,
        "x1": 758,
        "y1": 169,
        "w": 42,
        "h": 48
    },
    "frame_size": {
        "h": 1080,
        "w": 1920
    },
    "head_pose_angle_6drepnet360": {
        "yaw": -55.618350982666016,
        "pitch": 3.6633615493774414,
        "roll": -17.796424865722656
    }
}