{
    "video_name": "wt2023101102",
    "frame_id": 35501,
    "head_bbox": {
        "x0": 714,
        "y0": 123,
        "x1": 760,
        "y1": 171,
        "w": 46,
        "h": 48
    },
    "frame_size": {
        "h": 1080,
        "w": 1920
    },
    "head_pose_angle_6drepnet360": {
        "yaw": -53.581844329833984,
        "pitch": 146.7407989501953,
        "roll": -173.505615234375
    }
}