{
    "video_name": "wt2023101102",
    "frame_id": 35601,
    "head_bbox": {
        "x0": 724,
        "y0": 124,
        "x1": 767,
        "y1": 172,
        "w": 43,
        "h": 48
    },
    "frame_size": {
        "h": 1080,
        "w": 1920
    },
    "head_pose_angle_6drepnet360": {
        "yaw": -68.46359252929688,
        "pitch": 146.98439025878906,
        "roll": -173.5242462158203
    }
}