{
    "video_name": "wt2023101102",
    "frame_id": 35701,
    "head_bbox": {
        "x0": 718,
        "y0": 121,
        "x1": 764,
        "y1": 170,
        "w": 46,
        "h": 49
    },
    "frame_size": {
        "h": 1080,
        "w": 1920
    },
    "head_pose_angle_6drepnet360": {
        "yaw": -65.82290649414062,
        "pitch": 128.9315948486328,
        "roll": -144.0983428955078
    }
}