{
    "video_name": "wt2023101102",
    "frame_id": 35801,
    "head_bbox": {
        "x0": 716,
        "y0": 118,
        "x1": 758,
        "y1": 166,
        "w": 42,
        "h": 48
    },
    "frame_size": {
        "h": 1080,
        "w": 1920
    },
    "head_pose_angle_6drepnet360": {
        "yaw": -56.41447830200195,
        "pitch": 149.63052368164062,
        "roll": -172.91140747070312
    }
}