{
    "video_name": "wt2023101102",
    "frame_id": 35901,
    "head_bbox": {
        "x0": 704,
        "y0": 123,
        "x1": 744,
        "y1": 180,
        "w": 40,
        "h": 57
    },
    "frame_size": {
        "h": 1080,
        "w": 1920
    },
    "head_pose_angle_6drepnet360": {
        "yaw": -15.389822959899902,
        "pitch": -27.026660919189453,
        "roll": 6.060355186462402
    }
}