{
    "video_name": "wt2023101102",
    "frame_id": 36001,
    "head_bbox": {
        "x0": 496,
        "y0": 137,
        "x1": 539,
        "y1": 192,
        "w": 43,
        "h": 55
    },
    "frame_size": {
        "h": 1080,
        "w": 1920
    },
    "head_pose_angle_6drepnet360": {
        "yaw": -1.0634829998016357,
        "pitch": -41.735897064208984,
        "roll": -7.1156439781188965
    }
}