{
    "video_name": "wt2023101102",
    "frame_id": 3601,
    "head_bbox": {
        "x0": 470,
        "y0": 136,
        "x1": 515,
        "y1": 192,
        "w": 45,
        "h": 56
    },
    "frame_size": {
        "h": 1080,
        "w": 1920
    },
    "head_pose_angle_6drepnet360": {
        "yaw": 1.5559108257293701,
        "pitch": -41.399688720703125,
        "roll": -16.566936492919922
    }
}