{
    "video_name": "wt2023101102",
    "frame_id": 36101,
    "head_bbox": {
        "x0": 499,
        "y0": 134,
        "x1": 542,
        "y1": 194,
        "w": 43,
        "h": 60
    },
    "frame_size": {
        "h": 1080,
        "w": 1920
    },
    "head_pose_angle_6drepnet360": {
        "yaw": 4.8664140701293945,
        "pitch": -27.029996871948242,
        "roll": -11.737513542175293
    }
}