{
    "video_name": "wt2023101102",
    "frame_id": 36201,
    "head_bbox": {
        "x0": 502,
        "y0": 120,
        "x1": 546,
        "y1": 178,
        "w": 44,
        "h": 58
    },
    "frame_size": {
        "h": 1080,
        "w": 1920
    },
    "head_pose_angle_6drepnet360": {
        "yaw": -12.186963081359863,
        "pitch": -4.055374622344971,
        "roll": -14.211165428161621
    }
}