{
    "video_name": "wt2023101102",
    "frame_id": 36301,
    "head_bbox": {
        "x0": 498,
        "y0": 122,
        "x1": 541,
        "y1": 179,
        "w": 43,
        "h": 57
    },
    "frame_size": {
        "h": 1080,
        "w": 1920
    },
    "head_pose_angle_6drepnet360": {
        "yaw": -9.369037628173828,
        "pitch": -10.469470977783203,
        "roll": -15.799886703491211
    }
}