{
    "video_name": "wt2023101102",
    "frame_id": 36401,
    "head_bbox": {
        "x0": 499,
        "y0": 118,
        "x1": 544,
        "y1": 175,
        "w": 45,
        "h": 57
    },
    "frame_size": {
        "h": 1080,
        "w": 1920
    },
    "head_pose_angle_6drepnet360": {
        "yaw": -11.476151466369629,
        "pitch": -5.061253070831299,
        "roll": -15.381143569946289
    }
}