{
    "video_name": "wt2023101102",
    "frame_id": 36501,
    "head_bbox": {
        "x0": 495,
        "y0": 118,
        "x1": 539,
        "y1": 176,
        "w": 44,
        "h": 58
    },
    "frame_size": {
        "h": 1080,
        "w": 1920
    },
    "head_pose_angle_6drepnet360": {
        "yaw": -5.165800094604492,
        "pitch": -7.210027694702148,
        "roll": -15.704827308654785
    }
}