{
    "video_name": "wt2023101102",
    "frame_id": 36601,
    "head_bbox": {
        "x0": 499,
        "y0": 119,
        "x1": 544,
        "y1": 176,
        "w": 45,
        "h": 57
    },
    "frame_size": {
        "h": 1080,
        "w": 1920
    },
    "head_pose_angle_6drepnet360": {
        "yaw": -15.488122940063477,
        "pitch": -4.038620471954346,
        "roll": -15.845778465270996
    }
}