{
    "video_name": "wt2023101102",
    "frame_id": 36701,
    "head_bbox": {
        "x0": 498,
        "y0": 120,
        "x1": 542,
        "y1": 175,
        "w": 44,
        "h": 55
    },
    "frame_size": {
        "h": 1080,
        "w": 1920
    },
    "head_pose_angle_6drepnet360": {
        "yaw": -10.95494270324707,
        "pitch": -5.9033589363098145,
        "roll": -15.029261589050293
    }
}