{
    "video_name": "wt2023101102",
    "frame_id": 36801,
    "head_bbox": {
        "x0": 500,
        "y0": 132,
        "x1": 543,
        "y1": 191,
        "w": 43,
        "h": 59
    },
    "frame_size": {
        "h": 1080,
        "w": 1920
    },
    "head_pose_angle_6drepnet360": {
        "yaw": 1.8331938982009888,
        "pitch": -41.34756088256836,
        "roll": -13.079667091369629
    }
}