{
    "video_name": "wt2023101102",
    "frame_id": 36901,
    "head_bbox": {
        "x0": 502,
        "y0": 139,
        "x1": 545,
        "y1": 198,
        "w": 43,
        "h": 59
    },
    "frame_size": {
        "h": 1080,
        "w": 1920
    },
    "head_pose_angle_6drepnet360": {
        "yaw": 2.8470776081085205,
        "pitch": -35.983821868896484,
        "roll": -13.87195110321045
    }
}