{
    "video_name": "wt2023101102",
    "frame_id": 37001,
    "head_bbox": {
        "x0": 617,
        "y0": 119,
        "x1": 665,
        "y1": 169,
        "w": 48,
        "h": 50
    },
    "frame_size": {
        "h": 1080,
        "w": 1920
    },
    "head_pose_angle_6drepnet360": {
        "yaw": -66.49732208251953,
        "pitch": 130.2691650390625,
        "roll": -144.5415802001953
    }
}