{
    "video_name": "wt2023101102",
    "frame_id": 3701,
    "head_bbox": {
        "x0": 472,
        "y0": 133,
        "x1": 515,
        "y1": 192,
        "w": 43,
        "h": 59
    },
    "frame_size": {
        "h": 1080,
        "w": 1920
    },
    "head_pose_angle_6drepnet360": {
        "yaw": 7.482329368591309,
        "pitch": -32.19468688964844,
        "roll": -11.989734649658203
    }
}