{
    "video_name": "wt2023101102",
    "frame_id": 37101,
    "head_bbox": {
        "x0": 788,
        "y0": 120,
        "x1": 829,
        "y1": 169,
        "w": 41,
        "h": 49
    },
    "frame_size": {
        "h": 1080,
        "w": 1920
    },
    "head_pose_angle_6drepnet360": {
        "yaw": -45.159271240234375,
        "pitch": 147.1809539794922,
        "roll": -177.42518615722656
    }
}