{
    "video_name": "wt2023101102",
    "frame_id": 37201,
    "head_bbox": {
        "x0": 945,
        "y0": 123,
        "x1": 986,
        "y1": 171,
        "w": 41,
        "h": 48
    },
    "frame_size": {
        "h": 1080,
        "w": 1920
    },
    "head_pose_angle_6drepnet360": {
        "yaw": -49.8163948059082,
        "pitch": 163.83848571777344,
        "roll": 172.9505157470703
    }
}