{
    "video_name": "wt2023101102",
    "frame_id": 37301,
    "head_bbox": {
        "x0": 744,
        "y0": 117,
        "x1": 785,
        "y1": 163,
        "w": 41,
        "h": 46
    },
    "frame_size": {
        "h": 1080,
        "w": 1920
    },
    "head_pose_angle_6drepnet360": {
        "yaw": -46.064979553222656,
        "pitch": 154.32650756835938,
        "roll": 179.39834594726562
    }
}