{
    "video_name": "wt2023101102",
    "frame_id": 37401,
    "head_bbox": {
        "x0": 898,
        "y0": 122,
        "x1": 938,
        "y1": 169,
        "w": 40,
        "h": 47
    },
    "frame_size": {
        "h": 1080,
        "w": 1920
    },
    "head_pose_angle_6drepnet360": {
        "yaw": -55.88628005981445,
        "pitch": 153.77069091796875,
        "roll": 176.0655059814453
    }
}