{
    "video_name": "wt2023101102",
    "frame_id": 37501,
    "head_bbox": {
        "x0": 759,
        "y0": 118,
        "x1": 800,
        "y1": 165,
        "w": 41,
        "h": 47
    },
    "frame_size": {
        "h": 1080,
        "w": 1920
    },
    "head_pose_angle_6drepnet360": {
        "yaw": -47.77900314331055,
        "pitch": 146.0924072265625,
        "roll": -174.65939331054688
    }
}