{
    "video_name": "wt2023101102",
    "frame_id": 37601,
    "head_bbox": {
        "x0": 765,
        "y0": 117,
        "x1": 806,
        "y1": 165,
        "w": 41,
        "h": 48
    },
    "frame_size": {
        "h": 1080,
        "w": 1920
    },
    "head_pose_angle_6drepnet360": {
        "yaw": -62.983070373535156,
        "pitch": 148.67019653320312,
        "roll": -173.47662353515625
    }
}