{
    "video_name": "wt2023101102",
    "frame_id": 37701,
    "head_bbox": {
        "x0": 758,
        "y0": 116,
        "x1": 801,
        "y1": 163,
        "w": 43,
        "h": 47
    },
    "frame_size": {
        "h": 1080,
        "w": 1920
    },
    "head_pose_angle_6drepnet360": {
        "yaw": -49.7962646484375,
        "pitch": 154.22215270996094,
        "roll": -172.1262969970703
    }
}