{
    "video_name": "wt2023101102",
    "frame_id": 37801,
    "head_bbox": {
        "x0": 766,
        "y0": 116,
        "x1": 809,
        "y1": 166,
        "w": 43,
        "h": 50
    },
    "frame_size": {
        "h": 1080,
        "w": 1920
    },
    "head_pose_angle_6drepnet360": {
        "yaw": -76.59794616699219,
        "pitch": 140.0889129638672,
        "roll": -160.8718719482422
    }
}