{
    "video_name": "wt2023101102",
    "frame_id": 37901,
    "head_bbox": {
        "x0": 817,
        "y0": 120,
        "x1": 862,
        "y1": 169,
        "w": 45,
        "h": 49
    },
    "frame_size": {
        "h": 1080,
        "w": 1920
    },
    "head_pose_angle_6drepnet360": {
        "yaw": -64.8886947631836,
        "pitch": 137.53953552246094,
        "roll": -160.5233612060547
    }
}