{
    "video_name": "wt2023101102",
    "frame_id": 38001,
    "head_bbox": {
        "x0": 762,
        "y0": 118,
        "x1": 804,
        "y1": 164,
        "w": 42,
        "h": 46
    },
    "frame_size": {
        "h": 1080,
        "w": 1920
    },
    "head_pose_angle_6drepnet360": {
        "yaw": -40.62784194946289,
        "pitch": 159.4598846435547,
        "roll": -177.239501953125
    }
}