{
    "video_name": "wt2023101102",
    "frame_id": 3801,
    "head_bbox": {
        "x0": 480,
        "y0": 120,
        "x1": 522,
        "y1": 172,
        "w": 42,
        "h": 52
    },
    "frame_size": {
        "h": 1080,
        "w": 1920
    },
    "head_pose_angle_6drepnet360": {
        "yaw": 5.582982063293457,
        "pitch": 1.6836670637130737,
        "roll": 3.6499109268188477
    }
}