{
    "video_name": "wt2023101102",
    "frame_id": 38101,
    "head_bbox": {
        "x0": 771,
        "y0": 119,
        "x1": 812,
        "y1": 167,
        "w": 41,
        "h": 48
    },
    "frame_size": {
        "h": 1080,
        "w": 1920
    },
    "head_pose_angle_6drepnet360": {
        "yaw": -56.32399368286133,
        "pitch": 155.10450744628906,
        "roll": -173.49913024902344
    }
}