{
    "video_name": "wt2023101102",
    "frame_id": 38201,
    "head_bbox": {
        "x0": 850,
        "y0": 121,
        "x1": 890,
        "y1": 170,
        "w": 40,
        "h": 49
    },
    "frame_size": {
        "h": 1080,
        "w": 1920
    },
    "head_pose_angle_6drepnet360": {
        "yaw": -44.4241943359375,
        "pitch": 149.8643798828125,
        "roll": -178.42340087890625
    }
}