{
    "video_name": "wt2023101102",
    "frame_id": 38301,
    "head_bbox": {
        "x0": 732,
        "y0": 121,
        "x1": 774,
        "y1": 170,
        "w": 42,
        "h": 49
    },
    "frame_size": {
        "h": 1080,
        "w": 1920
    },
    "head_pose_angle_6drepnet360": {
        "yaw": -37.702816009521484,
        "pitch": 155.7620391845703,
        "roll": 175.4274139404297
    }
}