{
    "video_name": "wt2023101102",
    "frame_id": 38401,
    "head_bbox": {
        "x0": 672,
        "y0": 124,
        "x1": 721,
        "y1": 171,
        "w": 49,
        "h": 47
    },
    "frame_size": {
        "h": 1080,
        "w": 1920
    },
    "head_pose_angle_6drepnet360": {
        "yaw": -73.88540649414062,
        "pitch": 95.91120910644531,
        "roll": -111.85242462158203
    }
}