{
    "video_name": "wt2023101102",
    "frame_id": 38501,
    "head_bbox": {
        "x0": 676,
        "y0": 122,
        "x1": 724,
        "y1": 171,
        "w": 48,
        "h": 49
    },
    "frame_size": {
        "h": 1080,
        "w": 1920
    },
    "head_pose_angle_6drepnet360": {
        "yaw": -54.27991485595703,
        "pitch": 133.65357971191406,
        "roll": -154.2908172607422
    }
}