{
    "video_name": "wt2023101102",
    "frame_id": 38601,
    "head_bbox": {
        "x0": 531,
        "y0": 136,
        "x1": 575,
        "y1": 194,
        "w": 44,
        "h": 58
    },
    "frame_size": {
        "h": 1080,
        "w": 1920
    },
    "head_pose_angle_6drepnet360": {
        "yaw": 15.096999168395996,
        "pitch": -33.86549758911133,
        "roll": -12.215204238891602
    }
}