{
    "video_name": "wt2023101102",
    "frame_id": 38701,
    "head_bbox": {
        "x0": 836,
        "y0": 122,
        "x1": 877,
        "y1": 170,
        "w": 41,
        "h": 48
    },
    "frame_size": {
        "h": 1080,
        "w": 1920
    },
    "head_pose_angle_6drepnet360": {
        "yaw": -48.144344329833984,
        "pitch": 147.23707580566406,
        "roll": -175.06268310546875
    }
}