{
    "video_name": "wt2023101102",
    "frame_id": 38801,
    "head_bbox": {
        "x0": 1020,
        "y0": 120,
        "x1": 1064,
        "y1": 166,
        "w": 44,
        "h": 46
    },
    "frame_size": {
        "h": 1080,
        "w": 1920
    },
    "head_pose_angle_6drepnet360": {
        "yaw": 23.34807014465332,
        "pitch": 146.54933166503906,
        "roll": 176.40853881835938
    }
}