{
    "video_name": "wt2023101102",
    "frame_id": 38901,
    "head_bbox": {
        "x0": 1041,
        "y0": 120,
        "x1": 1083,
        "y1": 165,
        "w": 42,
        "h": 45
    },
    "frame_size": {
        "h": 1080,
        "w": 1920
    },
    "head_pose_angle_6drepnet360": {
        "yaw": 62.34836196899414,
        "pitch": 125.28289031982422,
        "roll": 145.60610961914062
    }
}