{
    "video_name": "wt2023101102",
    "frame_id": 39001,
    "head_bbox": {
        "x0": 1058,
        "y0": 123,
        "x1": 1100,
        "y1": 167,
        "w": 42,
        "h": 44
    },
    "frame_size": {
        "h": 1080,
        "w": 1920
    },
    "head_pose_angle_6drepnet360": {
        "yaw": 58.45594024658203,
        "pitch": 140.14710998535156,
        "roll": 160.3052978515625
    }
}