{
    "video_name": "wt2023101102",
    "frame_id": 3901,
    "head_bbox": {
        "x0": 476,
        "y0": 128,
        "x1": 520,
        "y1": 190,
        "w": 44,
        "h": 62
    },
    "frame_size": {
        "h": 1080,
        "w": 1920
    },
    "head_pose_angle_6drepnet360": {
        "yaw": -8.080092430114746,
        "pitch": -22.3347110748291,
        "roll": -6.550333499908447
    }
}