{
    "video_name": "wt2023101102",
    "frame_id": 39101,
    "head_bbox": {
        "x0": 934,
        "y0": 121,
        "x1": 976,
        "y1": 170,
        "w": 42,
        "h": 49
    },
    "frame_size": {
        "h": 1080,
        "w": 1920
    },
    "head_pose_angle_6drepnet360": {
        "yaw": 63.01536560058594,
        "pitch": 171.62374877929688,
        "roll": -174.97743225097656
    }
}