{
    "video_name": "wt2023101102",
    "frame_id": 39201,
    "head_bbox": {
        "x0": 741,
        "y0": 116,
        "x1": 783,
        "y1": 165,
        "w": 42,
        "h": 49
    },
    "frame_size": {
        "h": 1080,
        "w": 1920
    },
    "head_pose_angle_6drepnet360": {
        "yaw": -65.48957061767578,
        "pitch": -177.9554901123047,
        "roll": 159.30068969726562
    }
}