{
    "video_name": "wt2023101102",
    "frame_id": 39301,
    "head_bbox": {
        "x0": 752,
        "y0": 117,
        "x1": 793,
        "y1": 164,
        "w": 41,
        "h": 47
    },
    "frame_size": {
        "h": 1080,
        "w": 1920
    },
    "head_pose_angle_6drepnet360": {
        "yaw": -76.80628204345703,
        "pitch": 128.70492553710938,
        "roll": -147.05406188964844
    }
}