{
    "video_name": "wt2023101102",
    "frame_id": 39401,
    "head_bbox": {
        "x0": 740,
        "y0": 117,
        "x1": 783,
        "y1": 165,
        "w": 43,
        "h": 48
    },
    "frame_size": {
        "h": 1080,
        "w": 1920
    },
    "head_pose_angle_6drepnet360": {
        "yaw": -67.81185150146484,
        "pitch": 150.3326873779297,
        "roll": -169.1510467529297
    }
}