{
    "video_name": "wt2023101102",
    "frame_id": 39501,
    "head_bbox": {
        "x0": 756,
        "y0": 118,
        "x1": 796,
        "y1": 166,
        "w": 40,
        "h": 48
    },
    "frame_size": {
        "h": 1080,
        "w": 1920
    },
    "head_pose_angle_6drepnet360": {
        "yaw": -48.96411895751953,
        "pitch": 174.61911010742188,
        "roll": 166.85223388671875
    }
}