{
    "video_name": "wt2023101102",
    "frame_id": 39601,
    "head_bbox": {
        "x0": 795,
        "y0": 118,
        "x1": 835,
        "y1": 167,
        "w": 40,
        "h": 49
    },
    "frame_size": {
        "h": 1080,
        "w": 1920
    },
    "head_pose_angle_6drepnet360": {
        "yaw": -57.63556671142578,
        "pitch": 160.87355041503906,
        "roll": 167.4748992919922
    }
}