{
    "video_name": "wt2023101102",
    "frame_id": 39701,
    "head_bbox": {
        "x0": 758,
        "y0": 122,
        "x1": 800,
        "y1": 172,
        "w": 42,
        "h": 50
    },
    "frame_size": {
        "h": 1080,
        "w": 1920
    },
    "head_pose_angle_6drepnet360": {
        "yaw": -68.998779296875,
        "pitch": -160.20553588867188,
        "roll": 150.40655517578125
    }
}