{
    "video_name": "wt2023101102",
    "frame_id": 39801,
    "head_bbox": {
        "x0": 786,
        "y0": 119,
        "x1": 826,
        "y1": 169,
        "w": 40,
        "h": 50
    },
    "frame_size": {
        "h": 1080,
        "w": 1920
    },
    "head_pose_angle_6drepnet360": {
        "yaw": -84.29621124267578,
        "pitch": -110.56272888183594,
        "roll": 100.72647094726562
    }
}