{
    "video_name": "wt2023101102",
    "frame_id": 39901,
    "head_bbox": {
        "x0": 731,
        "y0": 120,
        "x1": 773,
        "y1": 171,
        "w": 42,
        "h": 51
    },
    "frame_size": {
        "h": 1080,
        "w": 1920
    },
    "head_pose_angle_6drepnet360": {
        "yaw": -48.141075134277344,
        "pitch": -129.54664611816406,
        "roll": 113.92793273925781
    }
}