{
    "video_name": "wt2023101102",
    "frame_id": 40001,
    "head_bbox": {
        "x0": 906,
        "y0": 120,
        "x1": 946,
        "y1": 171,
        "w": 40,
        "h": 51
    },
    "frame_size": {
        "h": 1080,
        "w": 1920
    },
    "head_pose_angle_6drepnet360": {
        "yaw": -49.16878128051758,
        "pitch": -175.1787872314453,
        "roll": 147.9369354248047
    }
}