{
    "video_name": "wt2023101102",
    "frame_id": 4001,
    "head_bbox": {
        "x0": 475,
        "y0": 118,
        "x1": 519,
        "y1": 172,
        "w": 44,
        "h": 54
    },
    "frame_size": {
        "h": 1080,
        "w": 1920
    },
    "head_pose_angle_6drepnet360": {
        "yaw": 14.807891845703125,
        "pitch": -2.377763032913208,
        "roll": -6.667133808135986
    }
}