{
    "video_name": "wt2023101102",
    "frame_id": 401,
    "head_bbox": {
        "x0": 506,
        "y0": 160,
        "x1": 549,
        "y1": 213,
        "w": 43,
        "h": 53
    },
    "frame_size": {
        "h": 1080,
        "w": 1920
    },
    "head_pose_angle_6drepnet360": {
        "yaw": 1.603436827659607,
        "pitch": -34.619789123535156,
        "roll": -9.967217445373535
    }
}