{
    "video_name": "wt2023101102",
    "frame_id": 40101,
    "head_bbox": {
        "x0": 827,
        "y0": 119,
        "x1": 868,
        "y1": 168,
        "w": 41,
        "h": 49
    },
    "frame_size": {
        "h": 1080,
        "w": 1920
    },
    "head_pose_angle_6drepnet360": {
        "yaw": -58.26530075073242,
        "pitch": 176.19244384765625,
        "roll": 165.44790649414062
    }
}