{
    "video_name": "wt2023101102",
    "frame_id": 40201,
    "head_bbox": {
        "x0": 721,
        "y0": 117,
        "x1": 762,
        "y1": 170,
        "w": 41,
        "h": 53
    },
    "frame_size": {
        "h": 1080,
        "w": 1920
    },
    "head_pose_angle_6drepnet360": {
        "yaw": -28.74654769897461,
        "pitch": -3.1424381732940674,
        "roll": -10.337214469909668
    }
}