{
    "video_name": "wt2023101102",
    "frame_id": 40301,
    "head_bbox": {
        "x0": 760,
        "y0": 115,
        "x1": 800,
        "y1": 165,
        "w": 40,
        "h": 50
    },
    "frame_size": {
        "h": 1080,
        "w": 1920
    },
    "head_pose_angle_6drepnet360": {
        "yaw": -57.01103973388672,
        "pitch": -175.40234375,
        "roll": 153.53822326660156
    }
}