{
    "video_name": "wt2023101102",
    "frame_id": 40401,
    "head_bbox": {
        "x0": 691,
        "y0": 115,
        "x1": 733,
        "y1": 168,
        "w": 42,
        "h": 53
    },
    "frame_size": {
        "h": 1080,
        "w": 1920
    },
    "head_pose_angle_6drepnet360": {
        "yaw": -40.226341247558594,
        "pitch": 3.6205286979675293,
        "roll": -8.492774963378906
    }
}