{
    "video_name": "wt2023101102",
    "frame_id": 40501,
    "head_bbox": {
        "x0": 632,
        "y0": 115,
        "x1": 673,
        "y1": 168,
        "w": 41,
        "h": 53
    },
    "frame_size": {
        "h": 1080,
        "w": 1920
    },
    "head_pose_angle_6drepnet360": {
        "yaw": -17.790346145629883,
        "pitch": 1.9311432838439941,
        "roll": -7.085240364074707
    }
}