{
    "video_name": "wt2023101102",
    "frame_id": 40601,
    "head_bbox": {
        "x0": 664,
        "y0": 113,
        "x1": 709,
        "y1": 163,
        "w": 45,
        "h": 50
    },
    "frame_size": {
        "h": 1080,
        "w": 1920
    },
    "head_pose_angle_6drepnet360": {
        "yaw": -47.30716323852539,
        "pitch": 147.72006225585938,
        "roll": -155.6726837158203
    }
}