{
    "video_name": "wt2023101102",
    "frame_id": 40701,
    "head_bbox": {
        "x0": 760,
        "y0": 115,
        "x1": 802,
        "y1": 163,
        "w": 42,
        "h": 48
    },
    "frame_size": {
        "h": 1080,
        "w": 1920
    },
    "head_pose_angle_6drepnet360": {
        "yaw": -76.82302856445312,
        "pitch": 122.8827133178711,
        "roll": -136.91177368164062
    }
}