{
    "video_name": "wt2023101102",
    "frame_id": 40801,
    "head_bbox": {
        "x0": 725,
        "y0": 114,
        "x1": 764,
        "y1": 162,
        "w": 39,
        "h": 48
    },
    "frame_size": {
        "h": 1080,
        "w": 1920
    },
    "head_pose_angle_6drepnet360": {
        "yaw": -57.19003677368164,
        "pitch": 164.76950073242188,
        "roll": -177.50958251953125
    }
}