{
    "video_name": "wt2023101102",
    "frame_id": 40901,
    "head_bbox": {
        "x0": 750,
        "y0": 113,
        "x1": 789,
        "y1": 163,
        "w": 39,
        "h": 50
    },
    "frame_size": {
        "h": 1080,
        "w": 1920
    },
    "head_pose_angle_6drepnet360": {
        "yaw": -47.8551025390625,
        "pitch": -179.16725158691406,
        "roll": 162.0323486328125
    }
}