{
    "video_name": "wt2023101102",
    "frame_id": 41001,
    "head_bbox": {
        "x0": 744,
        "y0": 113,
        "x1": 786,
        "y1": 163,
        "w": 42,
        "h": 50
    },
    "frame_size": {
        "h": 1080,
        "w": 1920
    },
    "head_pose_angle_6drepnet360": {
        "yaw": -46.02750778198242,
        "pitch": 177.1628875732422,
        "roll": 165.9208221435547
    }
}