{
    "video_name": "wt2023101102",
    "frame_id": 4101,
    "head_bbox": {
        "x0": 586,
        "y0": 114,
        "x1": 628,
        "y1": 169,
        "w": 42,
        "h": 55
    },
    "frame_size": {
        "h": 1080,
        "w": 1920
    },
    "head_pose_angle_6drepnet360": {
        "yaw": -72.6078109741211,
        "pitch": 10.389664649963379,
        "roll": -7.831484317779541
    }
}