{
    "video_name": "wt2023101102",
    "frame_id": 41101,
    "head_bbox": {
        "x0": 745,
        "y0": 113,
        "x1": 786,
        "y1": 160,
        "w": 41,
        "h": 47
    },
    "frame_size": {
        "h": 1080,
        "w": 1920
    },
    "head_pose_angle_6drepnet360": {
        "yaw": -43.235591888427734,
        "pitch": 158.0044708251953,
        "roll": 176.4331512451172
    }
}