{
    "video_name": "wt2023101102",
    "frame_id": 41201,
    "head_bbox": {
        "x0": 726,
        "y0": 114,
        "x1": 767,
        "y1": 162,
        "w": 41,
        "h": 48
    },
    "frame_size": {
        "h": 1080,
        "w": 1920
    },
    "head_pose_angle_6drepnet360": {
        "yaw": -48.41437911987305,
        "pitch": 154.3231201171875,
        "roll": -177.88079833984375
    }
}