{
    "video_name": "wt2023101102",
    "frame_id": 41301,
    "head_bbox": {
        "x0": 659,
        "y0": 120,
        "x1": 706,
        "y1": 169,
        "w": 47,
        "h": 49
    },
    "frame_size": {
        "h": 1080,
        "w": 1920
    },
    "head_pose_angle_6drepnet360": {
        "yaw": -61.2308464050293,
        "pitch": 149.93348693847656,
        "roll": -166.25787353515625
    }
}