{
    "video_name": "wt2023101102",
    "frame_id": 41401,
    "head_bbox": {
        "x0": 499,
        "y0": 143,
        "x1": 544,
        "y1": 199,
        "w": 45,
        "h": 56
    },
    "frame_size": {
        "h": 1080,
        "w": 1920
    },
    "head_pose_angle_6drepnet360": {
        "yaw": 5.217470169067383,
        "pitch": -44.4566650390625,
        "roll": -5.652430057525635
    }
}