{
    "video_name": "wt2023101102",
    "frame_id": 41501,
    "head_bbox": {
        "x0": 483,
        "y0": 140,
        "x1": 527,
        "y1": 196,
        "w": 44,
        "h": 56
    },
    "frame_size": {
        "h": 1080,
        "w": 1920
    },
    "head_pose_angle_6drepnet360": {
        "yaw": -9.300941467285156,
        "pitch": -38.709922790527344,
        "roll": -9.569245338439941
    }
}