{
    "video_name": "wt2023101102",
    "frame_id": 41601,
    "head_bbox": {
        "x0": 499,
        "y0": 135,
        "x1": 542,
        "y1": 193,
        "w": 43,
        "h": 58
    },
    "frame_size": {
        "h": 1080,
        "w": 1920
    },
    "head_pose_angle_6drepnet360": {
        "yaw": 8.564193725585938,
        "pitch": -40.40203857421875,
        "roll": -1.2397685050964355
    }
}