{
    "video_name": "wt2023101102",
    "frame_id": 41701,
    "head_bbox": {
        "x0": 758,
        "y0": 113,
        "x1": 800,
        "y1": 161,
        "w": 42,
        "h": 48
    },
    "frame_size": {
        "h": 1080,
        "w": 1920
    },
    "head_pose_angle_6drepnet360": {
        "yaw": -45.98561477661133,
        "pitch": 155.87437438964844,
        "roll": 179.56260681152344
    }
}