{
    "video_name": "wt2023101102",
    "frame_id": 41801,
    "head_bbox": {
        "x0": 746,
        "y0": 114,
        "x1": 787,
        "y1": 164,
        "w": 41,
        "h": 50
    },
    "frame_size": {
        "h": 1080,
        "w": 1920
    },
    "head_pose_angle_6drepnet360": {
        "yaw": -48.138084411621094,
        "pitch": 13.040303230285645,
        "roll": -19.337432861328125
    }
}