{
    "video_name": "wt2023101102",
    "frame_id": 41901,
    "head_bbox": {
        "x0": 756,
        "y0": 119,
        "x1": 799,
        "y1": 164,
        "w": 43,
        "h": 45
    },
    "frame_size": {
        "h": 1080,
        "w": 1920
    },
    "head_pose_angle_6drepnet360": {
        "yaw": -63.68916320800781,
        "pitch": 140.48927307128906,
        "roll": -156.5917510986328
    }
}