{
    "video_name": "wt2023101102",
    "frame_id": 42001,
    "head_bbox": {
        "x0": 659,
        "y0": 118,
        "x1": 706,
        "y1": 166,
        "w": 47,
        "h": 48
    },
    "frame_size": {
        "h": 1080,
        "w": 1920
    },
    "head_pose_angle_6drepnet360": {
        "yaw": -50.894283294677734,
        "pitch": 131.46165466308594,
        "roll": -148.00697326660156
    }
}