{
    "video_name": "wt2023101102",
    "frame_id": 4201,
    "head_bbox": {
        "x0": 469,
        "y0": 138,
        "x1": 522,
        "y1": 194,
        "w": 53,
        "h": 56
    },
    "frame_size": {
        "h": 1080,
        "w": 1920
    },
    "head_pose_angle_6drepnet360": {
        "yaw": 16.053428649902344,
        "pitch": -53.3474006652832,
        "roll": -33.10964584350586
    }
}