{
    "video_name": "wt2023101102",
    "frame_id": 42101,
    "head_bbox": {
        "x0": 498,
        "y0": 139,
        "x1": 541,
        "y1": 194,
        "w": 43,
        "h": 55
    },
    "frame_size": {
        "h": 1080,
        "w": 1920
    },
    "head_pose_angle_6drepnet360": {
        "yaw": 11.866389274597168,
        "pitch": -43.94451904296875,
        "roll": -5.585882663726807
    }
}