{
    "video_name": "wt2023101102",
    "frame_id": 42201,
    "head_bbox": {
        "x0": 543,
        "y0": 121,
        "x1": 585,
        "y1": 180,
        "w": 42,
        "h": 59
    },
    "frame_size": {
        "h": 1080,
        "w": 1920
    },
    "head_pose_angle_6drepnet360": {
        "yaw": 0.7418742179870605,
        "pitch": -22.756309509277344,
        "roll": 0.43301188945770264
    }
}