{
    "video_name": "wt2023101102",
    "frame_id": 42301,
    "head_bbox": {
        "x0": 575,
        "y0": 115,
        "x1": 617,
        "y1": 167,
        "w": 42,
        "h": 52
    },
    "frame_size": {
        "h": 1080,
        "w": 1920
    },
    "head_pose_angle_6drepnet360": {
        "yaw": -30.2595272064209,
        "pitch": 8.780863761901855,
        "roll": -11.295450210571289
    }
}