{
    "video_name": "wt2023101102",
    "frame_id": 42401,
    "head_bbox": {
        "x0": 576,
        "y0": 115,
        "x1": 618,
        "y1": 169,
        "w": 42,
        "h": 54
    },
    "frame_size": {
        "h": 1080,
        "w": 1920
    },
    "head_pose_angle_6drepnet360": {
        "yaw": -27.14849090576172,
        "pitch": 4.7685627937316895,
        "roll": -7.1129150390625
    }
}