{
    "video_name": "wt2023101102",
    "frame_id": 42501,
    "head_bbox": {
        "x0": 553,
        "y0": 115,
        "x1": 596,
        "y1": 171,
        "w": 43,
        "h": 56
    },
    "frame_size": {
        "h": 1080,
        "w": 1920
    },
    "head_pose_angle_6drepnet360": {
        "yaw": 3.2523484230041504,
        "pitch": -10.543331146240234,
        "roll": -4.353116989135742
    }
}