{
    "video_name": "wt2023101102",
    "frame_id": 42601,
    "head_bbox": {
        "x0": 480,
        "y0": 149,
        "x1": 524,
        "y1": 207,
        "w": 44,
        "h": 58
    },
    "frame_size": {
        "h": 1080,
        "w": 1920
    },
    "head_pose_angle_6drepnet360": {
        "yaw": 4.864205360412598,
        "pitch": -41.108551025390625,
        "roll": -16.798385620117188
    }
}