{
    "video_name": "wt2023101102",
    "frame_id": 42701,
    "head_bbox": {
        "x0": 482,
        "y0": 139,
        "x1": 527,
        "y1": 201,
        "w": 45,
        "h": 62
    },
    "frame_size": {
        "h": 1080,
        "w": 1920
    },
    "head_pose_angle_6drepnet360": {
        "yaw": -1.2966402769088745,
        "pitch": -35.17382049560547,
        "roll": -15.92602825164795
    }
}