{
    "video_name": "wt2023101102",
    "frame_id": 42801,
    "head_bbox": {
        "x0": 480,
        "y0": 127,
        "x1": 526,
        "y1": 185,
        "w": 46,
        "h": 58
    },
    "frame_size": {
        "h": 1080,
        "w": 1920
    },
    "head_pose_angle_6drepnet360": {
        "yaw": -3.987715721130371,
        "pitch": -8.224843978881836,
        "roll": -12.560710906982422
    }
}