{
    "video_name": "wt2023101102",
    "frame_id": 42901,
    "head_bbox": {
        "x0": 489,
        "y0": 123,
        "x1": 533,
        "y1": 180,
        "w": 44,
        "h": 57
    },
    "frame_size": {
        "h": 1080,
        "w": 1920
    },
    "head_pose_angle_6drepnet360": {
        "yaw": -1.903587818145752,
        "pitch": -7.744757652282715,
        "roll": -10.469789505004883
    }
}