{
    "video_name": "wt2023101102",
    "frame_id": 43001,
    "head_bbox": {
        "x0": 506,
        "y0": 119,
        "x1": 548,
        "y1": 177,
        "w": 42,
        "h": 58
    },
    "frame_size": {
        "h": 1080,
        "w": 1920
    },
    "head_pose_angle_6drepnet360": {
        "yaw": 1.8821734189987183,
        "pitch": -7.898451805114746,
        "roll": -5.931879997253418
    }
}