{
    "video_name": "wt2023101102",
    "frame_id": 4301,
    "head_bbox": {
        "x0": 533,
        "y0": 109,
        "x1": 574,
        "y1": 162,
        "w": 41,
        "h": 53
    },
    "frame_size": {
        "h": 1080,
        "w": 1920
    },
    "head_pose_angle_6drepnet360": {
        "yaw": 16.13522720336914,
        "pitch": -6.794734477996826,
        "roll": 1.237906813621521
    }
}