{
    "video_name": "wt2023101102",
    "frame_id": 43101,
    "head_bbox": {
        "x0": 507,
        "y0": 117,
        "x1": 550,
        "y1": 171,
        "w": 43,
        "h": 54
    },
    "frame_size": {
        "h": 1080,
        "w": 1920
    },
    "head_pose_angle_6drepnet360": {
        "yaw": -6.737794876098633,
        "pitch": -3.309070587158203,
        "roll": -2.7390663623809814
    }
}