{
    "video_name": "wt2023101102",
    "frame_id": 43201,
    "head_bbox": {
        "x0": 716,
        "y0": 118,
        "x1": 761,
        "y1": 166,
        "w": 45,
        "h": 48
    },
    "frame_size": {
        "h": 1080,
        "w": 1920
    },
    "head_pose_angle_6drepnet360": {
        "yaw": -53.32398223876953,
        "pitch": 151.9133758544922,
        "roll": -164.68125915527344
    }
}