{
    "video_name": "wt2023101102",
    "frame_id": 43301,
    "head_bbox": {
        "x0": 880,
        "y0": 113,
        "x1": 919,
        "y1": 156,
        "w": 39,
        "h": 43
    },
    "frame_size": {
        "h": 1080,
        "w": 1920
    },
    "head_pose_angle_6drepnet360": {
        "yaw": 3.3141696453094482,
        "pitch": 145.72442626953125,
        "roll": 172.96429443359375
    }
}