{
    "video_name": "wt2023101102",
    "frame_id": 43401,
    "head_bbox": {
        "x0": 843,
        "y0": 114,
        "x1": 882,
        "y1": 160,
        "w": 39,
        "h": 46
    },
    "frame_size": {
        "h": 1080,
        "w": 1920
    },
    "head_pose_angle_6drepnet360": {
        "yaw": -29.173513412475586,
        "pitch": 158.06201171875,
        "roll": 173.63677978515625
    }
}