{
    "video_name": "wt2023101102",
    "frame_id": 43501,
    "head_bbox": {
        "x0": 659,
        "y0": 113,
        "x1": 700,
        "y1": 165,
        "w": 41,
        "h": 52
    },
    "frame_size": {
        "h": 1080,
        "w": 1920
    },
    "head_pose_angle_6drepnet360": {
        "yaw": -24.79729461669922,
        "pitch": 0.051432304084300995,
        "roll": -9.351283073425293
    }
}