{
    "video_name": "wt2023101102",
    "frame_id": 43601,
    "head_bbox": {
        "x0": 493,
        "y0": 123,
        "x1": 538,
        "y1": 184,
        "w": 45,
        "h": 61
    },
    "frame_size": {
        "h": 1080,
        "w": 1920
    },
    "head_pose_angle_6drepnet360": {
        "yaw": 33.49907684326172,
        "pitch": -44.00990676879883,
        "roll": -21.48159408569336
    }
}