{
    "video_name": "wt2023101102",
    "frame_id": 43701,
    "head_bbox": {
        "x0": 513,
        "y0": 117,
        "x1": 556,
        "y1": 172,
        "w": 43,
        "h": 55
    },
    "frame_size": {
        "h": 1080,
        "w": 1920
    },
    "head_pose_angle_6drepnet360": {
        "yaw": -4.348074436187744,
        "pitch": -3.7578651905059814,
        "roll": 2.7254557609558105
    }
}