{
    "video_name": "wt2023101102",
    "frame_id": 43801,
    "head_bbox": {
        "x0": 741,
        "y0": 112,
        "x1": 784,
        "y1": 159,
        "w": 43,
        "h": 47
    },
    "frame_size": {
        "h": 1080,
        "w": 1920
    },
    "head_pose_angle_6drepnet360": {
        "yaw": -37.5832405090332,
        "pitch": 155.06178283691406,
        "roll": -179.58798217773438
    }
}