{
    "video_name": "wt2023101102",
    "frame_id": 43901,
    "head_bbox": {
        "x0": 757,
        "y0": 114,
        "x1": 797,
        "y1": 157,
        "w": 40,
        "h": 43
    },
    "frame_size": {
        "h": 1080,
        "w": 1920
    },
    "head_pose_angle_6drepnet360": {
        "yaw": -28.894941329956055,
        "pitch": 154.82821655273438,
        "roll": 174.17559814453125
    }
}