{
    "video_name": "wt2023101102",
    "frame_id": 44001,
    "head_bbox": {
        "x0": 880,
        "y0": 114,
        "x1": 920,
        "y1": 161,
        "w": 40,
        "h": 47
    },
    "frame_size": {
        "h": 1080,
        "w": 1920
    },
    "head_pose_angle_6drepnet360": {
        "yaw": -42.425018310546875,
        "pitch": 149.15585327148438,
        "roll": -179.64483642578125
    }
}