{
    "video_name": "wt2023101102",
    "frame_id": 4401,
    "head_bbox": {
        "x0": 516,
        "y0": 127,
        "x1": 559,
        "y1": 187,
        "w": 43,
        "h": 60
    },
    "frame_size": {
        "h": 1080,
        "w": 1920
    },
    "head_pose_angle_6drepnet360": {
        "yaw": 8.46687126159668,
        "pitch": -35.82683181762695,
        "roll": -11.794939994812012
    }
}