{
    "video_name": "wt2023101102",
    "frame_id": 44201,
    "head_bbox": {
        "x0": 560,
        "y0": 111,
        "x1": 602,
        "y1": 167,
        "w": 42,
        "h": 56
    },
    "frame_size": {
        "h": 1080,
        "w": 1920
    },
    "head_pose_angle_6drepnet360": {
        "yaw": 0.04057740792632103,
        "pitch": -6.9083170890808105,
        "roll": -3.6829662322998047
    }
}