{
    "video_name": "wt2023101102",
    "frame_id": 44301,
    "head_bbox": {
        "x0": 482,
        "y0": 134,
        "x1": 527,
        "y1": 190,
        "w": 45,
        "h": 56
    },
    "frame_size": {
        "h": 1080,
        "w": 1920
    },
    "head_pose_angle_6drepnet360": {
        "yaw": 16.048229217529297,
        "pitch": -40.629459381103516,
        "roll": -14.100319862365723
    }
}