{
    "video_name": "wt2023101102",
    "frame_id": 44401,
    "head_bbox": {
        "x0": 494,
        "y0": 135,
        "x1": 536,
        "y1": 194,
        "w": 42,
        "h": 59
    },
    "frame_size": {
        "h": 1080,
        "w": 1920
    },
    "head_pose_angle_6drepnet360": {
        "yaw": -4.240033149719238,
        "pitch": -41.87900161743164,
        "roll": -1.7576407194137573
    }
}