{
    "video_name": "wt2023101102",
    "frame_id": 44501,
    "head_bbox": {
        "x0": 678,
        "y0": 115,
        "x1": 721,
        "y1": 161,
        "w": 43,
        "h": 46
    },
    "frame_size": {
        "h": 1080,
        "w": 1920
    },
    "head_pose_angle_6drepnet360": {
        "yaw": -39.12459945678711,
        "pitch": 152.72628784179688,
        "roll": -172.19256591796875
    }
}