{
    "video_name": "wt2023101102",
    "frame_id": 44601,
    "head_bbox": {
        "x0": 931,
        "y0": 112,
        "x1": 970,
        "y1": 158,
        "w": 39,
        "h": 46
    },
    "frame_size": {
        "h": 1080,
        "w": 1920
    },
    "head_pose_angle_6drepnet360": {
        "yaw": -29.31920051574707,
        "pitch": 153.86476135253906,
        "roll": 175.44361877441406
    }
}