{
    "video_name": "wt2023101102",
    "frame_id": 44701,
    "head_bbox": {
        "x0": 755,
        "y0": 112,
        "x1": 797,
        "y1": 160,
        "w": 42,
        "h": 48
    },
    "frame_size": {
        "h": 1080,
        "w": 1920
    },
    "head_pose_angle_6drepnet360": {
        "yaw": -60.76030731201172,
        "pitch": 157.0590362548828,
        "roll": -175.5895538330078
    }
}