{
    "video_name": "wt2023101102",
    "frame_id": 44801,
    "head_bbox": {
        "x0": 863,
        "y0": 116,
        "x1": 905,
        "y1": 164,
        "w": 42,
        "h": 48
    },
    "frame_size": {
        "h": 1080,
        "w": 1920
    },
    "head_pose_angle_6drepnet360": {
        "yaw": 19.135574340820312,
        "pitch": 154.7442626953125,
        "roll": 175.11163330078125
    }
}