{
    "video_name": "wt2023101102",
    "frame_id": 44901,
    "head_bbox": {
        "x0": 774,
        "y0": 113,
        "x1": 814,
        "y1": 159,
        "w": 40,
        "h": 46
    },
    "frame_size": {
        "h": 1080,
        "w": 1920
    },
    "head_pose_angle_6drepnet360": {
        "yaw": -44.83221435546875,
        "pitch": 159.8919219970703,
        "roll": 178.4559326171875
    }
}