{
    "video_name": "wt2023101102",
    "frame_id": 45001,
    "head_bbox": {
        "x0": 770,
        "y0": 111,
        "x1": 809,
        "y1": 162,
        "w": 39,
        "h": 51
    },
    "frame_size": {
        "h": 1080,
        "w": 1920
    },
    "head_pose_angle_6drepnet360": {
        "yaw": -47.82079315185547,
        "pitch": 179.60391235351562,
        "roll": 162.18496704101562
    }
}