{
    "video_name": "wt2023101102",
    "frame_id": 4501,
    "head_bbox": {
        "x0": 500,
        "y0": 134,
        "x1": 544,
        "y1": 195,
        "w": 44,
        "h": 61
    },
    "frame_size": {
        "h": 1080,
        "w": 1920
    },
    "head_pose_angle_6drepnet360": {
        "yaw": 15.156477928161621,
        "pitch": -41.49241256713867,
        "roll": -9.349212646484375
    }
}