{
    "video_name": "wt2023101102",
    "frame_id": 45101,
    "head_bbox": {
        "x0": 759,
        "y0": 111,
        "x1": 799,
        "y1": 160,
        "w": 40,
        "h": 49
    },
    "frame_size": {
        "h": 1080,
        "w": 1920
    },
    "head_pose_angle_6drepnet360": {
        "yaw": -48.691246032714844,
        "pitch": 172.9276885986328,
        "roll": 169.2139129638672
    }
}