{
    "video_name": "wt2023101102",
    "frame_id": 45201,
    "head_bbox": {
        "x0": 737,
        "y0": 117,
        "x1": 777,
        "y1": 168,
        "w": 40,
        "h": 51
    },
    "frame_size": {
        "h": 1080,
        "w": 1920
    },
    "head_pose_angle_6drepnet360": {
        "yaw": -38.5590705871582,
        "pitch": -155.442626953125,
        "roll": 151.5497283935547
    }
}