{
    "video_name": "wt2023101102",
    "frame_id": 45301,
    "head_bbox": {
        "x0": 749,
        "y0": 113,
        "x1": 791,
        "y1": 159,
        "w": 42,
        "h": 46
    },
    "frame_size": {
        "h": 1080,
        "w": 1920
    },
    "head_pose_angle_6drepnet360": {
        "yaw": -42.0970458984375,
        "pitch": 162.62258911132812,
        "roll": 176.1527099609375
    }
}