{
    "video_name": "wt2023101102",
    "frame_id": 45401,
    "head_bbox": {
        "x0": 672,
        "y0": 116,
        "x1": 712,
        "y1": 169,
        "w": 40,
        "h": 53
    },
    "frame_size": {
        "h": 1080,
        "w": 1920
    },
    "head_pose_angle_6drepnet360": {
        "yaw": -20.060054779052734,
        "pitch": -1.8169827461242676,
        "roll": -5.108818531036377
    }
}