{
    "video_name": "wt2023101102",
    "frame_id": 45501,
    "head_bbox": {
        "x0": 752,
        "y0": 113,
        "x1": 792,
        "y1": 157,
        "w": 40,
        "h": 44
    },
    "frame_size": {
        "h": 1080,
        "w": 1920
    },
    "head_pose_angle_6drepnet360": {
        "yaw": -27.858524322509766,
        "pitch": 156.90936279296875,
        "roll": 176.4638671875
    }
}