{
    "video_name": "wt2023101102",
    "frame_id": 45601,
    "head_bbox": {
        "x0": 893,
        "y0": 113,
        "x1": 933,
        "y1": 159,
        "w": 40,
        "h": 46
    },
    "frame_size": {
        "h": 1080,
        "w": 1920
    },
    "head_pose_angle_6drepnet360": {
        "yaw": -35.34687042236328,
        "pitch": 153.98056030273438,
        "roll": -178.9290771484375
    }
}