{
    "video_name": "wt2023101102",
    "frame_id": 45701,
    "head_bbox": {
        "x0": 732,
        "y0": 113,
        "x1": 770,
        "y1": 168,
        "w": 38,
        "h": 55
    },
    "frame_size": {
        "h": 1080,
        "w": 1920
    },
    "head_pose_angle_6drepnet360": {
        "yaw": -21.92018699645996,
        "pitch": -3.0483479499816895,
        "roll": -7.013245105743408
    }
}