{
    "video_name": "wt2023101102",
    "frame_id": 45801,
    "head_bbox": {
        "x0": 809,
        "y0": 112,
        "x1": 847,
        "y1": 157,
        "w": 38,
        "h": 45
    },
    "frame_size": {
        "h": 1080,
        "w": 1920
    },
    "head_pose_angle_6drepnet360": {
        "yaw": -21.64600372314453,
        "pitch": 153.6100616455078,
        "roll": 174.26568603515625
    }
}