{
    "video_name": "wt2023101102",
    "frame_id": 45901,
    "head_bbox": {
        "x0": 689,
        "y0": 113,
        "x1": 729,
        "y1": 168,
        "w": 40,
        "h": 55
    },
    "frame_size": {
        "h": 1080,
        "w": 1920
    },
    "head_pose_angle_6drepnet360": {
        "yaw": -12.341145515441895,
        "pitch": -1.8691520690917969,
        "roll": -4.4521002769470215
    }
}