{
    "video_name": "wt2023101102",
    "frame_id": 46001,
    "head_bbox": {
        "x0": 512,
        "y0": 120,
        "x1": 556,
        "y1": 180,
        "w": 44,
        "h": 60
    },
    "frame_size": {
        "h": 1080,
        "w": 1920
    },
    "head_pose_angle_6drepnet360": {
        "yaw": -13.351593971252441,
        "pitch": -21.500751495361328,
        "roll": -4.650731086730957
    }
}