{
    "video_name": "wt2023101102",
    "frame_id": 4601,
    "head_bbox": {
        "x0": 501,
        "y0": 126,
        "x1": 544,
        "y1": 190,
        "w": 43,
        "h": 64
    },
    "frame_size": {
        "h": 1080,
        "w": 1920
    },
    "head_pose_angle_6drepnet360": {
        "yaw": 14.683093070983887,
        "pitch": -28.450424194335938,
        "roll": -8.607868194580078
    }
}