{
    "video_name": "wt2023101102",
    "frame_id": 46101,
    "head_bbox": {
        "x0": 505,
        "y0": 140,
        "x1": 547,
        "y1": 196,
        "w": 42,
        "h": 56
    },
    "frame_size": {
        "h": 1080,
        "w": 1920
    },
    "head_pose_angle_6drepnet360": {
        "yaw": -3.8300600051879883,
        "pitch": -36.74785232543945,
        "roll": -10.39085578918457
    }
}