{
    "video_name": "wt2023101102",
    "frame_id": 46301,
    "head_bbox": {
        "x0": 629,
        "y0": 110,
        "x1": 668,
        "y1": 161,
        "w": 39,
        "h": 51
    },
    "frame_size": {
        "h": 1080,
        "w": 1920
    },
    "head_pose_angle_6drepnet360": {
        "yaw": -15.675620079040527,
        "pitch": -2.4653944969177246,
        "roll": -3.94287371635437
    }
}