{
    "video_name": "wt2023101102",
    "frame_id": 46401,
    "head_bbox": {
        "x0": 524,
        "y0": 114,
        "x1": 570,
        "y1": 168,
        "w": 46,
        "h": 54
    },
    "frame_size": {
        "h": 1080,
        "w": 1920
    },
    "head_pose_angle_6drepnet360": {
        "yaw": -5.8175835609436035,
        "pitch": -0.009156926535069942,
        "roll": -9.637625694274902
    }
}