{
    "video_name": "wt2023101102",
    "frame_id": 46501,
    "head_bbox": {
        "x0": 528,
        "y0": 113,
        "x1": 571,
        "y1": 169,
        "w": 43,
        "h": 56
    },
    "frame_size": {
        "h": 1080,
        "w": 1920
    },
    "head_pose_angle_6drepnet360": {
        "yaw": 1.0465394258499146,
        "pitch": -2.529971122741699,
        "roll": -6.444933891296387
    }
}