{
    "video_name": "wt2023101102",
    "frame_id": 46601,
    "head_bbox": {
        "x0": 681,
        "y0": 116,
        "x1": 726,
        "y1": 165,
        "w": 45,
        "h": 49
    },
    "frame_size": {
        "h": 1080,
        "w": 1920
    },
    "head_pose_angle_6drepnet360": {
        "yaw": -62.27255630493164,
        "pitch": 132.418212890625,
        "roll": -149.12005615234375
    }
}