{
    "video_name": "wt2023101102",
    "frame_id": 46701,
    "head_bbox": {
        "x0": 503,
        "y0": 137,
        "x1": 546,
        "y1": 194,
        "w": 43,
        "h": 57
    },
    "frame_size": {
        "h": 1080,
        "w": 1920
    },
    "head_pose_angle_6drepnet360": {
        "yaw": 4.861902713775635,
        "pitch": -33.1255989074707,
        "roll": -11.618678092956543
    }
}