{
    "video_name": "wt2023101102",
    "frame_id": 46801,
    "head_bbox": {
        "x0": 511,
        "y0": 128,
        "x1": 554,
        "y1": 189,
        "w": 43,
        "h": 61
    },
    "frame_size": {
        "h": 1080,
        "w": 1920
    },
    "head_pose_angle_6drepnet360": {
        "yaw": 5.254058361053467,
        "pitch": -30.833648681640625,
        "roll": -13.20189380645752
    }
}