{
    "video_name": "wt2023101102",
    "frame_id": 46901,
    "head_bbox": {
        "x0": 476,
        "y0": 139,
        "x1": 518,
        "y1": 192,
        "w": 42,
        "h": 53
    },
    "frame_size": {
        "h": 1080,
        "w": 1920
    },
    "head_pose_angle_6drepnet360": {
        "yaw": -11.693120956420898,
        "pitch": -40.85255432128906,
        "roll": -4.60538911819458
    }
}