{
    "video_name": "wt2023101102",
    "frame_id": 47001,
    "head_bbox": {
        "x0": 481,
        "y0": 148,
        "x1": 525,
        "y1": 204,
        "w": 44,
        "h": 56
    },
    "frame_size": {
        "h": 1080,
        "w": 1920
    },
    "head_pose_angle_6drepnet360": {
        "yaw": -4.097960948944092,
        "pitch": -37.00462341308594,
        "roll": -8.851654052734375
    }
}