{
    "video_name": "wt2023101102",
    "frame_id": 4701,
    "head_bbox": {
        "x0": 513,
        "y0": 119,
        "x1": 557,
        "y1": 171,
        "w": 44,
        "h": 52
    },
    "frame_size": {
        "h": 1080,
        "w": 1920
    },
    "head_pose_angle_6drepnet360": {
        "yaw": 6.403189182281494,
        "pitch": 0.8316419124603271,
        "roll": 11.405774116516113
    }
}