{
    "video_name": "wt2023101102",
    "frame_id": 47301,
    "head_bbox": {
        "x0": 506,
        "y0": 128,
        "x1": 547,
        "y1": 189,
        "w": 41,
        "h": 61
    },
    "frame_size": {
        "h": 1080,
        "w": 1920
    },
    "head_pose_angle_6drepnet360": {
        "yaw": -0.5398267507553101,
        "pitch": -32.47978591918945,
        "roll": -6.928137302398682
    }
}