{
    "video_name": "wt2023101102",
    "frame_id": 47401,
    "head_bbox": {
        "x0": 499,
        "y0": 160,
        "x1": 545,
        "y1": 215,
        "w": 46,
        "h": 55
    },
    "frame_size": {
        "h": 1080,
        "w": 1920
    },
    "head_pose_angle_6drepnet360": {
        "yaw": -6.505298137664795,
        "pitch": -42.38722610473633,
        "roll": -6.194085597991943
    }
}