{
    "video_name": "wt2023101102",
    "frame_id": 47601,
    "head_bbox": {
        "x0": 484,
        "y0": 137,
        "x1": 528,
        "y1": 198,
        "w": 44,
        "h": 61
    },
    "frame_size": {
        "h": 1080,
        "w": 1920
    },
    "head_pose_angle_6drepnet360": {
        "yaw": -2.454817056655884,
        "pitch": -12.317054748535156,
        "roll": -10.045255661010742
    }
}