{
    "video_name": "wt2023101102",
    "frame_id": 47701,
    "head_bbox": {
        "x0": 484,
        "y0": 134,
        "x1": 529,
        "y1": 191,
        "w": 45,
        "h": 57
    },
    "frame_size": {
        "h": 1080,
        "w": 1920
    },
    "head_pose_angle_6drepnet360": {
        "yaw": -0.5081616640090942,
        "pitch": -9.636160850524902,
        "roll": -9.613388061523438
    }
}