{
    "video_name": "wt2023101102",
    "frame_id": 47801,
    "head_bbox": {
        "x0": 486,
        "y0": 132,
        "x1": 532,
        "y1": 191,
        "w": 46,
        "h": 59
    },
    "frame_size": {
        "h": 1080,
        "w": 1920
    },
    "head_pose_angle_6drepnet360": {
        "yaw": -9.42342472076416,
        "pitch": -5.832442760467529,
        "roll": -10.983125686645508
    }
}