{
    "video_name": "wt2023101102",
    "frame_id": 47901,
    "head_bbox": {
        "x0": 487,
        "y0": 132,
        "x1": 531,
        "y1": 189,
        "w": 44,
        "h": 57
    },
    "frame_size": {
        "h": 1080,
        "w": 1920
    },
    "head_pose_angle_6drepnet360": {
        "yaw": -1.306813359260559,
        "pitch": -9.971590995788574,
        "roll": -8.432497024536133
    }
}