{
    "video_name": "wt2023101102",
    "frame_id": 48001,
    "head_bbox": {
        "x0": 489,
        "y0": 131,
        "x1": 532,
        "y1": 190,
        "w": 43,
        "h": 59
    },
    "frame_size": {
        "h": 1080,
        "w": 1920
    },
    "head_pose_angle_6drepnet360": {
        "yaw": -1.870970606803894,
        "pitch": -8.366783142089844,
        "roll": -6.8604536056518555
    }
}