{
    "video_name": "wt2023101102",
    "frame_id": 4801,
    "head_bbox": {
        "x0": 514,
        "y0": 119,
        "x1": 558,
        "y1": 171,
        "w": 44,
        "h": 52
    },
    "frame_size": {
        "h": 1080,
        "w": 1920
    },
    "head_pose_angle_6drepnet360": {
        "yaw": 6.730559349060059,
        "pitch": 1.559935450553894,
        "roll": 10.924764633178711
    }
}