{
    "video_name": "wt2023101102",
    "frame_id": 48101,
    "head_bbox": {
        "x0": 488,
        "y0": 131,
        "x1": 531,
        "y1": 190,
        "w": 43,
        "h": 59
    },
    "frame_size": {
        "h": 1080,
        "w": 1920
    },
    "head_pose_angle_6drepnet360": {
        "yaw": -5.9199604988098145,
        "pitch": -7.333684921264648,
        "roll": -7.438399791717529
    }
}