{
    "video_name": "wt2023101102",
    "frame_id": 48201,
    "head_bbox": {
        "x0": 489,
        "y0": 139,
        "x1": 532,
        "y1": 200,
        "w": 43,
        "h": 61
    },
    "frame_size": {
        "h": 1080,
        "w": 1920
    },
    "head_pose_angle_6drepnet360": {
        "yaw": -4.039016246795654,
        "pitch": -36.891788482666016,
        "roll": -11.964370727539062
    }
}