{
    "video_name": "wt2023101102",
    "frame_id": 48301,
    "head_bbox": {
        "x0": 484,
        "y0": 132,
        "x1": 530,
        "y1": 189,
        "w": 46,
        "h": 57
    },
    "frame_size": {
        "h": 1080,
        "w": 1920
    },
    "head_pose_angle_6drepnet360": {
        "yaw": -4.9473090171813965,
        "pitch": -6.76331901550293,
        "roll": -13.493101119995117
    }
}