{
    "video_name": "wt2023101102",
    "frame_id": 48401,
    "head_bbox": {
        "x0": 492,
        "y0": 139,
        "x1": 535,
        "y1": 200,
        "w": 43,
        "h": 61
    },
    "frame_size": {
        "h": 1080,
        "w": 1920
    },
    "head_pose_angle_6drepnet360": {
        "yaw": -8.796690940856934,
        "pitch": -25.418542861938477,
        "roll": -8.549505233764648
    }
}