{
    "video_name": "wt2023101102",
    "frame_id": 48501,
    "head_bbox": {
        "x0": 488,
        "y0": 130,
        "x1": 532,
        "y1": 187,
        "w": 44,
        "h": 57
    },
    "frame_size": {
        "h": 1080,
        "w": 1920
    },
    "head_pose_angle_6drepnet360": {
        "yaw": -3.0743520259857178,
        "pitch": -6.69672155380249,
        "roll": -4.557456970214844
    }
}