{
    "video_name": "wt2023101102",
    "frame_id": 48601,
    "head_bbox": {
        "x0": 490,
        "y0": 129,
        "x1": 532,
        "y1": 184,
        "w": 42,
        "h": 55
    },
    "frame_size": {
        "h": 1080,
        "w": 1920
    },
    "head_pose_angle_6drepnet360": {
        "yaw": -11.040932655334473,
        "pitch": -4.2326436042785645,
        "roll": -5.710747718811035
    }
}