{
    "video_name": "wt2023101102",
    "frame_id": 48701,
    "head_bbox": {
        "x0": 489,
        "y0": 133,
        "x1": 532,
        "y1": 194,
        "w": 43,
        "h": 61
    },
    "frame_size": {
        "h": 1080,
        "w": 1920
    },
    "head_pose_angle_6drepnet360": {
        "yaw": -6.061224460601807,
        "pitch": -21.712011337280273,
        "roll": -8.165650367736816
    }
}