{
    "video_name": "wt2023101102",
    "frame_id": 48801,
    "head_bbox": {
        "x0": 489,
        "y0": 145,
        "x1": 532,
        "y1": 204,
        "w": 43,
        "h": 59
    },
    "frame_size": {
        "h": 1080,
        "w": 1920
    },
    "head_pose_angle_6drepnet360": {
        "yaw": -7.562431812286377,
        "pitch": -36.72269821166992,
        "roll": -10.81553840637207
    }
}