{
    "video_name": "wt2023101102",
    "frame_id": 48901,
    "head_bbox": {
        "x0": 488,
        "y0": 130,
        "x1": 532,
        "y1": 186,
        "w": 44,
        "h": 56
    },
    "frame_size": {
        "h": 1080,
        "w": 1920
    },
    "head_pose_angle_6drepnet360": {
        "yaw": -5.955868721008301,
        "pitch": -2.999948024749756,
        "roll": -6.784695625305176
    }
}