{
    "video_name": "wt2023101102",
    "frame_id": 49001,
    "head_bbox": {
        "x0": 489,
        "y0": 151,
        "x1": 532,
        "y1": 207,
        "w": 43,
        "h": 56
    },
    "frame_size": {
        "h": 1080,
        "w": 1920
    },
    "head_pose_angle_6drepnet360": {
        "yaw": -5.1290669441223145,
        "pitch": -43.2227897644043,
        "roll": -5.917048931121826
    }
}