{
    "video_name": "wt2023101102",
    "frame_id": 4901,
    "head_bbox": {
        "x0": 505,
        "y0": 140,
        "x1": 545,
        "y1": 192,
        "w": 40,
        "h": 52
    },
    "frame_size": {
        "h": 1080,
        "w": 1920
    },
    "head_pose_angle_6drepnet360": {
        "yaw": -2.826523780822754,
        "pitch": -42.61354064941406,
        "roll": -13.473119735717773
    }
}