{
    "video_name": "wt2023101102",
    "frame_id": 49101,
    "head_bbox": {
        "x0": 523,
        "y0": 127,
        "x1": 563,
        "y1": 187,
        "w": 40,
        "h": 60
    },
    "frame_size": {
        "h": 1080,
        "w": 1920
    },
    "head_pose_angle_6drepnet360": {
        "yaw": 4.808732986450195,
        "pitch": -34.743003845214844,
        "roll": -6.445375442504883
    }
}