{
    "video_name": "wt2023101102",
    "frame_id": 49201,
    "head_bbox": {
        "x0": 488,
        "y0": 150,
        "x1": 531,
        "y1": 203,
        "w": 43,
        "h": 53
    },
    "frame_size": {
        "h": 1080,
        "w": 1920
    },
    "head_pose_angle_6drepnet360": {
        "yaw": -3.732989549636841,
        "pitch": -38.707000732421875,
        "roll": -11.635074615478516
    }
}