{
    "video_name": "wt2023101102",
    "frame_id": 49301,
    "head_bbox": {
        "x0": 495,
        "y0": 139,
        "x1": 538,
        "y1": 200,
        "w": 43,
        "h": 61
    },
    "frame_size": {
        "h": 1080,
        "w": 1920
    },
    "head_pose_angle_6drepnet360": {
        "yaw": -8.677080154418945,
        "pitch": -34.93783187866211,
        "roll": -8.474719047546387
    }
}