{
    "video_name": "wt2023101102",
    "frame_id": 49401,
    "head_bbox": {
        "x0": 488,
        "y0": 145,
        "x1": 532,
        "y1": 201,
        "w": 44,
        "h": 56
    },
    "frame_size": {
        "h": 1080,
        "w": 1920
    },
    "head_pose_angle_6drepnet360": {
        "yaw": -5.44993782043457,
        "pitch": -39.40742492675781,
        "roll": -13.001811981201172
    }
}