{
    "video_name": "wt2023101102",
    "frame_id": 49501,
    "head_bbox": {
        "x0": 645,
        "y0": 119,
        "x1": 689,
        "y1": 170,
        "w": 44,
        "h": 51
    },
    "frame_size": {
        "h": 1080,
        "w": 1920
    },
    "head_pose_angle_6drepnet360": {
        "yaw": -59.973594665527344,
        "pitch": 159.40516662597656,
        "roll": -177.18528747558594
    }
}