{
    "video_name": "wt2023101102",
    "frame_id": 49601,
    "head_bbox": {
        "x0": 744,
        "y0": 115,
        "x1": 784,
        "y1": 163,
        "w": 40,
        "h": 48
    },
    "frame_size": {
        "h": 1080,
        "w": 1920
    },
    "head_pose_angle_6drepnet360": {
        "yaw": -50.854068756103516,
        "pitch": 165.38096618652344,
        "roll": 173.9905242919922
    }
}