{
    "video_name": "wt2023101102",
    "frame_id": 49701,
    "head_bbox": {
        "x0": 772,
        "y0": 112,
        "x1": 810,
        "y1": 158,
        "w": 38,
        "h": 46
    },
    "frame_size": {
        "h": 1080,
        "w": 1920
    },
    "head_pose_angle_6drepnet360": {
        "yaw": -32.533817291259766,
        "pitch": 162.04254150390625,
        "roll": 178.54344177246094
    }
}