{
    "video_name": "wt2023101102",
    "frame_id": 49801,
    "head_bbox": {
        "x0": 734,
        "y0": 115,
        "x1": 772,
        "y1": 164,
        "w": 38,
        "h": 49
    },
    "frame_size": {
        "h": 1080,
        "w": 1920
    },
    "head_pose_angle_6drepnet360": {
        "yaw": -45.54043960571289,
        "pitch": -174.36985778808594,
        "roll": 160.10386657714844
    }
}