{
    "video_name": "wt2023101102",
    "frame_id": 49901,
    "head_bbox": {
        "x0": 732,
        "y0": 114,
        "x1": 772,
        "y1": 162,
        "w": 40,
        "h": 48
    },
    "frame_size": {
        "h": 1080,
        "w": 1920
    },
    "head_pose_angle_6drepnet360": {
        "yaw": -43.06275939941406,
        "pitch": 171.11990356445312,
        "roll": 165.50479125976562
    }
}