{
    "video_name": "wt2023101102",
    "frame_id": 50001,
    "head_bbox": {
        "x0": 771,
        "y0": 114,
        "x1": 812,
        "y1": 164,
        "w": 41,
        "h": 50
    },
    "frame_size": {
        "h": 1080,
        "w": 1920
    },
    "head_pose_angle_6drepnet360": {
        "yaw": -47.92732620239258,
        "pitch": -166.321533203125,
        "roll": 150.7679443359375
    }
}