{
    "video_name": "wt2023101102",
    "frame_id": 5001,
    "head_bbox": {
        "x0": 496,
        "y0": 133,
        "x1": 540,
        "y1": 194,
        "w": 44,
        "h": 61
    },
    "frame_size": {
        "h": 1080,
        "w": 1920
    },
    "head_pose_angle_6drepnet360": {
        "yaw": 8.95124626159668,
        "pitch": -35.39291000366211,
        "roll": -14.613080024719238
    }
}