{
    "video_name": "wt2023101102",
    "frame_id": 501,
    "head_bbox": {
        "x0": 698,
        "y0": 126,
        "x1": 742,
        "y1": 185,
        "w": 44,
        "h": 59
    },
    "frame_size": {
        "h": 1080,
        "w": 1920
    },
    "head_pose_angle_6drepnet360": {
        "yaw": -40.06529235839844,
        "pitch": -17.954744338989258,
        "roll": 6.979727745056152
    }
}