{
    "video_name": "wt2023101102",
    "frame_id": 50101,
    "head_bbox": {
        "x0": 754,
        "y0": 113,
        "x1": 798,
        "y1": 161,
        "w": 44,
        "h": 48
    },
    "frame_size": {
        "h": 1080,
        "w": 1920
    },
    "head_pose_angle_6drepnet360": {
        "yaw": -78.64031982421875,
        "pitch": 115.2356948852539,
        "roll": -128.76658630371094
    }
}