{
    "video_name": "wt2023101102",
    "frame_id": 50201,
    "head_bbox": {
        "x0": 641,
        "y0": 115,
        "x1": 682,
        "y1": 168,
        "w": 41,
        "h": 53
    },
    "frame_size": {
        "h": 1080,
        "w": 1920
    },
    "head_pose_angle_6drepnet360": {
        "yaw": 2.771590232849121,
        "pitch": -5.94639778137207,
        "roll": -6.353181838989258
    }
}