{
    "video_name": "wt2023101102",
    "frame_id": 50301,
    "head_bbox": {
        "x0": 642,
        "y0": 115,
        "x1": 682,
        "y1": 166,
        "w": 40,
        "h": 51
    },
    "frame_size": {
        "h": 1080,
        "w": 1920
    },
    "head_pose_angle_6drepnet360": {
        "yaw": -13.670236587524414,
        "pitch": 0.03140643611550331,
        "roll": -7.14988899230957
    }
}