{
    "video_name": "wt2023101102",
    "frame_id": 50401,
    "head_bbox": {
        "x0": 644,
        "y0": 117,
        "x1": 682,
        "y1": 166,
        "w": 38,
        "h": 49
    },
    "frame_size": {
        "h": 1080,
        "w": 1920
    },
    "head_pose_angle_6drepnet360": {
        "yaw": -13.84081745147705,
        "pitch": -2.136486530303955,
        "roll": -4.241328716278076
    }
}