{
    "video_name": "wt2023101102",
    "frame_id": 50501,
    "head_bbox": {
        "x0": 644,
        "y0": 115,
        "x1": 684,
        "y1": 167,
        "w": 40,
        "h": 52
    },
    "frame_size": {
        "h": 1080,
        "w": 1920
    },
    "head_pose_angle_6drepnet360": {
        "yaw": -13.985441207885742,
        "pitch": 0.3103078007698059,
        "roll": -5.137797832489014
    }
}