{
    "video_name": "wt2023101102",
    "frame_id": 50601,
    "head_bbox": {
        "x0": 648,
        "y0": 115,
        "x1": 689,
        "y1": 170,
        "w": 41,
        "h": 55
    },
    "frame_size": {
        "h": 1080,
        "w": 1920
    },
    "head_pose_angle_6drepnet360": {
        "yaw": -17.844715118408203,
        "pitch": -1.4977164268493652,
        "roll": -1.1756513118743896
    }
}