{
    "video_name": "wt2023101102",
    "frame_id": 50701,
    "head_bbox": {
        "x0": 649,
        "y0": 115,
        "x1": 690,
        "y1": 169,
        "w": 41,
        "h": 54
    },
    "frame_size": {
        "h": 1080,
        "w": 1920
    },
    "head_pose_angle_6drepnet360": {
        "yaw": -20.609975814819336,
        "pitch": 0.24302372336387634,
        "roll": 2.3613665103912354
    }
}