{
    "video_name": "wt2023101102",
    "frame_id": 50801,
    "head_bbox": {
        "x0": 645,
        "y0": 115,
        "x1": 686,
        "y1": 165,
        "w": 41,
        "h": 50
    },
    "frame_size": {
        "h": 1080,
        "w": 1920
    },
    "head_pose_angle_6drepnet360": {
        "yaw": -25.10733985900879,
        "pitch": 4.50811767578125,
        "roll": -5.044496059417725
    }
}