{
    "video_name": "wt2023101102",
    "frame_id": 50901,
    "head_bbox": {
        "x0": 684,
        "y0": 117,
        "x1": 733,
        "y1": 170,
        "w": 49,
        "h": 53
    },
    "frame_size": {
        "h": 1080,
        "w": 1920
    },
    "head_pose_angle_6drepnet360": {
        "yaw": -73.7967529296875,
        "pitch": 63.7548713684082,
        "roll": -74.31976318359375
    }
}