{
    "video_name": "wt2023101102",
    "frame_id": 51001,
    "head_bbox": {
        "x0": 683,
        "y0": 116,
        "x1": 729,
        "y1": 167,
        "w": 46,
        "h": 51
    },
    "frame_size": {
        "h": 1080,
        "w": 1920
    },
    "head_pose_angle_6drepnet360": {
        "yaw": -54.18173599243164,
        "pitch": 156.80441284179688,
        "roll": -163.9073028564453
    }
}