{
    "video_name": "wt2023101102",
    "frame_id": 5101,
    "head_bbox": {
        "x0": 500,
        "y0": 133,
        "x1": 543,
        "y1": 192,
        "w": 43,
        "h": 59
    },
    "frame_size": {
        "h": 1080,
        "w": 1920
    },
    "head_pose_angle_6drepnet360": {
        "yaw": 6.119063854217529,
        "pitch": -31.998727798461914,
        "roll": -12.955499649047852
    }
}