{
    "video_name": "wt2023101102",
    "frame_id": 51101,
    "head_bbox": {
        "x0": 732,
        "y0": 114,
        "x1": 772,
        "y1": 164,
        "w": 40,
        "h": 50
    },
    "frame_size": {
        "h": 1080,
        "w": 1920
    },
    "head_pose_angle_6drepnet360": {
        "yaw": -55.32652282714844,
        "pitch": -179.8667449951172,
        "roll": 171.8473663330078
    }
}