{
    "video_name": "wt2023101102",
    "frame_id": 51201,
    "head_bbox": {
        "x0": 770,
        "y0": 112,
        "x1": 810,
        "y1": 159,
        "w": 40,
        "h": 47
    },
    "frame_size": {
        "h": 1080,
        "w": 1920
    },
    "head_pose_angle_6drepnet360": {
        "yaw": -46.67168045043945,
        "pitch": 165.62425231933594,
        "roll": 171.5895233154297
    }
}