{
    "video_name": "wt2023101102",
    "frame_id": 51301,
    "head_bbox": {
        "x0": 661,
        "y0": 114,
        "x1": 701,
        "y1": 165,
        "w": 40,
        "h": 51
    },
    "frame_size": {
        "h": 1080,
        "w": 1920
    },
    "head_pose_angle_6drepnet360": {
        "yaw": -19.39604377746582,
        "pitch": -0.4512348473072052,
        "roll": -4.1350417137146
    }
}