{
    "video_name": "wt2023101102",
    "frame_id": 51401,
    "head_bbox": {
        "x0": 651,
        "y0": 114,
        "x1": 692,
        "y1": 167,
        "w": 41,
        "h": 53
    },
    "frame_size": {
        "h": 1080,
        "w": 1920
    },
    "head_pose_angle_6drepnet360": {
        "yaw": -28.950660705566406,
        "pitch": 0.18386808037757874,
        "roll": 0.8452855348587036
    }
}