{
    "video_name": "wt2023101102",
    "frame_id": 51501,
    "head_bbox": {
        "x0": 651,
        "y0": 113,
        "x1": 692,
        "y1": 167,
        "w": 41,
        "h": 54
    },
    "frame_size": {
        "h": 1080,
        "w": 1920
    },
    "head_pose_angle_6drepnet360": {
        "yaw": -36.21560287475586,
        "pitch": -2.157836437225342,
        "roll": 3.3053088188171387
    }
}