{
    "video_name": "wt2023101102",
    "frame_id": 51601,
    "head_bbox": {
        "x0": 779,
        "y0": 113,
        "x1": 819,
        "y1": 159,
        "w": 40,
        "h": 46
    },
    "frame_size": {
        "h": 1080,
        "w": 1920
    },
    "head_pose_angle_6drepnet360": {
        "yaw": -31.60361099243164,
        "pitch": 146.48373413085938,
        "roll": -179.9414825439453
    }
}