{
    "video_name": "wt2023101102",
    "frame_id": 51701,
    "head_bbox": {
        "x0": 734,
        "y0": 115,
        "x1": 774,
        "y1": 167,
        "w": 40,
        "h": 52
    },
    "frame_size": {
        "h": 1080,
        "w": 1920
    },
    "head_pose_angle_6drepnet360": {
        "yaw": -29.57571029663086,
        "pitch": 3.564962863922119,
        "roll": -9.031152725219727
    }
}