{
    "video_name": "wt2023101102",
    "frame_id": 51801,
    "head_bbox": {
        "x0": 612,
        "y0": 114,
        "x1": 650,
        "y1": 156,
        "w": 38,
        "h": 42
    },
    "frame_size": {
        "h": 1080,
        "w": 1920
    },
    "head_pose_angle_6drepnet360": {
        "yaw": 7.981569766998291,
        "pitch": 151.27499389648438,
        "roll": -179.06442260742188
    }
}