{
    "video_name": "wt2023101102",
    "frame_id": 51901,
    "head_bbox": {
        "x0": 688,
        "y0": 117,
        "x1": 734,
        "y1": 164,
        "w": 46,
        "h": 47
    },
    "frame_size": {
        "h": 1080,
        "w": 1920
    },
    "head_pose_angle_6drepnet360": {
        "yaw": -49.463592529296875,
        "pitch": 150.1194305419922,
        "roll": -176.3253173828125
    }
}