{
    "video_name": "wt2023101102",
    "frame_id": 5201,
    "head_bbox": {
        "x0": 508,
        "y0": 119,
        "x1": 551,
        "y1": 175,
        "w": 43,
        "h": 56
    },
    "frame_size": {
        "h": 1080,
        "w": 1920
    },
    "head_pose_angle_6drepnet360": {
        "yaw": 12.246994018554688,
        "pitch": -4.5490851402282715,
        "roll": 4.6787638664245605
    }
}