{
    "video_name": "wt2023101102",
    "frame_id": 52101,
    "head_bbox": {
        "x0": 672,
        "y0": 111,
        "x1": 712,
        "y1": 160,
        "w": 40,
        "h": 49
    },
    "frame_size": {
        "h": 1080,
        "w": 1920
    },
    "head_pose_angle_6drepnet360": {
        "yaw": -10.599885940551758,
        "pitch": 2.4549484252929688,
        "roll": 0.46537694334983826
    }
}