{
    "video_name": "wt2023101102",
    "frame_id": 52201,
    "head_bbox": {
        "x0": 680,
        "y0": 113,
        "x1": 719,
        "y1": 163,
        "w": 39,
        "h": 50
    },
    "frame_size": {
        "h": 1080,
        "w": 1920
    },
    "head_pose_angle_6drepnet360": {
        "yaw": -8.966619491577148,
        "pitch": -1.0610041618347168,
        "roll": 0.7760841846466064
    }
}