{
    "video_name": "wt2023101102",
    "frame_id": 52301,
    "head_bbox": {
        "x0": 679,
        "y0": 113,
        "x1": 719,
        "y1": 165,
        "w": 40,
        "h": 52
    },
    "frame_size": {
        "h": 1080,
        "w": 1920
    },
    "head_pose_angle_6drepnet360": {
        "yaw": -7.975930213928223,
        "pitch": -4.426393032073975,
        "roll": 1.0138074159622192
    }
}