{
    "video_name": "wt2023101102",
    "frame_id": 52401,
    "head_bbox": {
        "x0": 746,
        "y0": 116,
        "x1": 789,
        "y1": 162,
        "w": 43,
        "h": 46
    },
    "frame_size": {
        "h": 1080,
        "w": 1920
    },
    "head_pose_angle_6drepnet360": {
        "yaw": -49.66846466064453,
        "pitch": 151.7613067626953,
        "roll": -171.0185089111328
    }
}