{
    "video_name": "wt2023101102",
    "frame_id": 52601,
    "head_bbox": {
        "x0": 672,
        "y0": 113,
        "x1": 711,
        "y1": 164,
        "w": 39,
        "h": 51
    },
    "frame_size": {
        "h": 1080,
        "w": 1920
    },
    "head_pose_angle_6drepnet360": {
        "yaw": -1.9979709386825562,
        "pitch": -2.4599976539611816,
        "roll": -1.4333943128585815
    }
}