{
    "video_name": "wt2023101102",
    "frame_id": 52701,
    "head_bbox": {
        "x0": 673,
        "y0": 113,
        "x1": 712,
        "y1": 164,
        "w": 39,
        "h": 51
    },
    "frame_size": {
        "h": 1080,
        "w": 1920
    },
    "head_pose_angle_6drepnet360": {
        "yaw": -3.248589277267456,
        "pitch": -2.9837892055511475,
        "roll": 1.638556957244873
    }
}