{
    "video_name": "wt2023101102",
    "frame_id": 52801,
    "head_bbox": {
        "x0": 751,
        "y0": 122,
        "x1": 793,
        "y1": 172,
        "w": 42,
        "h": 50
    },
    "frame_size": {
        "h": 1080,
        "w": 1920
    },
    "head_pose_angle_6drepnet360": {
        "yaw": -52.26041030883789,
        "pitch": 158.77279663085938,
        "roll": -179.2742462158203
    }
}