{
    "video_name": "wt2023101102",
    "frame_id": 52901,
    "head_bbox": {
        "x0": 748,
        "y0": 125,
        "x1": 789,
        "y1": 173,
        "w": 41,
        "h": 48
    },
    "frame_size": {
        "h": 1080,
        "w": 1920
    },
    "head_pose_angle_6drepnet360": {
        "yaw": -52.909446716308594,
        "pitch": 160.5121612548828,
        "roll": -179.6166229248047
    }
}