{
    "video_name": "wt2023101102",
    "frame_id": 53001,
    "head_bbox": {
        "x0": 798,
        "y0": 114,
        "x1": 841,
        "y1": 161,
        "w": 43,
        "h": 47
    },
    "frame_size": {
        "h": 1080,
        "w": 1920
    },
    "head_pose_angle_6drepnet360": {
        "yaw": -44.15404510498047,
        "pitch": 161.03492736816406,
        "roll": 171.6827392578125
    }
}