{
    "video_name": "wt2023101102",
    "frame_id": 5301,
    "head_bbox": {
        "x0": 511,
        "y0": 119,
        "x1": 551,
        "y1": 172,
        "w": 40,
        "h": 53
    },
    "frame_size": {
        "h": 1080,
        "w": 1920
    },
    "head_pose_angle_6drepnet360": {
        "yaw": 13.751598358154297,
        "pitch": -1.9421979188919067,
        "roll": 4.148968696594238
    }
}