{
    "video_name": "wt2023101102",
    "frame_id": 53101,
    "head_bbox": {
        "x0": 848,
        "y0": 112,
        "x1": 886,
        "y1": 161,
        "w": 38,
        "h": 49
    },
    "frame_size": {
        "h": 1080,
        "w": 1920
    },
    "head_pose_angle_6drepnet360": {
        "yaw": -38.091819763183594,
        "pitch": 165.63645935058594,
        "roll": 171.98878479003906
    }
}