{
    "video_name": "wt2023101102",
    "frame_id": 53201,
    "head_bbox": {
        "x0": 715,
        "y0": 116,
        "x1": 754,
        "y1": 170,
        "w": 39,
        "h": 54
    },
    "frame_size": {
        "h": 1080,
        "w": 1920
    },
    "head_pose_angle_6drepnet360": {
        "yaw": -14.417326927185059,
        "pitch": -2.9750113487243652,
        "roll": -3.2177352905273438
    }
}