{
    "video_name": "wt2023101102",
    "frame_id": 53301,
    "head_bbox": {
        "x0": 882,
        "y0": 114,
        "x1": 922,
        "y1": 161,
        "w": 40,
        "h": 47
    },
    "frame_size": {
        "h": 1080,
        "w": 1920
    },
    "head_pose_angle_6drepnet360": {
        "yaw": -46.4378662109375,
        "pitch": 159.9186248779297,
        "roll": 178.82586669921875
    }
}