{
    "video_name": "wt2023101102",
    "frame_id": 53401,
    "head_bbox": {
        "x0": 847,
        "y0": 112,
        "x1": 884,
        "y1": 159,
        "w": 37,
        "h": 47
    },
    "frame_size": {
        "h": 1080,
        "w": 1920
    },
    "head_pose_angle_6drepnet360": {
        "yaw": -12.747258186340332,
        "pitch": 157.22386169433594,
        "roll": 179.16200256347656
    }
}