{
    "video_name": "wt2023101102",
    "frame_id": 53501,
    "head_bbox": {
        "x0": 820,
        "y0": 113,
        "x1": 862,
        "y1": 161,
        "w": 42,
        "h": 48
    },
    "frame_size": {
        "h": 1080,
        "w": 1920
    },
    "head_pose_angle_6drepnet360": {
        "yaw": -70.05256652832031,
        "pitch": 132.93777465820312,
        "roll": -154.46697998046875
    }
}