{
    "video_name": "wt2023101102",
    "frame_id": 53601,
    "head_bbox": {
        "x0": 677,
        "y0": 121,
        "x1": 717,
        "y1": 181,
        "w": 40,
        "h": 60
    },
    "frame_size": {
        "h": 1080,
        "w": 1920
    },
    "head_pose_angle_6drepnet360": {
        "yaw": 3.3973703384399414,
        "pitch": -21.65353012084961,
        "roll": -1.2262340784072876
    }
}