{
    "video_name": "wt2023101102",
    "frame_id": 53701,
    "head_bbox": {
        "x0": 514,
        "y0": 150,
        "x1": 556,
        "y1": 201,
        "w": 42,
        "h": 51
    },
    "frame_size": {
        "h": 1080,
        "w": 1920
    },
    "head_pose_angle_6drepnet360": {
        "yaw": -2.2427005767822266,
        "pitch": -44.180572509765625,
        "roll": -9.355232238769531
    }
}