{
    "video_name": "wt2023101102",
    "frame_id": 53901,
    "head_bbox": {
        "x0": 625,
        "y0": 120,
        "x1": 671,
        "y1": 169,
        "w": 46,
        "h": 49
    },
    "frame_size": {
        "h": 1080,
        "w": 1920
    },
    "head_pose_angle_6drepnet360": {
        "yaw": -67.62134552001953,
        "pitch": 129.62347412109375,
        "roll": -159.7460174560547
    }
}