{
    "video_name": "wt2023101102",
    "frame_id": 54001,
    "head_bbox": {
        "x0": 587,
        "y0": 112,
        "x1": 628,
        "y1": 164,
        "w": 41,
        "h": 52
    },
    "frame_size": {
        "h": 1080,
        "w": 1920
    },
    "head_pose_angle_6drepnet360": {
        "yaw": -2.6075844764709473,
        "pitch": -3.45603346824646,
        "roll": -3.936239004135132
    }
}