{
    "video_name": "wt2023101102",
    "frame_id": 5401,
    "head_bbox": {
        "x0": 493,
        "y0": 126,
        "x1": 538,
        "y1": 186,
        "w": 45,
        "h": 60
    },
    "frame_size": {
        "h": 1080,
        "w": 1920
    },
    "head_pose_angle_6drepnet360": {
        "yaw": 32.977783203125,
        "pitch": -40.434391021728516,
        "roll": -21.920818328857422
    }
}