{
    "video_name": "wt2023101102",
    "frame_id": 54101,
    "head_bbox": {
        "x0": 510,
        "y0": 140,
        "x1": 554,
        "y1": 195,
        "w": 44,
        "h": 55
    },
    "frame_size": {
        "h": 1080,
        "w": 1920
    },
    "head_pose_angle_6drepnet360": {
        "yaw": 11.628142356872559,
        "pitch": -47.39005661010742,
        "roll": -14.3641357421875
    }
}