{
    "video_name": "wt2023101102",
    "frame_id": 54201,
    "head_bbox": {
        "x0": 485,
        "y0": 145,
        "x1": 529,
        "y1": 200,
        "w": 44,
        "h": 55
    },
    "frame_size": {
        "h": 1080,
        "w": 1920
    },
    "head_pose_angle_6drepnet360": {
        "yaw": 8.290427207946777,
        "pitch": -44.29500198364258,
        "roll": -13.225236892700195
    }
}