{
    "video_name": "wt2023101102",
    "frame_id": 54401,
    "head_bbox": {
        "x0": 481,
        "y0": 124,
        "x1": 525,
        "y1": 177,
        "w": 44,
        "h": 53
    },
    "frame_size": {
        "h": 1080,
        "w": 1920
    },
    "head_pose_angle_6drepnet360": {
        "yaw": -28.709135055541992,
        "pitch": 3.5400214195251465,
        "roll": -3.1976318359375
    }
}