{
    "video_name": "wt2023101102",
    "frame_id": 54501,
    "head_bbox": {
        "x0": 484,
        "y0": 150,
        "x1": 529,
        "y1": 207,
        "w": 45,
        "h": 57
    },
    "frame_size": {
        "h": 1080,
        "w": 1920
    },
    "head_pose_angle_6drepnet360": {
        "yaw": 3.855395555496216,
        "pitch": -32.74506378173828,
        "roll": -9.396037101745605
    }
}