{
    "video_name": "wt2023101102",
    "frame_id": 54601,
    "head_bbox": {
        "x0": 480,
        "y0": 153,
        "x1": 525,
        "y1": 206,
        "w": 45,
        "h": 53
    },
    "frame_size": {
        "h": 1080,
        "w": 1920
    },
    "head_pose_angle_6drepnet360": {
        "yaw": 4.894839286804199,
        "pitch": -51.849605560302734,
        "roll": -19.438203811645508
    }
}