{
    "video_name": "wt2023101102",
    "frame_id": 54701,
    "head_bbox": {
        "x0": 514,
        "y0": 135,
        "x1": 555,
        "y1": 195,
        "w": 41,
        "h": 60
    },
    "frame_size": {
        "h": 1080,
        "w": 1920
    },
    "head_pose_angle_6drepnet360": {
        "yaw": -18.428749084472656,
        "pitch": -34.27101516723633,
        "roll": 6.85980224609375
    }
}