{
    "video_name": "wt2023101102",
    "frame_id": 54801,
    "head_bbox": {
        "x0": 603,
        "y0": 125,
        "x1": 650,
        "y1": 172,
        "w": 47,
        "h": 47
    },
    "frame_size": {
        "h": 1080,
        "w": 1920
    },
    "head_pose_angle_6drepnet360": {
        "yaw": -56.69249725341797,
        "pitch": 134.65403747558594,
        "roll": -163.24298095703125
    }
}