{
    "video_name": "wt2023101102",
    "frame_id": 54901,
    "head_bbox": {
        "x0": 551,
        "y0": 117,
        "x1": 594,
        "y1": 172,
        "w": 43,
        "h": 55
    },
    "frame_size": {
        "h": 1080,
        "w": 1920
    },
    "head_pose_angle_6drepnet360": {
        "yaw": -25.338058471679688,
        "pitch": -2.1658267974853516,
        "roll": -3.2056448459625244
    }
}