{
    "video_name": "wt2023101102",
    "frame_id": 55001,
    "head_bbox": {
        "x0": 502,
        "y0": 119,
        "x1": 547,
        "y1": 174,
        "w": 45,
        "h": 55
    },
    "frame_size": {
        "h": 1080,
        "w": 1920
    },
    "head_pose_angle_6drepnet360": {
        "yaw": 1.4296655654907227,
        "pitch": -9.276487350463867,
        "roll": -2.2171759605407715
    }
}