{
    "video_name": "wt2023101102",
    "frame_id": 5501,
    "head_bbox": {
        "x0": 501,
        "y0": 132,
        "x1": 542,
        "y1": 187,
        "w": 41,
        "h": 55
    },
    "frame_size": {
        "h": 1080,
        "w": 1920
    },
    "head_pose_angle_6drepnet360": {
        "yaw": 5.052286624908447,
        "pitch": -43.23971176147461,
        "roll": -8.290776252746582
    }
}