{
    "video_name": "wt2023101102",
    "frame_id": 55101,
    "head_bbox": {
        "x0": 508,
        "y0": 116,
        "x1": 551,
        "y1": 170,
        "w": 43,
        "h": 54
    },
    "frame_size": {
        "h": 1080,
        "w": 1920
    },
    "head_pose_angle_6drepnet360": {
        "yaw": -11.929286003112793,
        "pitch": -1.6195260286331177,
        "roll": -1.3350144624710083
    }
}