{
    "video_name": "wt2023101102",
    "frame_id": 55201,
    "head_bbox": {
        "x0": 511,
        "y0": 116,
        "x1": 553,
        "y1": 170,
        "w": 42,
        "h": 54
    },
    "frame_size": {
        "h": 1080,
        "w": 1920
    },
    "head_pose_angle_6drepnet360": {
        "yaw": -8.070185661315918,
        "pitch": -3.1604020595550537,
        "roll": 1.4985442161560059
    }
}