{
    "video_name": "wt2023101102",
    "frame_id": 55301,
    "head_bbox": {
        "x0": 505,
        "y0": 140,
        "x1": 546,
        "y1": 194,
        "w": 41,
        "h": 54
    },
    "frame_size": {
        "h": 1080,
        "w": 1920
    },
    "head_pose_angle_6drepnet360": {
        "yaw": 5.075113773345947,
        "pitch": -37.80597686767578,
        "roll": -15.628913879394531
    }
}