{
    "video_name": "wt2023101102",
    "frame_id": 55401,
    "head_bbox": {
        "x0": 498,
        "y0": 149,
        "x1": 541,
        "y1": 200,
        "w": 43,
        "h": 51
    },
    "frame_size": {
        "h": 1080,
        "w": 1920
    },
    "head_pose_angle_6drepnet360": {
        "yaw": 2.685595750808716,
        "pitch": -48.0451545715332,
        "roll": -11.5082426071167
    }
}