{
    "video_name": "wt2023101102",
    "frame_id": 55501,
    "head_bbox": {
        "x0": 498,
        "y0": 151,
        "x1": 541,
        "y1": 204,
        "w": 43,
        "h": 53
    },
    "frame_size": {
        "h": 1080,
        "w": 1920
    },
    "head_pose_angle_6drepnet360": {
        "yaw": 1.4507874250411987,
        "pitch": -49.23184585571289,
        "roll": -9.327153205871582
    }
}