{
    "video_name": "wt2023101102",
    "frame_id": 55601,
    "head_bbox": {
        "x0": 493,
        "y0": 148,
        "x1": 536,
        "y1": 208,
        "w": 43,
        "h": 60
    },
    "frame_size": {
        "h": 1080,
        "w": 1920
    },
    "head_pose_angle_6drepnet360": {
        "yaw": -7.291151523590088,
        "pitch": -39.022613525390625,
        "roll": -8.177948951721191
    }
}