{
    "video_name": "wt2023101102",
    "frame_id": 55701,
    "head_bbox": {
        "x0": 492,
        "y0": 147,
        "x1": 535,
        "y1": 205,
        "w": 43,
        "h": 58
    },
    "frame_size": {
        "h": 1080,
        "w": 1920
    },
    "head_pose_angle_6drepnet360": {
        "yaw": -4.7987961769104,
        "pitch": -37.02695846557617,
        "roll": -8.026427268981934
    }
}