{
    "video_name": "wt2023101102",
    "frame_id": 55801,
    "head_bbox": {
        "x0": 490,
        "y0": 145,
        "x1": 533,
        "y1": 203,
        "w": 43,
        "h": 58
    },
    "frame_size": {
        "h": 1080,
        "w": 1920
    },
    "head_pose_angle_6drepnet360": {
        "yaw": 1.2385985851287842,
        "pitch": -42.68886184692383,
        "roll": -10.889585494995117
    }
}