{
    "video_name": "wt2023101102",
    "frame_id": 55901,
    "head_bbox": {
        "x0": 493,
        "y0": 143,
        "x1": 535,
        "y1": 203,
        "w": 42,
        "h": 60
    },
    "frame_size": {
        "h": 1080,
        "w": 1920
    },
    "head_pose_angle_6drepnet360": {
        "yaw": 0.09197040647268295,
        "pitch": -36.11468505859375,
        "roll": -7.465492248535156
    }
}