{
    "video_name": "wt2023101102",
    "frame_id": 56001,
    "head_bbox": {
        "x0": 492,
        "y0": 146,
        "x1": 535,
        "y1": 202,
        "w": 43,
        "h": 56
    },
    "frame_size": {
        "h": 1080,
        "w": 1920
    },
    "head_pose_angle_6drepnet360": {
        "yaw": -2.8237030506134033,
        "pitch": -41.88581085205078,
        "roll": -10.754480361938477
    }
}