{
    "video_name": "wt2023101102",
    "frame_id": 5601,
    "head_bbox": {
        "x0": 462,
        "y0": 108,
        "x1": 505,
        "y1": 156,
        "w": 43,
        "h": 48
    },
    "frame_size": {
        "h": 1080,
        "w": 1920
    },
    "head_pose_angle_6drepnet360": {
        "yaw": -26.4776668548584,
        "pitch": 152.93455505371094,
        "roll": -170.74050903320312
    }
}