{
    "video_name": "wt2023101102",
    "frame_id": 56101,
    "head_bbox": {
        "x0": 488,
        "y0": 146,
        "x1": 533,
        "y1": 204,
        "w": 45,
        "h": 58
    },
    "frame_size": {
        "h": 1080,
        "w": 1920
    },
    "head_pose_angle_6drepnet360": {
        "yaw": 10.282088279724121,
        "pitch": -51.26301956176758,
        "roll": -14.380456924438477
    }
}