{
    "video_name": "wt2023101102",
    "frame_id": 56201,
    "head_bbox": {
        "x0": 493,
        "y0": 144,
        "x1": 535,
        "y1": 203,
        "w": 42,
        "h": 59
    },
    "frame_size": {
        "h": 1080,
        "w": 1920
    },
    "head_pose_angle_6drepnet360": {
        "yaw": -4.078969955444336,
        "pitch": -37.31310272216797,
        "roll": -10.97545337677002
    }
}