{
    "video_name": "wt2023101102",
    "frame_id": 56301,
    "head_bbox": {
        "x0": 750,
        "y0": 116,
        "x1": 791,
        "y1": 162,
        "w": 41,
        "h": 46
    },
    "frame_size": {
        "h": 1080,
        "w": 1920
    },
    "head_pose_angle_6drepnet360": {
        "yaw": -58.96773910522461,
        "pitch": 160.1575164794922,
        "roll": -174.54483032226562
    }
}