{
    "video_name": "wt2023101102",
    "frame_id": 56501,
    "head_bbox": {
        "x0": 518,
        "y0": 132,
        "x1": 558,
        "y1": 193,
        "w": 40,
        "h": 61
    },
    "frame_size": {
        "h": 1080,
        "w": 1920
    },
    "head_pose_angle_6drepnet360": {
        "yaw": 9.61742115020752,
        "pitch": -28.791248321533203,
        "roll": -7.858722686767578
    }
}