{
    "video_name": "wt2023101102",
    "frame_id": 56601,
    "head_bbox": {
        "x0": 514,
        "y0": 126,
        "x1": 556,
        "y1": 187,
        "w": 42,
        "h": 61
    },
    "frame_size": {
        "h": 1080,
        "w": 1920
    },
    "head_pose_angle_6drepnet360": {
        "yaw": -14.474271774291992,
        "pitch": -11.850276947021484,
        "roll": 1.3682878017425537
    }
}