{
    "video_name": "wt2023101102",
    "frame_id": 56701,
    "head_bbox": {
        "x0": 505,
        "y0": 154,
        "x1": 548,
        "y1": 208,
        "w": 43,
        "h": 54
    },
    "frame_size": {
        "h": 1080,
        "w": 1920
    },
    "head_pose_angle_6drepnet360": {
        "yaw": -4.507290363311768,
        "pitch": -40.70991134643555,
        "roll": -5.164583683013916
    }
}