{
    "video_name": "wt2023101102",
    "frame_id": 56801,
    "head_bbox": {
        "x0": 503,
        "y0": 152,
        "x1": 546,
        "y1": 204,
        "w": 43,
        "h": 52
    },
    "frame_size": {
        "h": 1080,
        "w": 1920
    },
    "head_pose_angle_6drepnet360": {
        "yaw": -1.4349207878112793,
        "pitch": -47.71280288696289,
        "roll": -5.462653160095215
    }
}