{
    "video_name": "wt2023101102",
    "frame_id": 56901,
    "head_bbox": {
        "x0": 503,
        "y0": 152,
        "x1": 545,
        "y1": 207,
        "w": 42,
        "h": 55
    },
    "frame_size": {
        "h": 1080,
        "w": 1920
    },
    "head_pose_angle_6drepnet360": {
        "yaw": -4.49075984954834,
        "pitch": -37.96486282348633,
        "roll": -5.1752424240112305
    }
}