{
    "video_name": "wt2023101102",
    "frame_id": 57001,
    "head_bbox": {
        "x0": 483,
        "y0": 157,
        "x1": 528,
        "y1": 212,
        "w": 45,
        "h": 55
    },
    "frame_size": {
        "h": 1080,
        "w": 1920
    },
    "head_pose_angle_6drepnet360": {
        "yaw": 1.6074447631835938,
        "pitch": -46.092525482177734,
        "roll": -11.700613021850586
    }
}