{
    "video_name": "wt2023101102",
    "frame_id": 5701,
    "head_bbox": {
        "x0": 477,
        "y0": 108,
        "x1": 520,
        "y1": 155,
        "w": 43,
        "h": 47
    },
    "frame_size": {
        "h": 1080,
        "w": 1920
    },
    "head_pose_angle_6drepnet360": {
        "yaw": -35.18282699584961,
        "pitch": 151.51296997070312,
        "roll": -175.39730834960938
    }
}