{
    "video_name": "wt2023101102",
    "frame_id": 57101,
    "head_bbox": {
        "x0": 487,
        "y0": 150,
        "x1": 531,
        "y1": 207,
        "w": 44,
        "h": 57
    },
    "frame_size": {
        "h": 1080,
        "w": 1920
    },
    "head_pose_angle_6drepnet360": {
        "yaw": -0.8457883596420288,
        "pitch": -43.62614822387695,
        "roll": -9.504611015319824
    }
}