{
    "video_name": "wt2023101102",
    "frame_id": 57201,
    "head_bbox": {
        "x0": 501,
        "y0": 147,
        "x1": 544,
        "y1": 203,
        "w": 43,
        "h": 56
    },
    "frame_size": {
        "h": 1080,
        "w": 1920
    },
    "head_pose_angle_6drepnet360": {
        "yaw": -7.348644733428955,
        "pitch": -36.47372055053711,
        "roll": -4.103890895843506
    }
}