{
    "video_name": "wt2023101102",
    "frame_id": 57301,
    "head_bbox": {
        "x0": 555,
        "y0": 130,
        "x1": 594,
        "y1": 189,
        "w": 39,
        "h": 59
    },
    "frame_size": {
        "h": 1080,
        "w": 1920
    },
    "head_pose_angle_6drepnet360": {
        "yaw": 8.353306770324707,
        "pitch": -28.45408058166504,
        "roll": -1.9033970832824707
    }
}