{
    "video_name": "wt2023101102",
    "frame_id": 57401,
    "head_bbox": {
        "x0": 502,
        "y0": 129,
        "x1": 544,
        "y1": 191,
        "w": 42,
        "h": 62
    },
    "frame_size": {
        "h": 1080,
        "w": 1920
    },
    "head_pose_angle_6drepnet360": {
        "yaw": 10.058722496032715,
        "pitch": -33.696815490722656,
        "roll": -14.111639976501465
    }
}