{
    "video_name": "wt2023101102",
    "frame_id": 57501,
    "head_bbox": {
        "x0": 504,
        "y0": 146,
        "x1": 546,
        "y1": 199,
        "w": 42,
        "h": 53
    },
    "frame_size": {
        "h": 1080,
        "w": 1920
    },
    "head_pose_angle_6drepnet360": {
        "yaw": -0.45137739181518555,
        "pitch": -38.43657684326172,
        "roll": -14.070798873901367
    }
}