{
    "video_name": "wt2023101102",
    "frame_id": 57601,
    "head_bbox": {
        "x0": 490,
        "y0": 152,
        "x1": 533,
        "y1": 211,
        "w": 43,
        "h": 59
    },
    "frame_size": {
        "h": 1080,
        "w": 1920
    },
    "head_pose_angle_6drepnet360": {
        "yaw": -0.8885369896888733,
        "pitch": -43.06339645385742,
        "roll": -7.96448278427124
    }
}