{
    "video_name": "wt2023101102",
    "frame_id": 57701,
    "head_bbox": {
        "x0": 488,
        "y0": 154,
        "x1": 533,
        "y1": 208,
        "w": 45,
        "h": 54
    },
    "frame_size": {
        "h": 1080,
        "w": 1920
    },
    "head_pose_angle_6drepnet360": {
        "yaw": 1.1116050481796265,
        "pitch": -28.910377502441406,
        "roll": -9.582447052001953
    }
}