{
    "video_name": "wt2023101102",
    "frame_id": 57801,
    "head_bbox": {
        "x0": 502,
        "y0": 140,
        "x1": 543,
        "y1": 201,
        "w": 41,
        "h": 61
    },
    "frame_size": {
        "h": 1080,
        "w": 1920
    },
    "head_pose_angle_6drepnet360": {
        "yaw": -12.346113204956055,
        "pitch": -40.98110580444336,
        "roll": -0.5023790597915649
    }
}