{
    "video_name": "wt2023101102",
    "frame_id": 57901,
    "head_bbox": {
        "x0": 739,
        "y0": 112,
        "x1": 780,
        "y1": 158,
        "w": 41,
        "h": 46
    },
    "frame_size": {
        "h": 1080,
        "w": 1920
    },
    "head_pose_angle_6drepnet360": {
        "yaw": -34.847957611083984,
        "pitch": 152.91070556640625,
        "roll": -176.75009155273438
    }
}