{
    "video_name": "wt2023101102",
    "frame_id": 58001,
    "head_bbox": {
        "x0": 796,
        "y0": 112,
        "x1": 837,
        "y1": 161,
        "w": 41,
        "h": 49
    },
    "frame_size": {
        "h": 1080,
        "w": 1920
    },
    "head_pose_angle_6drepnet360": {
        "yaw": -45.349918365478516,
        "pitch": 155.2899932861328,
        "roll": 179.04815673828125
    }
}