{
    "video_name": "wt2023101102",
    "frame_id": 5801,
    "head_bbox": {
        "x0": 498,
        "y0": 114,
        "x1": 548,
        "y1": 166,
        "w": 50,
        "h": 52
    },
    "frame_size": {
        "h": 1080,
        "w": 1920
    },
    "head_pose_angle_6drepnet360": {
        "yaw": -71.60075378417969,
        "pitch": 49.691062927246094,
        "roll": -59.59193420410156
    }
}