{
    "video_name": "wt2023101102",
    "frame_id": 58101,
    "head_bbox": {
        "x0": 817,
        "y0": 113,
        "x1": 859,
        "y1": 161,
        "w": 42,
        "h": 48
    },
    "frame_size": {
        "h": 1080,
        "w": 1920
    },
    "head_pose_angle_6drepnet360": {
        "yaw": -45.838661193847656,
        "pitch": 153.10716247558594,
        "roll": -178.00025939941406
    }
}