{
    "video_name": "wt2023101102",
    "frame_id": 58201,
    "head_bbox": {
        "x0": 826,
        "y0": 113,
        "x1": 865,
        "y1": 159,
        "w": 39,
        "h": 46
    },
    "frame_size": {
        "h": 1080,
        "w": 1920
    },
    "head_pose_angle_6drepnet360": {
        "yaw": -25.025535583496094,
        "pitch": 147.22775268554688,
        "roll": -179.1751708984375
    }
}