{
    "video_name": "wt2023101102",
    "frame_id": 58301,
    "head_bbox": {
        "x0": 879,
        "y0": 115,
        "x1": 919,
        "y1": 163,
        "w": 40,
        "h": 48
    },
    "frame_size": {
        "h": 1080,
        "w": 1920
    },
    "head_pose_angle_6drepnet360": {
        "yaw": -44.08467102050781,
        "pitch": 156.5063018798828,
        "roll": 173.11184692382812
    }
}