{
    "video_name": "wt2023101102",
    "frame_id": 58501,
    "head_bbox": {
        "x0": 498,
        "y0": 148,
        "x1": 538,
        "y1": 190,
        "w": 40,
        "h": 42
    },
    "frame_size": {
        "h": 1080,
        "w": 1920
    },
    "head_pose_angle_6drepnet360": {
        "yaw": -4.4719767570495605,
        "pitch": -39.501033782958984,
        "roll": -7.050415515899658
    }
}