{
    "video_name": "wt2023101102",
    "frame_id": 58601,
    "head_bbox": {
        "x0": 500,
        "y0": 146,
        "x1": 541,
        "y1": 199,
        "w": 41,
        "h": 53
    },
    "frame_size": {
        "h": 1080,
        "w": 1920
    },
    "head_pose_angle_6drepnet360": {
        "yaw": 7.906091213226318,
        "pitch": -46.96794509887695,
        "roll": -9.32202434539795
    }
}