{
    "video_name": "wt2023101102",
    "frame_id": 58701,
    "head_bbox": {
        "x0": 491,
        "y0": 139,
        "x1": 538,
        "y1": 198,
        "w": 47,
        "h": 59
    },
    "frame_size": {
        "h": 1080,
        "w": 1920
    },
    "head_pose_angle_6drepnet360": {
        "yaw": 9.30321979522705,
        "pitch": -34.42647933959961,
        "roll": -11.087535858154297
    }
}