{
    "video_name": "wt2023101102",
    "frame_id": 58801,
    "head_bbox": {
        "x0": 659,
        "y0": 118,
        "x1": 705,
        "y1": 169,
        "w": 46,
        "h": 51
    },
    "frame_size": {
        "h": 1080,
        "w": 1920
    },
    "head_pose_angle_6drepnet360": {
        "yaw": -64.19425964355469,
        "pitch": 142.85269165039062,
        "roll": -161.4192657470703
    }
}