{
    "video_name": "wt2023101102",
    "frame_id": 58901,
    "head_bbox": {
        "x0": 813,
        "y0": 112,
        "x1": 853,
        "y1": 158,
        "w": 40,
        "h": 46
    },
    "frame_size": {
        "h": 1080,
        "w": 1920
    },
    "head_pose_angle_6drepnet360": {
        "yaw": -30.426050186157227,
        "pitch": 145.8368682861328,
        "roll": -177.24412536621094
    }
}