{
    "video_name": "wt2023101102",
    "frame_id": 59001,
    "head_bbox": {
        "x0": 820,
        "y0": 113,
        "x1": 859,
        "y1": 162,
        "w": 39,
        "h": 49
    },
    "frame_size": {
        "h": 1080,
        "w": 1920
    },
    "head_pose_angle_6drepnet360": {
        "yaw": -48.280609130859375,
        "pitch": 167.43679809570312,
        "roll": 171.7636260986328
    }
}