{
    "video_name": "wt2023101102",
    "frame_id": 5901,
    "head_bbox": {
        "x0": 471,
        "y0": 108,
        "x1": 514,
        "y1": 155,
        "w": 43,
        "h": 47
    },
    "frame_size": {
        "h": 1080,
        "w": 1920
    },
    "head_pose_angle_6drepnet360": {
        "yaw": -34.17365646362305,
        "pitch": 153.49102783203125,
        "roll": -174.38429260253906
    }
}