{
    "video_name": "wt2023101102",
    "frame_id": 59101,
    "head_bbox": {
        "x0": 669,
        "y0": 114,
        "x1": 713,
        "y1": 160,
        "w": 44,
        "h": 46
    },
    "frame_size": {
        "h": 1080,
        "w": 1920
    },
    "head_pose_angle_6drepnet360": {
        "yaw": 25.5223331451416,
        "pitch": 158.0047607421875,
        "roll": 178.09231567382812
    }
}