{
    "video_name": "wt2023101102",
    "frame_id": 59201,
    "head_bbox": {
        "x0": 626,
        "y0": 117,
        "x1": 673,
        "y1": 166,
        "w": 47,
        "h": 49
    },
    "frame_size": {
        "h": 1080,
        "w": 1920
    },
    "head_pose_angle_6drepnet360": {
        "yaw": -71.17023468017578,
        "pitch": 127.49520111083984,
        "roll": -146.2633514404297
    }
}