{
    "video_name": "wt2023101102",
    "frame_id": 59301,
    "head_bbox": {
        "x0": 511,
        "y0": 135,
        "x1": 555,
        "y1": 194,
        "w": 44,
        "h": 59
    },
    "frame_size": {
        "h": 1080,
        "w": 1920
    },
    "head_pose_angle_6drepnet360": {
        "yaw": 16.62196922302246,
        "pitch": -37.35825729370117,
        "roll": -18.19285774230957
    }
}