{
    "video_name": "wt2023101102",
    "frame_id": 59401,
    "head_bbox": {
        "x0": 502,
        "y0": 124,
        "x1": 545,
        "y1": 182,
        "w": 43,
        "h": 58
    },
    "frame_size": {
        "h": 1080,
        "w": 1920
    },
    "head_pose_angle_6drepnet360": {
        "yaw": -9.70267105102539,
        "pitch": -7.789185047149658,
        "roll": -6.751044273376465
    }
}