{
    "video_name": "wt2023101102",
    "frame_id": 59501,
    "head_bbox": {
        "x0": 504,
        "y0": 139,
        "x1": 547,
        "y1": 195,
        "w": 43,
        "h": 56
    },
    "frame_size": {
        "h": 1080,
        "w": 1920
    },
    "head_pose_angle_6drepnet360": {
        "yaw": 8.854789733886719,
        "pitch": -38.659629821777344,
        "roll": -8.416916847229004
    }
}