{
    "video_name": "wt2023101102",
    "frame_id": 59601,
    "head_bbox": {
        "x0": 503,
        "y0": 141,
        "x1": 546,
        "y1": 194,
        "w": 43,
        "h": 53
    },
    "frame_size": {
        "h": 1080,
        "w": 1920
    },
    "head_pose_angle_6drepnet360": {
        "yaw": 6.340931415557861,
        "pitch": -46.22224807739258,
        "roll": -12.023133277893066
    }
}