{
    "video_name": "wt2023101102",
    "frame_id": 59701,
    "head_bbox": {
        "x0": 504,
        "y0": 139,
        "x1": 548,
        "y1": 196,
        "w": 44,
        "h": 57
    },
    "frame_size": {
        "h": 1080,
        "w": 1920
    },
    "head_pose_angle_6drepnet360": {
        "yaw": 6.222957134246826,
        "pitch": -39.38510513305664,
        "roll": -8.026823043823242
    }
}