{
    "video_name": "wt2023101102",
    "frame_id": 59801,
    "head_bbox": {
        "x0": 507,
        "y0": 124,
        "x1": 551,
        "y1": 184,
        "w": 44,
        "h": 60
    },
    "frame_size": {
        "h": 1080,
        "w": 1920
    },
    "head_pose_angle_6drepnet360": {
        "yaw": -7.618902683258057,
        "pitch": -7.555426120758057,
        "roll": -5.882341384887695
    }
}