{
    "video_name": "wt2023101102",
    "frame_id": 59901,
    "head_bbox": {
        "x0": 506,
        "y0": 123,
        "x1": 550,
        "y1": 178,
        "w": 44,
        "h": 55
    },
    "frame_size": {
        "h": 1080,
        "w": 1920
    },
    "head_pose_angle_6drepnet360": {
        "yaw": -4.276718616485596,
        "pitch": -5.846060276031494,
        "roll": -3.394127368927002
    }
}