{
    "video_name": "wt2023101102",
    "frame_id": 60001,
    "head_bbox": {
        "x0": 507,
        "y0": 123,
        "x1": 550,
        "y1": 179,
        "w": 43,
        "h": 56
    },
    "frame_size": {
        "h": 1080,
        "w": 1920
    },
    "head_pose_angle_6drepnet360": {
        "yaw": -12.720343589782715,
        "pitch": -4.038486480712891,
        "roll": -5.718750953674316
    }
}