{
    "video_name": "wt2023101102",
    "frame_id": 6001,
    "head_bbox": {
        "x0": 491,
        "y0": 109,
        "x1": 536,
        "y1": 157,
        "w": 45,
        "h": 48
    },
    "frame_size": {
        "h": 1080,
        "w": 1920
    },
    "head_pose_angle_6drepnet360": {
        "yaw": -52.615291595458984,
        "pitch": 162.87770080566406,
        "roll": -178.02667236328125
    }
}