{
    "video_name": "wt2023101102",
    "frame_id": 601,
    "head_bbox": {
        "x0": 1022,
        "y0": 165,
        "x1": 1071,
        "y1": 225,
        "w": 49,
        "h": 60
    },
    "frame_size": {
        "h": 1080,
        "w": 1920
    },
    "head_pose_angle_6drepnet360": {
        "yaw": 21.979948043823242,
        "pitch": 8.788143157958984,
        "roll": 7.586237907409668
    }
}