{
    "video_name": "wt2023101102",
    "frame_id": 60101,
    "head_bbox": {
        "x0": 506,
        "y0": 122,
        "x1": 549,
        "y1": 177,
        "w": 43,
        "h": 55
    },
    "frame_size": {
        "h": 1080,
        "w": 1920
    },
    "head_pose_angle_6drepnet360": {
        "yaw": -13.997989654541016,
        "pitch": -2.920363426208496,
        "roll": -6.829408645629883
    }
}