{
    "video_name": "wt2023101102",
    "frame_id": 60201,
    "head_bbox": {
        "x0": 508,
        "y0": 136,
        "x1": 549,
        "y1": 192,
        "w": 41,
        "h": 56
    },
    "frame_size": {
        "h": 1080,
        "w": 1920
    },
    "head_pose_angle_6drepnet360": {
        "yaw": 0.9906238913536072,
        "pitch": -35.8803596496582,
        "roll": -11.416383743286133
    }
}