{
    "video_name": "wt2023101102",
    "frame_id": 60301,
    "head_bbox": {
        "x0": 508,
        "y0": 140,
        "x1": 551,
        "y1": 198,
        "w": 43,
        "h": 58
    },
    "frame_size": {
        "h": 1080,
        "w": 1920
    },
    "head_pose_angle_6drepnet360": {
        "yaw": -0.5340523719787598,
        "pitch": -37.373046875,
        "roll": -11.016417503356934
    }
}