{
    "video_name": "wt2023101102",
    "frame_id": 60401,
    "head_bbox": {
        "x0": 502,
        "y0": 147,
        "x1": 544,
        "y1": 200,
        "w": 42,
        "h": 53
    },
    "frame_size": {
        "h": 1080,
        "w": 1920
    },
    "head_pose_angle_6drepnet360": {
        "yaw": -14.724723815917969,
        "pitch": -40.3030891418457,
        "roll": -10.124311447143555
    }
}