{
    "video_name": "wt2023101102",
    "frame_id": 60501,
    "head_bbox": {
        "x0": 492,
        "y0": 132,
        "x1": 535,
        "y1": 191,
        "w": 43,
        "h": 59
    },
    "frame_size": {
        "h": 1080,
        "w": 1920
    },
    "head_pose_angle_6drepnet360": {
        "yaw": -22.424036026000977,
        "pitch": -9.00011157989502,
        "roll": -11.796917915344238
    }
}