{
    "video_name": "wt2023101102",
    "frame_id": 60601,
    "head_bbox": {
        "x0": 490,
        "y0": 124,
        "x1": 533,
        "y1": 181,
        "w": 43,
        "h": 57
    },
    "frame_size": {
        "h": 1080,
        "w": 1920
    },
    "head_pose_angle_6drepnet360": {
        "yaw": -8.058634757995605,
        "pitch": -8.926977157592773,
        "roll": -8.731900215148926
    }
}