{
    "video_name": "wt2023101102",
    "frame_id": 60701,
    "head_bbox": {
        "x0": 497,
        "y0": 167,
        "x1": 542,
        "y1": 213,
        "w": 45,
        "h": 46
    },
    "frame_size": {
        "h": 1080,
        "w": 1920
    },
    "head_pose_angle_6drepnet360": {
        "yaw": 7.580988883972168,
        "pitch": -8.312504768371582,
        "roll": -6.951040744781494
    }
}