{
    "video_name": "wt2023101102",
    "frame_id": 6101,
    "head_bbox": {
        "x0": 486,
        "y0": 111,
        "x1": 528,
        "y1": 163,
        "w": 42,
        "h": 52
    },
    "frame_size": {
        "h": 1080,
        "w": 1920
    },
    "head_pose_angle_6drepnet360": {
        "yaw": 3.2214982509613037,
        "pitch": -0.32814276218414307,
        "roll": -5.082484245300293
    }
}