{
    "video_name": "wt2023101102",
    "frame_id": 61301,
    "head_bbox": {
        "x0": 513,
        "y0": 154,
        "x1": 555,
        "y1": 211,
        "w": 42,
        "h": 57
    },
    "frame_size": {
        "h": 1080,
        "w": 1920
    },
    "head_pose_angle_6drepnet360": {
        "yaw": -6.277249813079834,
        "pitch": -37.31494140625,
        "roll": -8.817704200744629
    }
}