{
    "video_name": "wt2023101102",
    "frame_id": 61401,
    "head_bbox": {
        "x0": 510,
        "y0": 155,
        "x1": 552,
        "y1": 213,
        "w": 42,
        "h": 58
    },
    "frame_size": {
        "h": 1080,
        "w": 1920
    },
    "head_pose_angle_6drepnet360": {
        "yaw": 4.48252010345459,
        "pitch": -38.11709213256836,
        "roll": -13.483443260192871
    }
}