{
    "video_name": "wt2023101102",
    "frame_id": 61501,
    "head_bbox": {
        "x0": 496,
        "y0": 116,
        "x1": 545,
        "y1": 170,
        "w": 49,
        "h": 54
    },
    "frame_size": {
        "h": 1080,
        "w": 1920
    },
    "head_pose_angle_6drepnet360": {
        "yaw": -65.15856170654297,
        "pitch": 135.3114471435547,
        "roll": -147.25057983398438
    }
}