{
    "video_name": "wt2023101102",
    "frame_id": 61601,
    "head_bbox": {
        "x0": 606,
        "y0": 111,
        "x1": 649,
        "y1": 158,
        "w": 43,
        "h": 47
    },
    "frame_size": {
        "h": 1080,
        "w": 1920
    },
    "head_pose_angle_6drepnet360": {
        "yaw": -35.68635559082031,
        "pitch": 159.56820678710938,
        "roll": -178.5417022705078
    }
}