{
    "video_name": "wt2023101102",
    "frame_id": 61701,
    "head_bbox": {
        "x0": 625,
        "y0": 112,
        "x1": 667,
        "y1": 158,
        "w": 42,
        "h": 46
    },
    "frame_size": {
        "h": 1080,
        "w": 1920
    },
    "head_pose_angle_6drepnet360": {
        "yaw": -19.22317886352539,
        "pitch": 151.589599609375,
        "roll": -179.16229248046875
    }
}