{
    "video_name": "wt2023101102",
    "frame_id": 61801,
    "head_bbox": {
        "x0": 612,
        "y0": 113,
        "x1": 653,
        "y1": 158,
        "w": 41,
        "h": 45
    },
    "frame_size": {
        "h": 1080,
        "w": 1920
    },
    "head_pose_angle_6drepnet360": {
        "yaw": -22.171463012695312,
        "pitch": 150.47943115234375,
        "roll": -173.94371032714844
    }
}