{
    "video_name": "wt2023101102",
    "frame_id": 61901,
    "head_bbox": {
        "x0": 615,
        "y0": 112,
        "x1": 656,
        "y1": 157,
        "w": 41,
        "h": 45
    },
    "frame_size": {
        "h": 1080,
        "w": 1920
    },
    "head_pose_angle_6drepnet360": {
        "yaw": -21.574169158935547,
        "pitch": 170.3437957763672,
        "roll": -172.78729248046875
    }
}