{
    "video_name": "wt2023101102",
    "frame_id": 6201,
    "head_bbox": {
        "x0": 478,
        "y0": 109,
        "x1": 526,
        "y1": 158,
        "w": 48,
        "h": 49
    },
    "frame_size": {
        "h": 1080,
        "w": 1920
    },
    "head_pose_angle_6drepnet360": {
        "yaw": -67.62742614746094,
        "pitch": 108.0276870727539,
        "roll": -117.73894500732422
    }
}