{
    "video_name": "wt2023101102",
    "frame_id": 62101,
    "head_bbox": {
        "x0": 619,
        "y0": 111,
        "x1": 659,
        "y1": 157,
        "w": 40,
        "h": 46
    },
    "frame_size": {
        "h": 1080,
        "w": 1920
    },
    "head_pose_angle_6drepnet360": {
        "yaw": -28.178762435913086,
        "pitch": 149.19993591308594,
        "roll": -176.4918670654297
    }
}