{
    "video_name": "wt2023101102",
    "frame_id": 62201,
    "head_bbox": {
        "x0": 624,
        "y0": 110,
        "x1": 665,
        "y1": 157,
        "w": 41,
        "h": 47
    },
    "frame_size": {
        "h": 1080,
        "w": 1920
    },
    "head_pose_angle_6drepnet360": {
        "yaw": -23.918596267700195,
        "pitch": 149.36463928222656,
        "roll": -177.57888793945312
    }
}