{
    "video_name": "wt2023101102",
    "frame_id": 62301,
    "head_bbox": {
        "x0": 544,
        "y0": 119,
        "x1": 585,
        "y1": 176,
        "w": 41,
        "h": 57
    },
    "frame_size": {
        "h": 1080,
        "w": 1920
    },
    "head_pose_angle_6drepnet360": {
        "yaw": 18.93802833557129,
        "pitch": -23.77817726135254,
        "roll": -5.665678024291992
    }
}