{
    "video_name": "wt2023101102",
    "frame_id": 62801,
    "head_bbox": {
        "x0": 469,
        "y0": 124,
        "x1": 516,
        "y1": 181,
        "w": 47,
        "h": 57
    },
    "frame_size": {
        "h": 1080,
        "w": 1920
    },
    "head_pose_angle_6drepnet360": {
        "yaw": -36.88372802734375,
        "pitch": -17.877153396606445,
        "roll": -7.664217472076416
    }
}