{
    "video_name": "wt2023101102",
    "frame_id": 62901,
    "head_bbox": {
        "x0": 616,
        "y0": 113,
        "x1": 661,
        "y1": 162,
        "w": 45,
        "h": 49
    },
    "frame_size": {
        "h": 1080,
        "w": 1920
    },
    "head_pose_angle_6drepnet360": {
        "yaw": -54.70863342285156,
        "pitch": 151.6787872314453,
        "roll": -168.44076538085938
    }
}