{
    "video_name": "wt2023101102",
    "frame_id": 6301,
    "head_bbox": {
        "x0": 432,
        "y0": 111,
        "x1": 480,
        "y1": 160,
        "w": 48,
        "h": 49
    },
    "frame_size": {
        "h": 1080,
        "w": 1920
    },
    "head_pose_angle_6drepnet360": {
        "yaw": -70.34394073486328,
        "pitch": 47.06337356567383,
        "roll": -49.04774475097656
    }
}