{
    "video_name": "wt2023101102",
    "frame_id": 63101,
    "head_bbox": {
        "x0": 486,
        "y0": 144,
        "x1": 531,
        "y1": 198,
        "w": 45,
        "h": 54
    },
    "frame_size": {
        "h": 1080,
        "w": 1920
    },
    "head_pose_angle_6drepnet360": {
        "yaw": 6.267327308654785,
        "pitch": -47.47760009765625,
        "roll": -11.789416313171387
    }
}