{
    "video_name": "wt2023101102",
    "frame_id": 63201,
    "head_bbox": {
        "x0": 491,
        "y0": 148,
        "x1": 534,
        "y1": 206,
        "w": 43,
        "h": 58
    },
    "frame_size": {
        "h": 1080,
        "w": 1920
    },
    "head_pose_angle_6drepnet360": {
        "yaw": -0.7417994737625122,
        "pitch": -24.624269485473633,
        "roll": -1.7509292364120483
    }
}