{
    "video_name": "wt2023101102",
    "frame_id": 63301,
    "head_bbox": {
        "x0": 491,
        "y0": 148,
        "x1": 534,
        "y1": 204,
        "w": 43,
        "h": 56
    },
    "frame_size": {
        "h": 1080,
        "w": 1920
    },
    "head_pose_angle_6drepnet360": {
        "yaw": 9.386321067810059,
        "pitch": -39.42557907104492,
        "roll": -12.297696113586426
    }
}