{
    "video_name": "wt2023101102",
    "frame_id": 63401,
    "head_bbox": {
        "x0": 491,
        "y0": 148,
        "x1": 534,
        "y1": 205,
        "w": 43,
        "h": 57
    },
    "frame_size": {
        "h": 1080,
        "w": 1920
    },
    "head_pose_angle_6drepnet360": {
        "yaw": -6.518531799316406,
        "pitch": -39.65890121459961,
        "roll": -5.978487968444824
    }
}