{
    "video_name": "wt2023101102",
    "frame_id": 63501,
    "head_bbox": {
        "x0": 631,
        "y0": 121,
        "x1": 678,
        "y1": 172,
        "w": 47,
        "h": 51
    },
    "frame_size": {
        "h": 1080,
        "w": 1920
    },
    "head_pose_angle_6drepnet360": {
        "yaw": -72.2457504272461,
        "pitch": 127.1893310546875,
        "roll": -140.6394805908203
    }
}