{
    "video_name": "wt2023101102",
    "frame_id": 63601,
    "head_bbox": {
        "x0": 727,
        "y0": 122,
        "x1": 768,
        "y1": 175,
        "w": 41,
        "h": 53
    },
    "frame_size": {
        "h": 1080,
        "w": 1920
    },
    "head_pose_angle_6drepnet360": {
        "yaw": -60.015708923339844,
        "pitch": 171.13697814941406,
        "roll": 173.039306640625
    }
}