{
    "video_name": "wt2023101102",
    "frame_id": 63701,
    "head_bbox": {
        "x0": 874,
        "y0": 121,
        "x1": 915,
        "y1": 172,
        "w": 41,
        "h": 51
    },
    "frame_size": {
        "h": 1080,
        "w": 1920
    },
    "head_pose_angle_6drepnet360": {
        "yaw": -57.01462936401367,
        "pitch": 156.36683654785156,
        "roll": 176.7564239501953
    }
}