{
    "video_name": "wt2023101102",
    "frame_id": 63801,
    "head_bbox": {
        "x0": 743,
        "y0": 116,
        "x1": 784,
        "y1": 165,
        "w": 41,
        "h": 49
    },
    "frame_size": {
        "h": 1080,
        "w": 1920
    },
    "head_pose_angle_6drepnet360": {
        "yaw": -44.09532928466797,
        "pitch": 169.5874786376953,
        "roll": 179.3042755126953
    }
}