{
    "video_name": "wt2023101102",
    "frame_id": 63901,
    "head_bbox": {
        "x0": 613,
        "y0": 111,
        "x1": 655,
        "y1": 156,
        "w": 42,
        "h": 45
    },
    "frame_size": {
        "h": 1080,
        "w": 1920
    },
    "head_pose_angle_6drepnet360": {
        "yaw": -30.137178421020508,
        "pitch": 150.6890106201172,
        "roll": -174.2859649658203
    }
}