{
    "video_name": "wt2023101102",
    "frame_id": 64001,
    "head_bbox": {
        "x0": 637,
        "y0": 110,
        "x1": 678,
        "y1": 158,
        "w": 41,
        "h": 48
    },
    "frame_size": {
        "h": 1080,
        "w": 1920
    },
    "head_pose_angle_6drepnet360": {
        "yaw": -37.26785659790039,
        "pitch": 151.68479919433594,
        "roll": -174.5734405517578
    }
}