{
    "video_name": "wt2023101102",
    "frame_id": 6401,
    "head_bbox": {
        "x0": 433,
        "y0": 112,
        "x1": 480,
        "y1": 160,
        "w": 47,
        "h": 48
    },
    "frame_size": {
        "h": 1080,
        "w": 1920
    },
    "head_pose_angle_6drepnet360": {
        "yaw": -75.52505493164062,
        "pitch": 44.91320037841797,
        "roll": -51.24531173706055
    }
}