{
    "video_name": "wt2023101102",
    "frame_id": 64101,
    "head_bbox": {
        "x0": 641,
        "y0": 111,
        "x1": 682,
        "y1": 158,
        "w": 41,
        "h": 47
    },
    "frame_size": {
        "h": 1080,
        "w": 1920
    },
    "head_pose_angle_6drepnet360": {
        "yaw": -32.360870361328125,
        "pitch": 154.61886596679688,
        "roll": -176.9716796875
    }
}