{
    "video_name": "wt2023101102",
    "frame_id": 64201,
    "head_bbox": {
        "x0": 551,
        "y0": 114,
        "x1": 593,
        "y1": 167,
        "w": 42,
        "h": 53
    },
    "frame_size": {
        "h": 1080,
        "w": 1920
    },
    "head_pose_angle_6drepnet360": {
        "yaw": -18.215709686279297,
        "pitch": -3.2534844875335693,
        "roll": -0.24816203117370605
    }
}