{
    "video_name": "wt2023101102",
    "frame_id": 64301,
    "head_bbox": {
        "x0": 552,
        "y0": 114,
        "x1": 595,
        "y1": 166,
        "w": 43,
        "h": 52
    },
    "frame_size": {
        "h": 1080,
        "w": 1920
    },
    "head_pose_angle_6drepnet360": {
        "yaw": -34.04344177246094,
        "pitch": 4.638882637023926,
        "roll": -2.3115689754486084
    }
}