{
    "video_name": "wt2023101102",
    "frame_id": 64401,
    "head_bbox": {
        "x0": 553,
        "y0": 115,
        "x1": 594,
        "y1": 165,
        "w": 41,
        "h": 50
    },
    "frame_size": {
        "h": 1080,
        "w": 1920
    },
    "head_pose_angle_6drepnet360": {
        "yaw": -23.369844436645508,
        "pitch": 3.1452748775482178,
        "roll": 0.31376540660858154
    }
}