{
    "video_name": "wt2023101102",
    "frame_id": 64501,
    "head_bbox": {
        "x0": 553,
        "y0": 113,
        "x1": 595,
        "y1": 165,
        "w": 42,
        "h": 52
    },
    "frame_size": {
        "h": 1080,
        "w": 1920
    },
    "head_pose_angle_6drepnet360": {
        "yaw": -27.855249404907227,
        "pitch": 3.9381933212280273,
        "roll": -2.7080860137939453
    }
}