{
    "video_name": "wt2023101102",
    "frame_id": 64601,
    "head_bbox": {
        "x0": 553,
        "y0": 114,
        "x1": 594,
        "y1": 165,
        "w": 41,
        "h": 51
    },
    "frame_size": {
        "h": 1080,
        "w": 1920
    },
    "head_pose_angle_6drepnet360": {
        "yaw": -23.740116119384766,
        "pitch": 3.028140068054199,
        "roll": -1.4348396062850952
    }
}