{
    "video_name": "wt2023101102",
    "frame_id": 64701,
    "head_bbox": {
        "x0": 551,
        "y0": 112,
        "x1": 595,
        "y1": 164,
        "w": 44,
        "h": 52
    },
    "frame_size": {
        "h": 1080,
        "w": 1920
    },
    "head_pose_angle_6drepnet360": {
        "yaw": -41.769256591796875,
        "pitch": 9.988397598266602,
        "roll": -7.6221184730529785
    }
}