{
    "video_name": "wt2023101102",
    "frame_id": 64801,
    "head_bbox": {
        "x0": 552,
        "y0": 113,
        "x1": 596,
        "y1": 165,
        "w": 44,
        "h": 52
    },
    "frame_size": {
        "h": 1080,
        "w": 1920
    },
    "head_pose_angle_6drepnet360": {
        "yaw": -54.15289306640625,
        "pitch": 12.800945281982422,
        "roll": -14.998135566711426
    }
}