{
    "video_name": "wt2023101102",
    "frame_id": 64901,
    "head_bbox": {
        "x0": 551,
        "y0": 114,
        "x1": 592,
        "y1": 166,
        "w": 41,
        "h": 52
    },
    "frame_size": {
        "h": 1080,
        "w": 1920
    },
    "head_pose_angle_6drepnet360": {
        "yaw": -15.012956619262695,
        "pitch": 2.784503221511841,
        "roll": -1.174226999282837
    }
}