{
    "video_name": "wt2023101102",
    "frame_id": 65001,
    "head_bbox": {
        "x0": 551,
        "y0": 113,
        "x1": 593,
        "y1": 165,
        "w": 42,
        "h": 52
    },
    "frame_size": {
        "h": 1080,
        "w": 1920
    },
    "head_pose_angle_6drepnet360": {
        "yaw": -30.744600296020508,
        "pitch": 6.972322463989258,
        "roll": -7.2694525718688965
    }
}