{
    "video_name": "wt2023101102",
    "frame_id": 6501,
    "head_bbox": {
        "x0": 473,
        "y0": 112,
        "x1": 520,
        "y1": 160,
        "w": 47,
        "h": 48
    },
    "frame_size": {
        "h": 1080,
        "w": 1920
    },
    "head_pose_angle_6drepnet360": {
        "yaw": -54.61574935913086,
        "pitch": 150.51878356933594,
        "roll": -172.30226135253906
    }
}