{
    "video_name": "wt2023101102",
    "frame_id": 65201,
    "head_bbox": {
        "x0": 549,
        "y0": 114,
        "x1": 590,
        "y1": 166,
        "w": 41,
        "h": 52
    },
    "frame_size": {
        "h": 1080,
        "w": 1920
    },
    "head_pose_angle_6drepnet360": {
        "yaw": -21.881093978881836,
        "pitch": 3.196829319000244,
        "roll": 0.46396854519844055
    }
}