{
    "video_name": "wt2023101102",
    "frame_id": 65301,
    "head_bbox": {
        "x0": 552,
        "y0": 114,
        "x1": 594,
        "y1": 167,
        "w": 42,
        "h": 53
    },
    "frame_size": {
        "h": 1080,
        "w": 1920
    },
    "head_pose_angle_6drepnet360": {
        "yaw": -25.571712493896484,
        "pitch": -0.06487014889717102,
        "roll": 2.8609681129455566
    }
}