{
    "video_name": "wt2023101102",
    "frame_id": 65401,
    "head_bbox": {
        "x0": 552,
        "y0": 113,
        "x1": 594,
        "y1": 164,
        "w": 42,
        "h": 51
    },
    "frame_size": {
        "h": 1080,
        "w": 1920
    },
    "head_pose_angle_6drepnet360": {
        "yaw": -37.47504806518555,
        "pitch": 7.453368663787842,
        "roll": -5.149036407470703
    }
}