{
    "video_name": "wt2023101102",
    "frame_id": 65601,
    "head_bbox": {
        "x0": 654,
        "y0": 118,
        "x1": 701,
        "y1": 170,
        "w": 47,
        "h": 52
    },
    "frame_size": {
        "h": 1080,
        "w": 1920
    },
    "head_pose_angle_6drepnet360": {
        "yaw": -68.32411193847656,
        "pitch": 122.58662414550781,
        "roll": -136.5690155029297
    }
}