{
    "video_name": "wt2023101102",
    "frame_id": 65701,
    "head_bbox": {
        "x0": 549,
        "y0": 131,
        "x1": 592,
        "y1": 188,
        "w": 43,
        "h": 57
    },
    "frame_size": {
        "h": 1080,
        "w": 1920
    },
    "head_pose_angle_6drepnet360": {
        "yaw": 27.841520309448242,
        "pitch": -41.5629997253418,
        "roll": -11.51135540008545
    }
}