{
    "video_name": "wt2023101102",
    "frame_id": 65801,
    "head_bbox": {
        "x0": 485,
        "y0": 148,
        "x1": 527,
        "y1": 205,
        "w": 42,
        "h": 57
    },
    "frame_size": {
        "h": 1080,
        "w": 1920
    },
    "head_pose_angle_6drepnet360": {
        "yaw": -0.8252876996994019,
        "pitch": -44.433650970458984,
        "roll": -6.351804256439209
    }
}