{
    "video_name": "wt2023101102",
    "frame_id": 65901,
    "head_bbox": {
        "x0": 485,
        "y0": 147,
        "x1": 528,
        "y1": 205,
        "w": 43,
        "h": 58
    },
    "frame_size": {
        "h": 1080,
        "w": 1920
    },
    "head_pose_angle_6drepnet360": {
        "yaw": -6.685065746307373,
        "pitch": -46.225215911865234,
        "roll": -5.718810081481934
    }
}