{
    "video_name": "wt2023101102",
    "frame_id": 66001,
    "head_bbox": {
        "x0": 486,
        "y0": 146,
        "x1": 528,
        "y1": 203,
        "w": 42,
        "h": 57
    },
    "frame_size": {
        "h": 1080,
        "w": 1920
    },
    "head_pose_angle_6drepnet360": {
        "yaw": 5.815817356109619,
        "pitch": -44.625160217285156,
        "roll": -11.566489219665527
    }
}