{
    "video_name": "wt2023101102",
    "frame_id": 6601,
    "head_bbox": {
        "x0": 418,
        "y0": 107,
        "x1": 462,
        "y1": 154,
        "w": 44,
        "h": 47
    },
    "frame_size": {
        "h": 1080,
        "w": 1920
    },
    "head_pose_angle_6drepnet360": {
        "yaw": -36.105472564697266,
        "pitch": 148.39625549316406,
        "roll": -157.248046875
    }
}