{
    "video_name": "wt2023101102",
    "frame_id": 66101,
    "head_bbox": {
        "x0": 484,
        "y0": 149,
        "x1": 527,
        "y1": 205,
        "w": 43,
        "h": 56
    },
    "frame_size": {
        "h": 1080,
        "w": 1920
    },
    "head_pose_angle_6drepnet360": {
        "yaw": 7.028777599334717,
        "pitch": -41.02156448364258,
        "roll": -9.731443405151367
    }
}