{
    "video_name": "wt2023101102",
    "frame_id": 66201,
    "head_bbox": {
        "x0": 488,
        "y0": 149,
        "x1": 530,
        "y1": 207,
        "w": 42,
        "h": 58
    },
    "frame_size": {
        "h": 1080,
        "w": 1920
    },
    "head_pose_angle_6drepnet360": {
        "yaw": -7.935466289520264,
        "pitch": -43.57817840576172,
        "roll": -10.720337867736816
    }
}