{
    "video_name": "wt2023101102",
    "frame_id": 66301,
    "head_bbox": {
        "x0": 487,
        "y0": 146,
        "x1": 530,
        "y1": 201,
        "w": 43,
        "h": 55
    },
    "frame_size": {
        "h": 1080,
        "w": 1920
    },
    "head_pose_angle_6drepnet360": {
        "yaw": -5.466381549835205,
        "pitch": -44.58277130126953,
        "roll": -6.754487991333008
    }
}