{
    "video_name": "wt2023101102",
    "frame_id": 66401,
    "head_bbox": {
        "x0": 487,
        "y0": 144,
        "x1": 529,
        "y1": 202,
        "w": 42,
        "h": 58
    },
    "frame_size": {
        "h": 1080,
        "w": 1920
    },
    "head_pose_angle_6drepnet360": {
        "yaw": -5.3665900230407715,
        "pitch": -43.31589889526367,
        "roll": -9.482107162475586
    }
}