{
    "video_name": "wt2023101102",
    "frame_id": 66501,
    "head_bbox": {
        "x0": 490,
        "y0": 148,
        "x1": 531,
        "y1": 205,
        "w": 41,
        "h": 57
    },
    "frame_size": {
        "h": 1080,
        "w": 1920
    },
    "head_pose_angle_6drepnet360": {
        "yaw": -3.1229970455169678,
        "pitch": -39.26300048828125,
        "roll": -10.930091857910156
    }
}