{
    "video_name": "wt2023101102",
    "frame_id": 66601,
    "head_bbox": {
        "x0": 487,
        "y0": 144,
        "x1": 531,
        "y1": 202,
        "w": 44,
        "h": 58
    },
    "frame_size": {
        "h": 1080,
        "w": 1920
    },
    "head_pose_angle_6drepnet360": {
        "yaw": 0.9653481841087341,
        "pitch": -42.53995132446289,
        "roll": -10.65375804901123
    }
}