{
    "video_name": "wt2023101102",
    "frame_id": 66701,
    "head_bbox": {
        "x0": 487,
        "y0": 151,
        "x1": 529,
        "y1": 208,
        "w": 42,
        "h": 57
    },
    "frame_size": {
        "h": 1080,
        "w": 1920
    },
    "head_pose_angle_6drepnet360": {
        "yaw": -8.796259880065918,
        "pitch": -39.59401321411133,
        "roll": -9.664396286010742
    }
}