{
    "video_name": "wt2023101102",
    "frame_id": 66801,
    "head_bbox": {
        "x0": 482,
        "y0": 126,
        "x1": 526,
        "y1": 184,
        "w": 44,
        "h": 58
    },
    "frame_size": {
        "h": 1080,
        "w": 1920
    },
    "head_pose_angle_6drepnet360": {
        "yaw": -11.108853340148926,
        "pitch": -5.706986904144287,
        "roll": -9.443833351135254
    }
}