{
    "video_name": "wt2023101102",
    "frame_id": 66901,
    "head_bbox": {
        "x0": 481,
        "y0": 148,
        "x1": 524,
        "y1": 198,
        "w": 43,
        "h": 50
    },
    "frame_size": {
        "h": 1080,
        "w": 1920
    },
    "head_pose_angle_6drepnet360": {
        "yaw": -6.567155361175537,
        "pitch": -40.88197708129883,
        "roll": -11.219945907592773
    }
}