{
    "video_name": "wt2023101102",
    "frame_id": 67001,
    "head_bbox": {
        "x0": 483,
        "y0": 143,
        "x1": 527,
        "y1": 199,
        "w": 44,
        "h": 56
    },
    "frame_size": {
        "h": 1080,
        "w": 1920
    },
    "head_pose_angle_6drepnet360": {
        "yaw": -2.9125871658325195,
        "pitch": -43.83945083618164,
        "roll": -8.478564262390137
    }
}