{
    "video_name": "wt2023101102",
    "frame_id": 6701,
    "head_bbox": {
        "x0": 434,
        "y0": 111,
        "x1": 477,
        "y1": 166,
        "w": 43,
        "h": 55
    },
    "frame_size": {
        "h": 1080,
        "w": 1920
    },
    "head_pose_angle_6drepnet360": {
        "yaw": -18.410140991210938,
        "pitch": 1.3769663572311401,
        "roll": -9.613204956054688
    }
}