{
    "video_name": "wt2023101102",
    "frame_id": 67201,
    "head_bbox": {
        "x0": 482,
        "y0": 152,
        "x1": 526,
        "y1": 205,
        "w": 44,
        "h": 53
    },
    "frame_size": {
        "h": 1080,
        "w": 1920
    },
    "head_pose_angle_6drepnet360": {
        "yaw": -9.819250106811523,
        "pitch": -44.627323150634766,
        "roll": -10.11542797088623
    }
}