{
    "video_name": "wt2023101102",
    "frame_id": 67301,
    "head_bbox": {
        "x0": 481,
        "y0": 149,
        "x1": 525,
        "y1": 201,
        "w": 44,
        "h": 52
    },
    "frame_size": {
        "h": 1080,
        "w": 1920
    },
    "head_pose_angle_6drepnet360": {
        "yaw": -4.992567539215088,
        "pitch": -34.01301956176758,
        "roll": -8.120451927185059
    }
}