{
    "video_name": "wt2023101102",
    "frame_id": 67401,
    "head_bbox": {
        "x0": 498,
        "y0": 145,
        "x1": 539,
        "y1": 198,
        "w": 41,
        "h": 53
    },
    "frame_size": {
        "h": 1080,
        "w": 1920
    },
    "head_pose_angle_6drepnet360": {
        "yaw": -8.864623069763184,
        "pitch": -28.975534439086914,
        "roll": -5.842584133148193
    }
}