{
    "video_name": "wt2023101102",
    "frame_id": 67501,
    "head_bbox": {
        "x0": 490,
        "y0": 148,
        "x1": 533,
        "y1": 204,
        "w": 43,
        "h": 56
    },
    "frame_size": {
        "h": 1080,
        "w": 1920
    },
    "head_pose_angle_6drepnet360": {
        "yaw": -4.49302864074707,
        "pitch": -39.51054763793945,
        "roll": -11.006487846374512
    }
}