{
    "video_name": "wt2023101102",
    "frame_id": 67601,
    "head_bbox": {
        "x0": 489,
        "y0": 146,
        "x1": 533,
        "y1": 203,
        "w": 44,
        "h": 57
    },
    "frame_size": {
        "h": 1080,
        "w": 1920
    },
    "head_pose_angle_6drepnet360": {
        "yaw": -9.474213600158691,
        "pitch": -38.1071662902832,
        "roll": -6.752349853515625
    }
}