{
    "video_name": "wt2023101102",
    "frame_id": 67701,
    "head_bbox": {
        "x0": 490,
        "y0": 144,
        "x1": 535,
        "y1": 202,
        "w": 45,
        "h": 58
    },
    "frame_size": {
        "h": 1080,
        "w": 1920
    },
    "head_pose_angle_6drepnet360": {
        "yaw": -9.643234252929688,
        "pitch": -36.42013168334961,
        "roll": -5.996947288513184
    }
}