{
    "video_name": "wt2023101102",
    "frame_id": 67801,
    "head_bbox": {
        "x0": 487,
        "y0": 152,
        "x1": 533,
        "y1": 204,
        "w": 46,
        "h": 52
    },
    "frame_size": {
        "h": 1080,
        "w": 1920
    },
    "head_pose_angle_6drepnet360": {
        "yaw": -10.262824058532715,
        "pitch": -38.44977951049805,
        "roll": -6.689006328582764
    }
}