{
    "video_name": "wt2023101102",
    "frame_id": 67901,
    "head_bbox": {
        "x0": 496,
        "y0": 145,
        "x1": 539,
        "y1": 205,
        "w": 43,
        "h": 60
    },
    "frame_size": {
        "h": 1080,
        "w": 1920
    },
    "head_pose_angle_6drepnet360": {
        "yaw": -24.504976272583008,
        "pitch": -41.4301643371582,
        "roll": 0.524143397808075
    }
}