{
    "video_name": "wt2023101102",
    "frame_id": 68001,
    "head_bbox": {
        "x0": 579,
        "y0": 111,
        "x1": 619,
        "y1": 156,
        "w": 40,
        "h": 45
    },
    "frame_size": {
        "h": 1080,
        "w": 1920
    },
    "head_pose_angle_6drepnet360": {
        "yaw": -27.48773765563965,
        "pitch": 152.47525024414062,
        "roll": -177.20103454589844
    }
}