{
    "video_name": "wt2023101102",
    "frame_id": 6801,
    "head_bbox": {
        "x0": 487,
        "y0": 108,
        "x1": 531,
        "y1": 157,
        "w": 44,
        "h": 49
    },
    "frame_size": {
        "h": 1080,
        "w": 1920
    },
    "head_pose_angle_6drepnet360": {
        "yaw": -40.258644104003906,
        "pitch": 157.7306671142578,
        "roll": -177.57830810546875
    }
}