{
    "video_name": "wt2023101102",
    "frame_id": 68101,
    "head_bbox": {
        "x0": 587,
        "y0": 110,
        "x1": 626,
        "y1": 157,
        "w": 39,
        "h": 47
    },
    "frame_size": {
        "h": 1080,
        "w": 1920
    },
    "head_pose_angle_6drepnet360": {
        "yaw": -30.09273338317871,
        "pitch": 150.9949493408203,
        "roll": -177.2622833251953
    }
}