{
    "video_name": "wt2023101102",
    "frame_id": 68201,
    "head_bbox": {
        "x0": 588,
        "y0": 110,
        "x1": 629,
        "y1": 157,
        "w": 41,
        "h": 47
    },
    "frame_size": {
        "h": 1080,
        "w": 1920
    },
    "head_pose_angle_6drepnet360": {
        "yaw": -38.812828063964844,
        "pitch": 155.41334533691406,
        "roll": -178.1866912841797
    }
}