{
    "video_name": "wt2023101102",
    "frame_id": 68301,
    "head_bbox": {
        "x0": 586,
        "y0": 110,
        "x1": 626,
        "y1": 157,
        "w": 40,
        "h": 47
    },
    "frame_size": {
        "h": 1080,
        "w": 1920
    },
    "head_pose_angle_6drepnet360": {
        "yaw": -46.09031295776367,
        "pitch": 174.3087921142578,
        "roll": 173.0230255126953
    }
}