{
    "video_name": "wt2023101102",
    "frame_id": 68401,
    "head_bbox": {
        "x0": 594,
        "y0": 110,
        "x1": 634,
        "y1": 159,
        "w": 40,
        "h": 49
    },
    "frame_size": {
        "h": 1080,
        "w": 1920
    },
    "head_pose_angle_6drepnet360": {
        "yaw": -40.620750427246094,
        "pitch": 162.6534881591797,
        "roll": -179.32583618164062
    }
}