{
    "video_name": "wt2023101102",
    "frame_id": 68501,
    "head_bbox": {
        "x0": 585,
        "y0": 110,
        "x1": 626,
        "y1": 160,
        "w": 41,
        "h": 50
    },
    "frame_size": {
        "h": 1080,
        "w": 1920
    },
    "head_pose_angle_6drepnet360": {
        "yaw": -48.50889587402344,
        "pitch": 160.92514038085938,
        "roll": -178.36834716796875
    }
}