{
    "video_name": "wt2023101102",
    "frame_id": 68601,
    "head_bbox": {
        "x0": 561,
        "y0": 110,
        "x1": 604,
        "y1": 164,
        "w": 43,
        "h": 54
    },
    "frame_size": {
        "h": 1080,
        "w": 1920
    },
    "head_pose_angle_6drepnet360": {
        "yaw": -31.81144905090332,
        "pitch": 7.189415454864502,
        "roll": -13.427287101745605
    }
}