{
    "video_name": "wt2023101102",
    "frame_id": 68701,
    "head_bbox": {
        "x0": 594,
        "y0": 110,
        "x1": 634,
        "y1": 160,
        "w": 40,
        "h": 50
    },
    "frame_size": {
        "h": 1080,
        "w": 1920
    },
    "head_pose_angle_6drepnet360": {
        "yaw": -31.126293182373047,
        "pitch": 175.75909423828125,
        "roll": 176.178466796875
    }
}