{
    "video_name": "wt2023101102",
    "frame_id": 68801,
    "head_bbox": {
        "x0": 592,
        "y0": 111,
        "x1": 631,
        "y1": 161,
        "w": 39,
        "h": 50
    },
    "frame_size": {
        "h": 1080,
        "w": 1920
    },
    "head_pose_angle_6drepnet360": {
        "yaw": -36.878963470458984,
        "pitch": 179.74029541015625,
        "roll": 179.69271850585938
    }
}