{
    "video_name": "wt2023101102",
    "frame_id": 68901,
    "head_bbox": {
        "x0": 610,
        "y0": 112,
        "x1": 650,
        "y1": 163,
        "w": 40,
        "h": 51
    },
    "frame_size": {
        "h": 1080,
        "w": 1920
    },
    "head_pose_angle_6drepnet360": {
        "yaw": -41.6800537109375,
        "pitch": -177.10179138183594,
        "roll": 169.76625061035156
    }
}