{
    "video_name": "wt2023101102",
    "frame_id": 69001,
    "head_bbox": {
        "x0": 498,
        "y0": 153,
        "x1": 542,
        "y1": 205,
        "w": 44,
        "h": 52
    },
    "frame_size": {
        "h": 1080,
        "w": 1920
    },
    "head_pose_angle_6drepnet360": {
        "yaw": -2.0947182178497314,
        "pitch": -28.109195709228516,
        "roll": -8.668376922607422
    }
}