{
    "video_name": "wt2023101102",
    "frame_id": 6901,
    "head_bbox": {
        "x0": 462,
        "y0": 107,
        "x1": 506,
        "y1": 154,
        "w": 44,
        "h": 47
    },
    "frame_size": {
        "h": 1080,
        "w": 1920
    },
    "head_pose_angle_6drepnet360": {
        "yaw": -38.23402786254883,
        "pitch": 155.52951049804688,
        "roll": -170.57601928710938
    }
}