{
    "video_name": "wt2023101102",
    "frame_id": 69101,
    "head_bbox": {
        "x0": 492,
        "y0": 138,
        "x1": 535,
        "y1": 199,
        "w": 43,
        "h": 61
    },
    "frame_size": {
        "h": 1080,
        "w": 1920
    },
    "head_pose_angle_6drepnet360": {
        "yaw": -1.7661672830581665,
        "pitch": -37.92294692993164,
        "roll": -4.41487455368042
    }
}