{
    "video_name": "wt2023101102",
    "frame_id": 69201,
    "head_bbox": {
        "x0": 480,
        "y0": 140,
        "x1": 526,
        "y1": 200,
        "w": 46,
        "h": 60
    },
    "frame_size": {
        "h": 1080,
        "w": 1920
    },
    "head_pose_angle_6drepnet360": {
        "yaw": 1.5550183057785034,
        "pitch": -37.926876068115234,
        "roll": -9.064604759216309
    }
}