{
    "video_name": "wt2023101102",
    "frame_id": 69301,
    "head_bbox": {
        "x0": 481,
        "y0": 141,
        "x1": 524,
        "y1": 200,
        "w": 43,
        "h": 59
    },
    "frame_size": {
        "h": 1080,
        "w": 1920
    },
    "head_pose_angle_6drepnet360": {
        "yaw": -7.777157306671143,
        "pitch": -37.326805114746094,
        "roll": -9.168360710144043
    }
}