{
    "video_name": "wt2023101102",
    "frame_id": 69401,
    "head_bbox": {
        "x0": 566,
        "y0": 112,
        "x1": 606,
        "y1": 163,
        "w": 40,
        "h": 51
    },
    "frame_size": {
        "h": 1080,
        "w": 1920
    },
    "head_pose_angle_6drepnet360": {
        "yaw": -41.721893310546875,
        "pitch": 174.9231719970703,
        "roll": -178.3367919921875
    }
}