{
    "video_name": "wt2023101102",
    "frame_id": 69501,
    "head_bbox": {
        "x0": 592,
        "y0": 111,
        "x1": 633,
        "y1": 159,
        "w": 41,
        "h": 48
    },
    "frame_size": {
        "h": 1080,
        "w": 1920
    },
    "head_pose_angle_6drepnet360": {
        "yaw": -37.648277282714844,
        "pitch": 164.00946044921875,
        "roll": -179.66085815429688
    }
}