{
    "video_name": "wt2023101102",
    "frame_id": 69601,
    "head_bbox": {
        "x0": 587,
        "y0": 112,
        "x1": 628,
        "y1": 158,
        "w": 41,
        "h": 46
    },
    "frame_size": {
        "h": 1080,
        "w": 1920
    },
    "head_pose_angle_6drepnet360": {
        "yaw": -27.23285484313965,
        "pitch": 168.44322204589844,
        "roll": -174.1547393798828
    }
}