{
    "video_name": "wt2023101102",
    "frame_id": 69801,
    "head_bbox": {
        "x0": 494,
        "y0": 115,
        "x1": 539,
        "y1": 171,
        "w": 45,
        "h": 56
    },
    "frame_size": {
        "h": 1080,
        "w": 1920
    },
    "head_pose_angle_6drepnet360": {
        "yaw": -5.684516906738281,
        "pitch": -2.5378291606903076,
        "roll": 0.5411441922187805
    }
}