{
    "video_name": "wt2023101102",
    "frame_id": 69901,
    "head_bbox": {
        "x0": 491,
        "y0": 118,
        "x1": 534,
        "y1": 174,
        "w": 43,
        "h": 56
    },
    "frame_size": {
        "h": 1080,
        "w": 1920
    },
    "head_pose_angle_6drepnet360": {
        "yaw": -11.762041091918945,
        "pitch": -3.0069451332092285,
        "roll": -4.723133087158203
    }
}