{
    "video_name": "wt2023101102",
    "frame_id": 70001,
    "head_bbox": {
        "x0": 490,
        "y0": 123,
        "x1": 533,
        "y1": 180,
        "w": 43,
        "h": 57
    },
    "frame_size": {
        "h": 1080,
        "w": 1920
    },
    "head_pose_angle_6drepnet360": {
        "yaw": -15.621184349060059,
        "pitch": -7.688060760498047,
        "roll": -10.272222518920898
    }
}