{
    "video_name": "wt2023101102",
    "frame_id": 7001,
    "head_bbox": {
        "x0": 463,
        "y0": 107,
        "x1": 509,
        "y1": 154,
        "w": 46,
        "h": 47
    },
    "frame_size": {
        "h": 1080,
        "w": 1920
    },
    "head_pose_angle_6drepnet360": {
        "yaw": -41.3121452331543,
        "pitch": 155.13262939453125,
        "roll": -170.311767578125
    }
}