{
    "video_name": "wt2023101102",
    "frame_id": 701,
    "head_bbox": {
        "x0": 922,
        "y0": 135,
        "x1": 966,
        "y1": 190,
        "w": 44,
        "h": 55
    },
    "frame_size": {
        "h": 1080,
        "w": 1920
    },
    "head_pose_angle_6drepnet360": {
        "yaw": 51.947265625,
        "pitch": 166.96371459960938,
        "roll": -176.1376190185547
    }
}