{
    "video_name": "wt2023101102",
    "frame_id": 70101,
    "head_bbox": {
        "x0": 488,
        "y0": 119,
        "x1": 532,
        "y1": 173,
        "w": 44,
        "h": 54
    },
    "frame_size": {
        "h": 1080,
        "w": 1920
    },
    "head_pose_angle_6drepnet360": {
        "yaw": -22.223554611206055,
        "pitch": 3.41770076751709,
        "roll": -6.831307411193848
    }
}