{
    "video_name": "wt2023101102",
    "frame_id": 70201,
    "head_bbox": {
        "x0": 489,
        "y0": 119,
        "x1": 532,
        "y1": 173,
        "w": 43,
        "h": 54
    },
    "frame_size": {
        "h": 1080,
        "w": 1920
    },
    "head_pose_angle_6drepnet360": {
        "yaw": -2.8393402099609375,
        "pitch": -3.8694677352905273,
        "roll": -1.4723153114318848
    }
}