{
    "video_name": "wt2023101102",
    "frame_id": 70301,
    "head_bbox": {
        "x0": 490,
        "y0": 119,
        "x1": 532,
        "y1": 174,
        "w": 42,
        "h": 55
    },
    "frame_size": {
        "h": 1080,
        "w": 1920
    },
    "head_pose_angle_6drepnet360": {
        "yaw": -13.958944320678711,
        "pitch": -0.043924570083618164,
        "roll": -4.815688610076904
    }
}