{
    "video_name": "wt2023101102",
    "frame_id": 70401,
    "head_bbox": {
        "x0": 490,
        "y0": 118,
        "x1": 533,
        "y1": 172,
        "w": 43,
        "h": 54
    },
    "frame_size": {
        "h": 1080,
        "w": 1920
    },
    "head_pose_angle_6drepnet360": {
        "yaw": -6.9195356369018555,
        "pitch": -2.6299757957458496,
        "roll": -2.8434152603149414
    }
}