{
    "video_name": "wt2023101102",
    "frame_id": 70501,
    "head_bbox": {
        "x0": 491,
        "y0": 119,
        "x1": 534,
        "y1": 175,
        "w": 43,
        "h": 56
    },
    "frame_size": {
        "h": 1080,
        "w": 1920
    },
    "head_pose_angle_6drepnet360": {
        "yaw": -9.905951499938965,
        "pitch": -4.33952522277832,
        "roll": -2.561469316482544
    }
}