{
    "video_name": "wt2023101102",
    "frame_id": 70601,
    "head_bbox": {
        "x0": 491,
        "y0": 118,
        "x1": 534,
        "y1": 173,
        "w": 43,
        "h": 55
    },
    "frame_size": {
        "h": 1080,
        "w": 1920
    },
    "head_pose_angle_6drepnet360": {
        "yaw": -7.773322582244873,
        "pitch": -1.7825723886489868,
        "roll": -5.399167060852051
    }
}