{
    "video_name": "wt2023101102",
    "frame_id": 70701,
    "head_bbox": {
        "x0": 488,
        "y0": 120,
        "x1": 531,
        "y1": 176,
        "w": 43,
        "h": 56
    },
    "frame_size": {
        "h": 1080,
        "w": 1920
    },
    "head_pose_angle_6drepnet360": {
        "yaw": -4.623655796051025,
        "pitch": -3.199284553527832,
        "roll": -6.7248921394348145
    }
}