{
    "video_name": "wt2023101102",
    "frame_id": 70801,
    "head_bbox": {
        "x0": 493,
        "y0": 118,
        "x1": 537,
        "y1": 171,
        "w": 44,
        "h": 53
    },
    "frame_size": {
        "h": 1080,
        "w": 1920
    },
    "head_pose_angle_6drepnet360": {
        "yaw": -22.027257919311523,
        "pitch": 2.617143154144287,
        "roll": -3.443373918533325
    }
}