{
    "video_name": "wt2023101102",
    "frame_id": 70901,
    "head_bbox": {
        "x0": 493,
        "y0": 120,
        "x1": 536,
        "y1": 177,
        "w": 43,
        "h": 57
    },
    "frame_size": {
        "h": 1080,
        "w": 1920
    },
    "head_pose_angle_6drepnet360": {
        "yaw": -12.651810646057129,
        "pitch": -3.564636468887329,
        "roll": -2.637376308441162
    }
}