{
    "video_name": "wt2023101102",
    "frame_id": 71001,
    "head_bbox": {
        "x0": 492,
        "y0": 121,
        "x1": 535,
        "y1": 176,
        "w": 43,
        "h": 55
    },
    "frame_size": {
        "h": 1080,
        "w": 1920
    },
    "head_pose_angle_6drepnet360": {
        "yaw": -18.698020935058594,
        "pitch": -2.938157796859741,
        "roll": -9.488554954528809
    }
}