{
    "video_name": "wt2023101102",
    "frame_id": 7101,
    "head_bbox": {
        "x0": 453,
        "y0": 111,
        "x1": 497,
        "y1": 166,
        "w": 44,
        "h": 55
    },
    "frame_size": {
        "h": 1080,
        "w": 1920
    },
    "head_pose_angle_6drepnet360": {
        "yaw": -17.299766540527344,
        "pitch": 0.41559410095214844,
        "roll": -5.670345306396484
    }
}