{
    "video_name": "wt2023101102",
    "frame_id": 71101,
    "head_bbox": {
        "x0": 490,
        "y0": 118,
        "x1": 534,
        "y1": 174,
        "w": 44,
        "h": 56
    },
    "frame_size": {
        "h": 1080,
        "w": 1920
    },
    "head_pose_angle_6drepnet360": {
        "yaw": -2.892353057861328,
        "pitch": -2.77070951461792,
        "roll": -6.401309490203857
    }
}