{
    "video_name": "wt2023101102",
    "frame_id": 71201,
    "head_bbox": {
        "x0": 497,
        "y0": 123,
        "x1": 540,
        "y1": 184,
        "w": 43,
        "h": 61
    },
    "frame_size": {
        "h": 1080,
        "w": 1920
    },
    "head_pose_angle_6drepnet360": {
        "yaw": -3.024193048477173,
        "pitch": -15.945873260498047,
        "roll": -0.6007446050643921
    }
}