{
    "video_name": "wt2023101102",
    "frame_id": 71301,
    "head_bbox": {
        "x0": 494,
        "y0": 116,
        "x1": 538,
        "y1": 171,
        "w": 44,
        "h": 55
    },
    "frame_size": {
        "h": 1080,
        "w": 1920
    },
    "head_pose_angle_6drepnet360": {
        "yaw": -5.117759704589844,
        "pitch": -1.6647714376449585,
        "roll": -2.4994990825653076
    }
}