{
    "video_name": "wt2023101102",
    "frame_id": 71401,
    "head_bbox": {
        "x0": 492,
        "y0": 119,
        "x1": 535,
        "y1": 176,
        "w": 43,
        "h": 57
    },
    "frame_size": {
        "h": 1080,
        "w": 1920
    },
    "head_pose_angle_6drepnet360": {
        "yaw": -4.973451614379883,
        "pitch": -8.201260566711426,
        "roll": -5.859999179840088
    }
}