{
    "video_name": "wt2023101102",
    "frame_id": 71501,
    "head_bbox": {
        "x0": 492,
        "y0": 118,
        "x1": 535,
        "y1": 172,
        "w": 43,
        "h": 54
    },
    "frame_size": {
        "h": 1080,
        "w": 1920
    },
    "head_pose_angle_6drepnet360": {
        "yaw": -16.876985549926758,
        "pitch": 1.9204655885696411,
        "roll": -5.790743827819824
    }
}