{
    "video_name": "wt2023101102",
    "frame_id": 71601,
    "head_bbox": {
        "x0": 493,
        "y0": 120,
        "x1": 538,
        "y1": 178,
        "w": 45,
        "h": 58
    },
    "frame_size": {
        "h": 1080,
        "w": 1920
    },
    "head_pose_angle_6drepnet360": {
        "yaw": 1.822344183921814,
        "pitch": -8.437141418457031,
        "roll": 0.23277829587459564
    }
}