{
    "video_name": "wt2023101102",
    "frame_id": 71701,
    "head_bbox": {
        "x0": 494,
        "y0": 119,
        "x1": 537,
        "y1": 174,
        "w": 43,
        "h": 55
    },
    "frame_size": {
        "h": 1080,
        "w": 1920
    },
    "head_pose_angle_6drepnet360": {
        "yaw": -10.89272689819336,
        "pitch": -1.8206051588058472,
        "roll": -2.3495118618011475
    }
}