{
    "video_name": "wt2023101102",
    "frame_id": 71801,
    "head_bbox": {
        "x0": 495,
        "y0": 120,
        "x1": 538,
        "y1": 176,
        "w": 43,
        "h": 56
    },
    "frame_size": {
        "h": 1080,
        "w": 1920
    },
    "head_pose_angle_6drepnet360": {
        "yaw": -20.079456329345703,
        "pitch": 1.3571245670318604,
        "roll": -5.534536838531494
    }
}