{
    "video_name": "wt2023101102",
    "frame_id": 71901,
    "head_bbox": {
        "x0": 492,
        "y0": 118,
        "x1": 536,
        "y1": 174,
        "w": 44,
        "h": 56
    },
    "frame_size": {
        "h": 1080,
        "w": 1920
    },
    "head_pose_angle_6drepnet360": {
        "yaw": 4.440586566925049,
        "pitch": -3.2576372623443604,
        "roll": -3.660625696182251
    }
}