{
    "video_name": "wt2023101102",
    "frame_id": 72001,
    "head_bbox": {
        "x0": 503,
        "y0": 119,
        "x1": 547,
        "y1": 175,
        "w": 44,
        "h": 56
    },
    "frame_size": {
        "h": 1080,
        "w": 1920
    },
    "head_pose_angle_6drepnet360": {
        "yaw": -44.14070129394531,
        "pitch": 4.169290065765381,
        "roll": 1.2462009191513062
    }
}