{
    "video_name": "wt2023101102",
    "frame_id": 7201,
    "head_bbox": {
        "x0": 507,
        "y0": 127,
        "x1": 548,
        "y1": 186,
        "w": 41,
        "h": 59
    },
    "frame_size": {
        "h": 1080,
        "w": 1920
    },
    "head_pose_angle_6drepnet360": {
        "yaw": -9.876276969909668,
        "pitch": -35.752742767333984,
        "roll": 1.8485167026519775
    }
}