{
    "video_name": "wt2023101102",
    "frame_id": 72101,
    "head_bbox": {
        "x0": 492,
        "y0": 118,
        "x1": 534,
        "y1": 173,
        "w": 42,
        "h": 55
    },
    "frame_size": {
        "h": 1080,
        "w": 1920
    },
    "head_pose_angle_6drepnet360": {
        "yaw": 8.925159454345703,
        "pitch": -4.243034362792969,
        "roll": -7.9608540534973145
    }
}