{
    "video_name": "wt2023101102",
    "frame_id": 72201,
    "head_bbox": {
        "x0": 489,
        "y0": 119,
        "x1": 535,
        "y1": 174,
        "w": 46,
        "h": 55
    },
    "frame_size": {
        "h": 1080,
        "w": 1920
    },
    "head_pose_angle_6drepnet360": {
        "yaw": -1.044439435005188,
        "pitch": -3.8903536796569824,
        "roll": -6.847990989685059
    }
}