{
    "video_name": "wt2023101102",
    "frame_id": 72301,
    "head_bbox": {
        "x0": 496,
        "y0": 119,
        "x1": 539,
        "y1": 173,
        "w": 43,
        "h": 54
    },
    "frame_size": {
        "h": 1080,
        "w": 1920
    },
    "head_pose_angle_6drepnet360": {
        "yaw": -24.597152709960938,
        "pitch": 1.7536523342132568,
        "roll": -4.646576404571533
    }
}