{
    "video_name": "wt2023101102",
    "frame_id": 72401,
    "head_bbox": {
        "x0": 496,
        "y0": 118,
        "x1": 538,
        "y1": 172,
        "w": 42,
        "h": 54
    },
    "frame_size": {
        "h": 1080,
        "w": 1920
    },
    "head_pose_angle_6drepnet360": {
        "yaw": -27.138914108276367,
        "pitch": 1.515375018119812,
        "roll": -5.152860641479492
    }
}