{
    "video_name": "wt2023101102",
    "frame_id": 72501,
    "head_bbox": {
        "x0": 494,
        "y0": 118,
        "x1": 537,
        "y1": 172,
        "w": 43,
        "h": 54
    },
    "frame_size": {
        "h": 1080,
        "w": 1920
    },
    "head_pose_angle_6drepnet360": {
        "yaw": -21.26548957824707,
        "pitch": 1.1292567253112793,
        "roll": -6.022400379180908
    }
}