{
    "video_name": "wt2023101102",
    "frame_id": 72601,
    "head_bbox": {
        "x0": 493,
        "y0": 120,
        "x1": 537,
        "y1": 176,
        "w": 44,
        "h": 56
    },
    "frame_size": {
        "h": 1080,
        "w": 1920
    },
    "head_pose_angle_6drepnet360": {
        "yaw": -8.565460205078125,
        "pitch": -4.032395362854004,
        "roll": -7.3977580070495605
    }
}