{
    "video_name": "wt2023101102",
    "frame_id": 72701,
    "head_bbox": {
        "x0": 497,
        "y0": 117,
        "x1": 542,
        "y1": 172,
        "w": 45,
        "h": 55
    },
    "frame_size": {
        "h": 1080,
        "w": 1920
    },
    "head_pose_angle_6drepnet360": {
        "yaw": -40.370845794677734,
        "pitch": 2.778975009918213,
        "roll": -1.5441991090774536
    }
}