{
    "video_name": "wt2023101102",
    "frame_id": 72801,
    "head_bbox": {
        "x0": 493,
        "y0": 118,
        "x1": 538,
        "y1": 173,
        "w": 45,
        "h": 55
    },
    "frame_size": {
        "h": 1080,
        "w": 1920
    },
    "head_pose_angle_6drepnet360": {
        "yaw": 1.1173744201660156,
        "pitch": -3.6930580139160156,
        "roll": -2.5535616874694824
    }
}