{
    "video_name": "wt2023101102",
    "frame_id": 72901,
    "head_bbox": {
        "x0": 495,
        "y0": 118,
        "x1": 538,
        "y1": 171,
        "w": 43,
        "h": 53
    },
    "frame_size": {
        "h": 1080,
        "w": 1920
    },
    "head_pose_angle_6drepnet360": {
        "yaw": -26.820070266723633,
        "pitch": 0.0670480728149414,
        "roll": -1.445369839668274
    }
}