{
    "video_name": "wt2023101102",
    "frame_id": 73001,
    "head_bbox": {
        "x0": 495,
        "y0": 118,
        "x1": 538,
        "y1": 172,
        "w": 43,
        "h": 54
    },
    "frame_size": {
        "h": 1080,
        "w": 1920
    },
    "head_pose_angle_6drepnet360": {
        "yaw": -23.090431213378906,
        "pitch": -1.8093363046646118,
        "roll": -0.7536826729774475
    }
}