{
    "video_name": "wt2023101102",
    "frame_id": 7301,
    "head_bbox": {
        "x0": 538,
        "y0": 123,
        "x1": 582,
        "y1": 182,
        "w": 44,
        "h": 59
    },
    "frame_size": {
        "h": 1080,
        "w": 1920
    },
    "head_pose_angle_6drepnet360": {
        "yaw": -30.253835678100586,
        "pitch": -25.354238510131836,
        "roll": -0.04830900579690933
    }
}