{
    "video_name": "wt2023101102",
    "frame_id": 73101,
    "head_bbox": {
        "x0": 493,
        "y0": 118,
        "x1": 537,
        "y1": 172,
        "w": 44,
        "h": 54
    },
    "frame_size": {
        "h": 1080,
        "w": 1920
    },
    "head_pose_angle_6drepnet360": {
        "yaw": -19.234172821044922,
        "pitch": 1.2728753089904785,
        "roll": -3.985464334487915
    }
}