{
    "video_name": "wt2023101102",
    "frame_id": 73201,
    "head_bbox": {
        "x0": 495,
        "y0": 119,
        "x1": 539,
        "y1": 173,
        "w": 44,
        "h": 54
    },
    "frame_size": {
        "h": 1080,
        "w": 1920
    },
    "head_pose_angle_6drepnet360": {
        "yaw": -31.398595809936523,
        "pitch": 4.271870136260986,
        "roll": -3.063129425048828
    }
}