{
    "video_name": "wt2023101102",
    "frame_id": 73301,
    "head_bbox": {
        "x0": 493,
        "y0": 119,
        "x1": 537,
        "y1": 172,
        "w": 44,
        "h": 53
    },
    "frame_size": {
        "h": 1080,
        "w": 1920
    },
    "head_pose_angle_6drepnet360": {
        "yaw": -11.812255859375,
        "pitch": 0.7957972288131714,
        "roll": -2.9817349910736084
    }
}