{
    "video_name": "wt2023101102",
    "frame_id": 73401,
    "head_bbox": {
        "x0": 493,
        "y0": 118,
        "x1": 537,
        "y1": 172,
        "w": 44,
        "h": 54
    },
    "frame_size": {
        "h": 1080,
        "w": 1920
    },
    "head_pose_angle_6drepnet360": {
        "yaw": -16.85826873779297,
        "pitch": 1.4277297258377075,
        "roll": -5.054630756378174
    }
}