{
    "video_name": "wt2023101102",
    "frame_id": 73501,
    "head_bbox": {
        "x0": 492,
        "y0": 118,
        "x1": 535,
        "y1": 173,
        "w": 43,
        "h": 55
    },
    "frame_size": {
        "h": 1080,
        "w": 1920
    },
    "head_pose_angle_6drepnet360": {
        "yaw": -7.632424831390381,
        "pitch": 0.08398956060409546,
        "roll": -3.1130380630493164
    }
}