{
    "video_name": "wt2023101102",
    "frame_id": 73601,
    "head_bbox": {
        "x0": 492,
        "y0": 117,
        "x1": 537,
        "y1": 171,
        "w": 45,
        "h": 54
    },
    "frame_size": {
        "h": 1080,
        "w": 1920
    },
    "head_pose_angle_6drepnet360": {
        "yaw": 1.5037996768951416,
        "pitch": -1.5251173973083496,
        "roll": -0.5787254571914673
    }
}