{
    "video_name": "wt2023101102",
    "frame_id": 73701,
    "head_bbox": {
        "x0": 494,
        "y0": 117,
        "x1": 538,
        "y1": 170,
        "w": 44,
        "h": 53
    },
    "frame_size": {
        "h": 1080,
        "w": 1920
    },
    "head_pose_angle_6drepnet360": {
        "yaw": -17.51716423034668,
        "pitch": 4.108832359313965,
        "roll": -2.4317543506622314
    }
}