{
    "video_name": "wt2023101102",
    "frame_id": 73801,
    "head_bbox": {
        "x0": 491,
        "y0": 117,
        "x1": 535,
        "y1": 171,
        "w": 44,
        "h": 54
    },
    "frame_size": {
        "h": 1080,
        "w": 1920
    },
    "head_pose_angle_6drepnet360": {
        "yaw": -10.41072940826416,
        "pitch": -0.4597390592098236,
        "roll": -4.367645263671875
    }
}