{
    "video_name": "wt2023101102",
    "frame_id": 73901,
    "head_bbox": {
        "x0": 493,
        "y0": 117,
        "x1": 537,
        "y1": 171,
        "w": 44,
        "h": 54
    },
    "frame_size": {
        "h": 1080,
        "w": 1920
    },
    "head_pose_angle_6drepnet360": {
        "yaw": -16.25431251525879,
        "pitch": 4.792716979980469,
        "roll": -5.023804664611816
    }
}