{
    "video_name": "wt2023101102",
    "frame_id": 74001,
    "head_bbox": {
        "x0": 496,
        "y0": 152,
        "x1": 537,
        "y1": 204,
        "w": 41,
        "h": 52
    },
    "frame_size": {
        "h": 1080,
        "w": 1920
    },
    "head_pose_angle_6drepnet360": {
        "yaw": -0.024009179323911667,
        "pitch": -39.224998474121094,
        "roll": -9.645090103149414
    }
}