{
    "video_name": "wt2023101102",
    "frame_id": 7401,
    "head_bbox": {
        "x0": 702,
        "y0": 113,
        "x1": 741,
        "y1": 158,
        "w": 39,
        "h": 45
    },
    "frame_size": {
        "h": 1080,
        "w": 1920
    },
    "head_pose_angle_6drepnet360": {
        "yaw": -4.70559024810791,
        "pitch": 143.74769592285156,
        "roll": 178.2709503173828
    }
}