{
    "video_name": "wt2023101102",
    "frame_id": 74101,
    "head_bbox": {
        "x0": 499,
        "y0": 162,
        "x1": 541,
        "y1": 216,
        "w": 42,
        "h": 54
    },
    "frame_size": {
        "h": 1080,
        "w": 1920
    },
    "head_pose_angle_6drepnet360": {
        "yaw": 12.172591209411621,
        "pitch": -25.59429931640625,
        "roll": -10.287896156311035
    }
}