{
    "video_name": "wt2023101102",
    "frame_id": 74201,
    "head_bbox": {
        "x0": 487,
        "y0": 157,
        "x1": 531,
        "y1": 213,
        "w": 44,
        "h": 56
    },
    "frame_size": {
        "h": 1080,
        "w": 1920
    },
    "head_pose_angle_6drepnet360": {
        "yaw": 26.107357025146484,
        "pitch": -47.64879608154297,
        "roll": -18.55327796936035
    }
}