{
    "video_name": "wt2023101102",
    "frame_id": 74401,
    "head_bbox": {
        "x0": 495,
        "y0": 160,
        "x1": 538,
        "y1": 210,
        "w": 43,
        "h": 50
    },
    "frame_size": {
        "h": 1080,
        "w": 1920
    },
    "head_pose_angle_6drepnet360": {
        "yaw": 0.7197863459587097,
        "pitch": -37.67314529418945,
        "roll": -14.198809623718262
    }
}