{
    "video_name": "wt2023101102",
    "frame_id": 74501,
    "head_bbox": {
        "x0": 496,
        "y0": 161,
        "x1": 540,
        "y1": 214,
        "w": 44,
        "h": 53
    },
    "frame_size": {
        "h": 1080,
        "w": 1920
    },
    "head_pose_angle_6drepnet360": {
        "yaw": -7.47639274597168,
        "pitch": -42.77983856201172,
        "roll": -15.356770515441895
    }
}