{
    "video_name": "wt2023101102",
    "frame_id": 74601,
    "head_bbox": {
        "x0": 495,
        "y0": 160,
        "x1": 538,
        "y1": 214,
        "w": 43,
        "h": 54
    },
    "frame_size": {
        "h": 1080,
        "w": 1920
    },
    "head_pose_angle_6drepnet360": {
        "yaw": -4.725996494293213,
        "pitch": -39.394325256347656,
        "roll": -14.935483932495117
    }
}