{
    "video_name": "wt2023101102",
    "frame_id": 74701,
    "head_bbox": {
        "x0": 496,
        "y0": 156,
        "x1": 539,
        "y1": 213,
        "w": 43,
        "h": 57
    },
    "frame_size": {
        "h": 1080,
        "w": 1920
    },
    "head_pose_angle_6drepnet360": {
        "yaw": -8.735089302062988,
        "pitch": -44.98682403564453,
        "roll": -10.08864974975586
    }
}