{
    "video_name": "wt2023101102",
    "frame_id": 74801,
    "head_bbox": {
        "x0": 522,
        "y0": 124,
        "x1": 569,
        "y1": 176,
        "w": 47,
        "h": 52
    },
    "frame_size": {
        "h": 1080,
        "w": 1920
    },
    "head_pose_angle_6drepnet360": {
        "yaw": -60.12744903564453,
        "pitch": 137.87982177734375,
        "roll": -160.1309051513672
    }
}