{
    "video_name": "wt2023101102",
    "frame_id": 74901,
    "head_bbox": {
        "x0": 591,
        "y0": 112,
        "x1": 632,
        "y1": 156,
        "w": 41,
        "h": 44
    },
    "frame_size": {
        "h": 1080,
        "w": 1920
    },
    "head_pose_angle_6drepnet360": {
        "yaw": -35.13713836669922,
        "pitch": 147.9242401123047,
        "roll": 175.01223754882812
    }
}