{
    "video_name": "wt2023101102",
    "frame_id": 75001,
    "head_bbox": {
        "x0": 590,
        "y0": 110,
        "x1": 632,
        "y1": 156,
        "w": 42,
        "h": 46
    },
    "frame_size": {
        "h": 1080,
        "w": 1920
    },
    "head_pose_angle_6drepnet360": {
        "yaw": -27.1462459564209,
        "pitch": 145.6847381591797,
        "roll": -178.23779296875
    }
}