{
    "video_name": "wt2023101102",
    "frame_id": 75101,
    "head_bbox": {
        "x0": 598,
        "y0": 111,
        "x1": 640,
        "y1": 156,
        "w": 42,
        "h": 45
    },
    "frame_size": {
        "h": 1080,
        "w": 1920
    },
    "head_pose_angle_6drepnet360": {
        "yaw": -26.705514907836914,
        "pitch": 156.44369506835938,
        "roll": -177.2693634033203
    }
}