{
    "video_name": "wt2023101102",
    "frame_id": 75201,
    "head_bbox": {
        "x0": 628,
        "y0": 111,
        "x1": 667,
        "y1": 156,
        "w": 39,
        "h": 45
    },
    "frame_size": {
        "h": 1080,
        "w": 1920
    },
    "head_pose_angle_6drepnet360": {
        "yaw": -20.048330307006836,
        "pitch": 148.87213134765625,
        "roll": -178.91265869140625
    }
}