{
    "video_name": "wt2023101102",
    "frame_id": 75301,
    "head_bbox": {
        "x0": 636,
        "y0": 111,
        "x1": 676,
        "y1": 157,
        "w": 40,
        "h": 46
    },
    "frame_size": {
        "h": 1080,
        "w": 1920
    },
    "head_pose_angle_6drepnet360": {
        "yaw": -19.053539276123047,
        "pitch": 152.2136688232422,
        "roll": 178.6696014404297
    }
}