{
    "video_name": "wt2023101102",
    "frame_id": 75401,
    "head_bbox": {
        "x0": 503,
        "y0": 130,
        "x1": 544,
        "y1": 188,
        "w": 41,
        "h": 58
    },
    "frame_size": {
        "h": 1080,
        "w": 1920
    },
    "head_pose_angle_6drepnet360": {
        "yaw": 23.89275360107422,
        "pitch": -33.14406967163086,
        "roll": -0.5158568620681763
    }
}