{
    "video_name": "wt2023101102",
    "frame_id": 75501,
    "head_bbox": {
        "x0": 482,
        "y0": 138,
        "x1": 525,
        "y1": 196,
        "w": 43,
        "h": 58
    },
    "frame_size": {
        "h": 1080,
        "w": 1920
    },
    "head_pose_angle_6drepnet360": {
        "yaw": 0.3488885164260864,
        "pitch": -38.93715286254883,
        "roll": -14.05314826965332
    }
}