{
    "video_name": "wt2023101102",
    "frame_id": 75601,
    "head_bbox": {
        "x0": 485,
        "y0": 139,
        "x1": 529,
        "y1": 198,
        "w": 44,
        "h": 59
    },
    "frame_size": {
        "h": 1080,
        "w": 1920
    },
    "head_pose_angle_6drepnet360": {
        "yaw": 4.585536479949951,
        "pitch": -39.68626403808594,
        "roll": -14.1386137008667
    }
}