{
    "video_name": "wt2023101102",
    "frame_id": 75701,
    "head_bbox": {
        "x0": 483,
        "y0": 137,
        "x1": 527,
        "y1": 193,
        "w": 44,
        "h": 56
    },
    "frame_size": {
        "h": 1080,
        "w": 1920
    },
    "head_pose_angle_6drepnet360": {
        "yaw": 8.57283878326416,
        "pitch": -36.31842803955078,
        "roll": -13.057312965393066
    }
}