{
    "video_name": "wt2023101102",
    "frame_id": 75801,
    "head_bbox": {
        "x0": 570,
        "y0": 113,
        "x1": 615,
        "y1": 161,
        "w": 45,
        "h": 48
    },
    "frame_size": {
        "h": 1080,
        "w": 1920
    },
    "head_pose_angle_6drepnet360": {
        "yaw": -44.82444381713867,
        "pitch": 138.8419952392578,
        "roll": -155.39297485351562
    }
}