{
    "video_name": "wt2023101102",
    "frame_id": 75901,
    "head_bbox": {
        "x0": 641,
        "y0": 111,
        "x1": 680,
        "y1": 156,
        "w": 39,
        "h": 45
    },
    "frame_size": {
        "h": 1080,
        "w": 1920
    },
    "head_pose_angle_6drepnet360": {
        "yaw": -20.4829044342041,
        "pitch": 147.4694061279297,
        "roll": 178.19898986816406
    }
}