{
    "video_name": "wt2023101102",
    "frame_id": 76001,
    "head_bbox": {
        "x0": 541,
        "y0": 118,
        "x1": 583,
        "y1": 176,
        "w": 42,
        "h": 58
    },
    "frame_size": {
        "h": 1080,
        "w": 1920
    },
    "head_pose_angle_6drepnet360": {
        "yaw": 18.71317481994629,
        "pitch": -22.69489097595215,
        "roll": -5.436455249786377
    }
}