{
    "video_name": "wt2023101102",
    "frame_id": 7601,
    "head_bbox": {
        "x0": 675,
        "y0": 112,
        "x1": 721,
        "y1": 162,
        "w": 46,
        "h": 50
    },
    "frame_size": {
        "h": 1080,
        "w": 1920
    },
    "head_pose_angle_6drepnet360": {
        "yaw": -65.35277557373047,
        "pitch": 110.327880859375,
        "roll": -127.97797393798828
    }
}