{
    "video_name": "wt2023101102",
    "frame_id": 76101,
    "head_bbox": {
        "x0": 494,
        "y0": 155,
        "x1": 538,
        "y1": 208,
        "w": 44,
        "h": 53
    },
    "frame_size": {
        "h": 1080,
        "w": 1920
    },
    "head_pose_angle_6drepnet360": {
        "yaw": -4.506917953491211,
        "pitch": -36.746742248535156,
        "roll": -13.022674560546875
    }
}