{
    "video_name": "wt2023101102",
    "frame_id": 76201,
    "head_bbox": {
        "x0": 498,
        "y0": 152,
        "x1": 539,
        "y1": 206,
        "w": 41,
        "h": 54
    },
    "frame_size": {
        "h": 1080,
        "w": 1920
    },
    "head_pose_angle_6drepnet360": {
        "yaw": -12.472776412963867,
        "pitch": -39.58545684814453,
        "roll": -4.475266456604004
    }
}