{
    "video_name": "wt2023101102",
    "frame_id": 76301,
    "head_bbox": {
        "x0": 490,
        "y0": 133,
        "x1": 533,
        "y1": 190,
        "w": 43,
        "h": 57
    },
    "frame_size": {
        "h": 1080,
        "w": 1920
    },
    "head_pose_angle_6drepnet360": {
        "yaw": -16.546005249023438,
        "pitch": -6.187047958374023,
        "roll": -13.354242324829102
    }
}