{
    "video_name": "wt2023101102",
    "frame_id": 76401,
    "head_bbox": {
        "x0": 501,
        "y0": 117,
        "x1": 543,
        "y1": 168,
        "w": 42,
        "h": 51
    },
    "frame_size": {
        "h": 1080,
        "w": 1920
    },
    "head_pose_angle_6drepnet360": {
        "yaw": -13.3179292678833,
        "pitch": 5.036605358123779,
        "roll": -5.274347305297852
    }
}