{
    "video_name": "wt2023101102",
    "frame_id": 76501,
    "head_bbox": {
        "x0": 513,
        "y0": 117,
        "x1": 556,
        "y1": 168,
        "w": 43,
        "h": 51
    },
    "frame_size": {
        "h": 1080,
        "w": 1920
    },
    "head_pose_angle_6drepnet360": {
        "yaw": -17.883594512939453,
        "pitch": 3.0878353118896484,
        "roll": 1.354475498199463
    }
}