{
    "video_name": "wt2023101102",
    "frame_id": 76601,
    "head_bbox": {
        "x0": 504,
        "y0": 118,
        "x1": 547,
        "y1": 172,
        "w": 43,
        "h": 54
    },
    "frame_size": {
        "h": 1080,
        "w": 1920
    },
    "head_pose_angle_6drepnet360": {
        "yaw": -17.224672317504883,
        "pitch": 1.4693326950073242,
        "roll": -8.25198745727539
    }
}