{
    "video_name": "wt2023101102",
    "frame_id": 76701,
    "head_bbox": {
        "x0": 499,
        "y0": 118,
        "x1": 542,
        "y1": 171,
        "w": 43,
        "h": 53
    },
    "frame_size": {
        "h": 1080,
        "w": 1920
    },
    "head_pose_angle_6drepnet360": {
        "yaw": -14.957819938659668,
        "pitch": 2.6761224269866943,
        "roll": -10.07981014251709
    }
}