{
    "video_name": "wt2023101102",
    "frame_id": 76801,
    "head_bbox": {
        "x0": 501,
        "y0": 117,
        "x1": 543,
        "y1": 171,
        "w": 42,
        "h": 54
    },
    "frame_size": {
        "h": 1080,
        "w": 1920
    },
    "head_pose_angle_6drepnet360": {
        "yaw": -9.468976020812988,
        "pitch": -3.648658275604248,
        "roll": -6.798542499542236
    }
}