{
    "video_name": "wt2023101102",
    "frame_id": 76901,
    "head_bbox": {
        "x0": 506,
        "y0": 128,
        "x1": 547,
        "y1": 188,
        "w": 41,
        "h": 60
    },
    "frame_size": {
        "h": 1080,
        "w": 1920
    },
    "head_pose_angle_6drepnet360": {
        "yaw": -0.18184234201908112,
        "pitch": -30.628087997436523,
        "roll": -1.0854144096374512
    }
}