{
    "video_name": "wt2023101102",
    "frame_id": 77001,
    "head_bbox": {
        "x0": 506,
        "y0": 126,
        "x1": 548,
        "y1": 186,
        "w": 42,
        "h": 60
    },
    "frame_size": {
        "h": 1080,
        "w": 1920
    },
    "head_pose_angle_6drepnet360": {
        "yaw": -3.9708383083343506,
        "pitch": -28.326833724975586,
        "roll": -4.48341178894043
    }
}