{
    "video_name": "wt2023101102",
    "frame_id": 7701,
    "head_bbox": {
        "x0": 746,
        "y0": 113,
        "x1": 788,
        "y1": 161,
        "w": 42,
        "h": 48
    },
    "frame_size": {
        "h": 1080,
        "w": 1920
    },
    "head_pose_angle_6drepnet360": {
        "yaw": -49.0783805847168,
        "pitch": 161.7813262939453,
        "roll": 172.41412353515625
    }
}