{
    "video_name": "wt2023101102",
    "frame_id": 77101,
    "head_bbox": {
        "x0": 499,
        "y0": 119,
        "x1": 543,
        "y1": 171,
        "w": 44,
        "h": 52
    },
    "frame_size": {
        "h": 1080,
        "w": 1920
    },
    "head_pose_angle_6drepnet360": {
        "yaw": -17.654603958129883,
        "pitch": 4.966341018676758,
        "roll": -7.688300609588623
    }
}