{
    "video_name": "wt2023101102",
    "frame_id": 77201,
    "head_bbox": {
        "x0": 501,
        "y0": 127,
        "x1": 541,
        "y1": 186,
        "w": 40,
        "h": 59
    },
    "frame_size": {
        "h": 1080,
        "w": 1920
    },
    "head_pose_angle_6drepnet360": {
        "yaw": -2.4902148246765137,
        "pitch": -33.3218879699707,
        "roll": -8.576253890991211
    }
}