{
    "video_name": "wt2023101102",
    "frame_id": 77401,
    "head_bbox": {
        "x0": 498,
        "y0": 156,
        "x1": 540,
        "y1": 213,
        "w": 42,
        "h": 57
    },
    "frame_size": {
        "h": 1080,
        "w": 1920
    },
    "head_pose_angle_6drepnet360": {
        "yaw": -6.852822780609131,
        "pitch": -42.61455154418945,
        "roll": -11.431198120117188
    }
}