{
    "video_name": "wt2023101102",
    "frame_id": 77501,
    "head_bbox": {
        "x0": 498,
        "y0": 155,
        "x1": 541,
        "y1": 209,
        "w": 43,
        "h": 54
    },
    "frame_size": {
        "h": 1080,
        "w": 1920
    },
    "head_pose_angle_6drepnet360": {
        "yaw": -4.011632919311523,
        "pitch": -39.504695892333984,
        "roll": -12.350375175476074
    }
}