{
    "video_name": "wt2023101102",
    "frame_id": 77701,
    "head_bbox": {
        "x0": 505,
        "y0": 141,
        "x1": 548,
        "y1": 202,
        "w": 43,
        "h": 61
    },
    "frame_size": {
        "h": 1080,
        "w": 1920
    },
    "head_pose_angle_6drepnet360": {
        "yaw": -2.005394220352173,
        "pitch": -38.36091995239258,
        "roll": -4.233940124511719
    }
}