{
    "video_name": "wt2023101102",
    "frame_id": 77801,
    "head_bbox": {
        "x0": 479,
        "y0": 143,
        "x1": 522,
        "y1": 196,
        "w": 43,
        "h": 53
    },
    "frame_size": {
        "h": 1080,
        "w": 1920
    },
    "head_pose_angle_6drepnet360": {
        "yaw": -3.7161943912506104,
        "pitch": -41.948360443115234,
        "roll": -1.6808691024780273
    }
}