{
    "video_name": "wt2023101102",
    "frame_id": 77901,
    "head_bbox": {
        "x0": 481,
        "y0": 145,
        "x1": 525,
        "y1": 201,
        "w": 44,
        "h": 56
    },
    "frame_size": {
        "h": 1080,
        "w": 1920
    },
    "head_pose_angle_6drepnet360": {
        "yaw": -1.669991374015808,
        "pitch": -37.488441467285156,
        "roll": -17.921066284179688
    }
}