{
    "video_name": "wt2023101102",
    "frame_id": 78001,
    "head_bbox": {
        "x0": 490,
        "y0": 160,
        "x1": 536,
        "y1": 217,
        "w": 46,
        "h": 57
    },
    "frame_size": {
        "h": 1080,
        "w": 1920
    },
    "head_pose_angle_6drepnet360": {
        "yaw": -7.401589870452881,
        "pitch": -42.11198425292969,
        "roll": -6.5355072021484375
    }
}