{
    "video_name": "wt2023101102",
    "frame_id": 7801,
    "head_bbox": {
        "x0": 732,
        "y0": 116,
        "x1": 776,
        "y1": 162,
        "w": 44,
        "h": 46
    },
    "frame_size": {
        "h": 1080,
        "w": 1920
    },
    "head_pose_angle_6drepnet360": {
        "yaw": -57.20193099975586,
        "pitch": 153.2042236328125,
        "roll": -163.829833984375
    }
}