{
    "video_name": "wt2023101102",
    "frame_id": 78101,
    "head_bbox": {
        "x0": 492,
        "y0": 157,
        "x1": 535,
        "y1": 215,
        "w": 43,
        "h": 58
    },
    "frame_size": {
        "h": 1080,
        "w": 1920
    },
    "head_pose_angle_6drepnet360": {
        "yaw": -2.7345633506774902,
        "pitch": -42.30377960205078,
        "roll": -8.62691593170166
    }
}