{
    "video_name": "wt2023101102",
    "frame_id": 78401,
    "head_bbox": {
        "x0": 499,
        "y0": 162,
        "x1": 541,
        "y1": 216,
        "w": 42,
        "h": 54
    },
    "frame_size": {
        "h": 1080,
        "w": 1920
    },
    "head_pose_angle_6drepnet360": {
        "yaw": -0.8139721751213074,
        "pitch": -31.468114852905273,
        "roll": -5.961281776428223
    }
}