{
    "video_name": "wt2023101102",
    "frame_id": 78501,
    "head_bbox": {
        "x0": 489,
        "y0": 143,
        "x1": 534,
        "y1": 202,
        "w": 45,
        "h": 59
    },
    "frame_size": {
        "h": 1080,
        "w": 1920
    },
    "head_pose_angle_6drepnet360": {
        "yaw": 8.028691291809082,
        "pitch": -35.84431076049805,
        "roll": -13.476516723632812
    }
}