{
    "video_name": "wt2023101102",
    "frame_id": 78601,
    "head_bbox": {
        "x0": 495,
        "y0": 161,
        "x1": 539,
        "y1": 215,
        "w": 44,
        "h": 54
    },
    "frame_size": {
        "h": 1080,
        "w": 1920
    },
    "head_pose_angle_6drepnet360": {
        "yaw": -4.06925106048584,
        "pitch": -41.11741638183594,
        "roll": -20.653663635253906
    }
}