{
    "video_name": "wt2023101102",
    "frame_id": 78701,
    "head_bbox": {
        "x0": 504,
        "y0": 161,
        "x1": 547,
        "y1": 216,
        "w": 43,
        "h": 55
    },
    "frame_size": {
        "h": 1080,
        "w": 1920
    },
    "head_pose_angle_6drepnet360": {
        "yaw": -2.7251882553100586,
        "pitch": -41.243343353271484,
        "roll": -11.263426780700684
    }
}