{
    "video_name": "wt2023101102",
    "frame_id": 78901,
    "head_bbox": {
        "x0": 507,
        "y0": 172,
        "x1": 550,
        "y1": 224,
        "w": 43,
        "h": 52
    },
    "frame_size": {
        "h": 1080,
        "w": 1920
    },
    "head_pose_angle_6drepnet360": {
        "yaw": -6.370701789855957,
        "pitch": -40.80730056762695,
        "roll": -9.93613338470459
    }
}