{
    "video_name": "wt2023101102",
    "frame_id": 79001,
    "head_bbox": {
        "x0": 503,
        "y0": 169,
        "x1": 548,
        "y1": 223,
        "w": 45,
        "h": 54
    },
    "frame_size": {
        "h": 1080,
        "w": 1920
    },
    "head_pose_angle_6drepnet360": {
        "yaw": -0.45075371861457825,
        "pitch": -31.676794052124023,
        "roll": -5.647848129272461
    }
}