{
    "video_name": "wt2023101102",
    "frame_id": 7901,
    "head_bbox": {
        "x0": 511,
        "y0": 132,
        "x1": 554,
        "y1": 187,
        "w": 43,
        "h": 55
    },
    "frame_size": {
        "h": 1080,
        "w": 1920
    },
    "head_pose_angle_6drepnet360": {
        "yaw": 9.121177673339844,
        "pitch": -41.33552932739258,
        "roll": -17.330341339111328
    }
}