{
    "video_name": "wt2023101102",
    "frame_id": 79101,
    "head_bbox": {
        "x0": 496,
        "y0": 158,
        "x1": 539,
        "y1": 214,
        "w": 43,
        "h": 56
    },
    "frame_size": {
        "h": 1080,
        "w": 1920
    },
    "head_pose_angle_6drepnet360": {
        "yaw": -1.8725122213363647,
        "pitch": -38.99013137817383,
        "roll": -7.690824031829834
    }
}