{
    "video_name": "wt2023101102",
    "frame_id": 79201,
    "head_bbox": {
        "x0": 489,
        "y0": 134,
        "x1": 533,
        "y1": 192,
        "w": 44,
        "h": 58
    },
    "frame_size": {
        "h": 1080,
        "w": 1920
    },
    "head_pose_angle_6drepnet360": {
        "yaw": -4.729382514953613,
        "pitch": -8.751456260681152,
        "roll": -8.841343879699707
    }
}