{
    "video_name": "wt2023101102",
    "frame_id": 79401,
    "head_bbox": {
        "x0": 491,
        "y0": 129,
        "x1": 535,
        "y1": 183,
        "w": 44,
        "h": 54
    },
    "frame_size": {
        "h": 1080,
        "w": 1920
    },
    "head_pose_angle_6drepnet360": {
        "yaw": 5.826592922210693,
        "pitch": -4.360593318939209,
        "roll": -4.285980224609375
    }
}