{
    "video_name": "wt2023101102",
    "frame_id": 79501,
    "head_bbox": {
        "x0": 490,
        "y0": 130,
        "x1": 534,
        "y1": 184,
        "w": 44,
        "h": 54
    },
    "frame_size": {
        "h": 1080,
        "w": 1920
    },
    "head_pose_angle_6drepnet360": {
        "yaw": -0.39873218536376953,
        "pitch": -3.32926869392395,
        "roll": -6.477657794952393
    }
}