{
    "video_name": "wt2023101102",
    "frame_id": 79601,
    "head_bbox": {
        "x0": 496,
        "y0": 147,
        "x1": 538,
        "y1": 206,
        "w": 42,
        "h": 59
    },
    "frame_size": {
        "h": 1080,
        "w": 1920
    },
    "head_pose_angle_6drepnet360": {
        "yaw": 19.13496208190918,
        "pitch": -35.2051887512207,
        "roll": -0.81996089220047
    }
}