{
    "video_name": "wt2023101102",
    "frame_id": 79701,
    "head_bbox": {
        "x0": 700,
        "y0": 117,
        "x1": 744,
        "y1": 163,
        "w": 44,
        "h": 46
    },
    "frame_size": {
        "h": 1080,
        "w": 1920
    },
    "head_pose_angle_6drepnet360": {
        "yaw": -48.81493377685547,
        "pitch": 150.05638122558594,
        "roll": -162.55812072753906
    }
}