{
    "video_name": "wt2023101102",
    "frame_id": 79801,
    "head_bbox": {
        "x0": 1023,
        "y0": 120,
        "x1": 1061,
        "y1": 167,
        "w": 38,
        "h": 47
    },
    "frame_size": {
        "h": 1080,
        "w": 1920
    },
    "head_pose_angle_6drepnet360": {
        "yaw": -18.665159225463867,
        "pitch": 154.99110412597656,
        "roll": 177.79757690429688
    }
}