{
    "video_name": "wt2023101102",
    "frame_id": 79901,
    "head_bbox": {
        "x0": 877,
        "y0": 119,
        "x1": 920,
        "y1": 165,
        "w": 43,
        "h": 46
    },
    "frame_size": {
        "h": 1080,
        "w": 1920
    },
    "head_pose_angle_6drepnet360": {
        "yaw": 63.52373504638672,
        "pitch": 156.26571655273438,
        "roll": 163.31204223632812
    }
}