{
    "video_name": "wt2023101102",
    "frame_id": 80001,
    "head_bbox": {
        "x0": 690,
        "y0": 116,
        "x1": 735,
        "y1": 165,
        "w": 45,
        "h": 49
    },
    "frame_size": {
        "h": 1080,
        "w": 1920
    },
    "head_pose_angle_6drepnet360": {
        "yaw": -59.61601257324219,
        "pitch": 137.85665893554688,
        "roll": -151.2811279296875
    }
}