{
    "video_name": "wt2023101102",
    "frame_id": 8001,
    "head_bbox": {
        "x0": 619,
        "y0": 116,
        "x1": 667,
        "y1": 165,
        "w": 48,
        "h": 49
    },
    "frame_size": {
        "h": 1080,
        "w": 1920
    },
    "head_pose_angle_6drepnet360": {
        "yaw": -65.3519058227539,
        "pitch": 7.39801549911499,
        "roll": -23.593738555908203
    }
}