{
    "video_name": "wt2023101102",
    "frame_id": 801,
    "head_bbox": {
        "x0": 485,
        "y0": 120,
        "x1": 529,
        "y1": 181,
        "w": 44,
        "h": 61
    },
    "frame_size": {
        "h": 1080,
        "w": 1920
    },
    "head_pose_angle_6drepnet360": {
        "yaw": -10.959915161132812,
        "pitch": -19.45723533630371,
        "roll": -1.5105210542678833
    }
}