{
    "video_name": "wt2023101102",
    "frame_id": 80101,
    "head_bbox": {
        "x0": 773,
        "y0": 120,
        "x1": 815,
        "y1": 172,
        "w": 42,
        "h": 52
    },
    "frame_size": {
        "h": 1080,
        "w": 1920
    },
    "head_pose_angle_6drepnet360": {
        "yaw": -65.07099151611328,
        "pitch": 170.7765350341797,
        "roll": 179.07473754882812
    }
}