{
    "video_name": "wt2023101102",
    "frame_id": 80201,
    "head_bbox": {
        "x0": 752,
        "y0": 114,
        "x1": 792,
        "y1": 168,
        "w": 40,
        "h": 54
    },
    "frame_size": {
        "h": 1080,
        "w": 1920
    },
    "head_pose_angle_6drepnet360": {
        "yaw": -42.34530258178711,
        "pitch": -1.801120638847351,
        "roll": -5.80656099319458
    }
}