{
    "video_name": "wt2023101102",
    "frame_id": 80301,
    "head_bbox": {
        "x0": 667,
        "y0": 116,
        "x1": 708,
        "y1": 168,
        "w": 41,
        "h": 52
    },
    "frame_size": {
        "h": 1080,
        "w": 1920
    },
    "head_pose_angle_6drepnet360": {
        "yaw": -5.998556137084961,
        "pitch": -4.624468803405762,
        "roll": -4.886977195739746
    }
}