{
    "video_name": "wt2023101102",
    "frame_id": 80401,
    "head_bbox": {
        "x0": 681,
        "y0": 117,
        "x1": 720,
        "y1": 171,
        "w": 39,
        "h": 54
    },
    "frame_size": {
        "h": 1080,
        "w": 1920
    },
    "head_pose_angle_6drepnet360": {
        "yaw": -26.794132232666016,
        "pitch": -1.7486622333526611,
        "roll": -3.241400957107544
    }
}