{
    "video_name": "wt2023101102",
    "frame_id": 80501,
    "head_bbox": {
        "x0": 675,
        "y0": 116,
        "x1": 714,
        "y1": 168,
        "w": 39,
        "h": 52
    },
    "frame_size": {
        "h": 1080,
        "w": 1920
    },
    "head_pose_angle_6drepnet360": {
        "yaw": -10.1489896774292,
        "pitch": -1.7912317514419556,
        "roll": -2.1027023792266846
    }
}