{
    "video_name": "wt2023101102",
    "frame_id": 80601,
    "head_bbox": {
        "x0": 678,
        "y0": 115,
        "x1": 718,
        "y1": 168,
        "w": 40,
        "h": 53
    },
    "frame_size": {
        "h": 1080,
        "w": 1920
    },
    "head_pose_angle_6drepnet360": {
        "yaw": -21.05946159362793,
        "pitch": 1.8745969533920288,
        "roll": -3.6415789127349854
    }
}