{
    "video_name": "wt2023101102",
    "frame_id": 80701,
    "head_bbox": {
        "x0": 700,
        "y0": 121,
        "x1": 745,
        "y1": 172,
        "w": 45,
        "h": 51
    },
    "frame_size": {
        "h": 1080,
        "w": 1920
    },
    "head_pose_angle_6drepnet360": {
        "yaw": -83.48165893554688,
        "pitch": 108.39425659179688,
        "roll": -117.79788970947266
    }
}