{
    "video_name": "wt2023101102",
    "frame_id": 80801,
    "head_bbox": {
        "x0": 682,
        "y0": 118,
        "x1": 722,
        "y1": 172,
        "w": 40,
        "h": 54
    },
    "frame_size": {
        "h": 1080,
        "w": 1920
    },
    "head_pose_angle_6drepnet360": {
        "yaw": -3.9022679328918457,
        "pitch": -5.738202095031738,
        "roll": 0.7471374869346619
    }
}