{
    "video_name": "wt2023101102",
    "frame_id": 80901,
    "head_bbox": {
        "x0": 731,
        "y0": 120,
        "x1": 770,
        "y1": 169,
        "w": 39,
        "h": 49
    },
    "frame_size": {
        "h": 1080,
        "w": 1920
    },
    "head_pose_angle_6drepnet360": {
        "yaw": -36.34453201293945,
        "pitch": 159.2547149658203,
        "roll": -175.84359741210938
    }
}