{
    "video_name": "wt2023101102",
    "frame_id": 81001,
    "head_bbox": {
        "x0": 651,
        "y0": 113,
        "x1": 692,
        "y1": 160,
        "w": 41,
        "h": 47
    },
    "frame_size": {
        "h": 1080,
        "w": 1920
    },
    "head_pose_angle_6drepnet360": {
        "yaw": -38.19182586669922,
        "pitch": 166.22210693359375,
        "roll": 179.5807342529297
    }
}