{
    "video_name": "wt2023101102",
    "frame_id": 8101,
    "head_bbox": {
        "x0": 821,
        "y0": 114,
        "x1": 860,
        "y1": 162,
        "w": 39,
        "h": 48
    },
    "frame_size": {
        "h": 1080,
        "w": 1920
    },
    "head_pose_angle_6drepnet360": {
        "yaw": -47.15322494506836,
        "pitch": 167.6512451171875,
        "roll": 169.41061401367188
    }
}