{
    "video_name": "wt2023101102",
    "frame_id": 81101,
    "head_bbox": {
        "x0": 644,
        "y0": 113,
        "x1": 691,
        "y1": 163,
        "w": 47,
        "h": 50
    },
    "frame_size": {
        "h": 1080,
        "w": 1920
    },
    "head_pose_angle_6drepnet360": {
        "yaw": -68.91071319580078,
        "pitch": 129.79302978515625,
        "roll": -144.643310546875
    }
}