{
    "video_name": "wt2023101102",
    "frame_id": 81201,
    "head_bbox": {
        "x0": 626,
        "y0": 113,
        "x1": 667,
        "y1": 160,
        "w": 41,
        "h": 47
    },
    "frame_size": {
        "h": 1080,
        "w": 1920
    },
    "head_pose_angle_6drepnet360": {
        "yaw": -41.325599670410156,
        "pitch": 159.90748596191406,
        "roll": -177.36451721191406
    }
}