{
    "video_name": "wt2023101102",
    "frame_id": 81301,
    "head_bbox": {
        "x0": 634,
        "y0": 111,
        "x1": 675,
        "y1": 160,
        "w": 41,
        "h": 49
    },
    "frame_size": {
        "h": 1080,
        "w": 1920
    },
    "head_pose_angle_6drepnet360": {
        "yaw": -50.95281982421875,
        "pitch": 165.0658416748047,
        "roll": 179.08584594726562
    }
}