{
    "video_name": "wt2023101102",
    "frame_id": 81401,
    "head_bbox": {
        "x0": 612,
        "y0": 114,
        "x1": 653,
        "y1": 165,
        "w": 41,
        "h": 51
    },
    "frame_size": {
        "h": 1080,
        "w": 1920
    },
    "head_pose_angle_6drepnet360": {
        "yaw": -61.93778610229492,
        "pitch": -2.4101104736328125,
        "roll": -9.555486679077148
    }
}