{
    "video_name": "wt2023101102",
    "frame_id": 81501,
    "head_bbox": {
        "x0": 655,
        "y0": 116,
        "x1": 699,
        "y1": 167,
        "w": 44,
        "h": 51
    },
    "frame_size": {
        "h": 1080,
        "w": 1920
    },
    "head_pose_angle_6drepnet360": {
        "yaw": -69.34012603759766,
        "pitch": 150.4242401123047,
        "roll": -162.36602783203125
    }
}