{
    "video_name": "wt2023101102",
    "frame_id": 81601,
    "head_bbox": {
        "x0": 586,
        "y0": 113,
        "x1": 627,
        "y1": 167,
        "w": 41,
        "h": 54
    },
    "frame_size": {
        "h": 1080,
        "w": 1920
    },
    "head_pose_angle_6drepnet360": {
        "yaw": -28.273130416870117,
        "pitch": 2.324827194213867,
        "roll": -0.5920290946960449
    }
}