{
    "video_name": "wt2023101102",
    "frame_id": 81701,
    "head_bbox": {
        "x0": 585,
        "y0": 114,
        "x1": 626,
        "y1": 165,
        "w": 41,
        "h": 51
    },
    "frame_size": {
        "h": 1080,
        "w": 1920
    },
    "head_pose_angle_6drepnet360": {
        "yaw": -21.36669158935547,
        "pitch": 4.955204010009766,
        "roll": -0.7540473937988281
    }
}