{
    "video_name": "wt2023101102",
    "frame_id": 81801,
    "head_bbox": {
        "x0": 585,
        "y0": 114,
        "x1": 625,
        "y1": 166,
        "w": 40,
        "h": 52
    },
    "frame_size": {
        "h": 1080,
        "w": 1920
    },
    "head_pose_angle_6drepnet360": {
        "yaw": -11.607089042663574,
        "pitch": -2.0546061992645264,
        "roll": 3.2224044799804688
    }
}