{
    "video_name": "wt2023101102",
    "frame_id": 8201,
    "head_bbox": {
        "x0": 879,
        "y0": 118,
        "x1": 920,
        "y1": 165,
        "w": 41,
        "h": 47
    },
    "frame_size": {
        "h": 1080,
        "w": 1920
    },
    "head_pose_angle_6drepnet360": {
        "yaw": -50.75825500488281,
        "pitch": 160.4647674560547,
        "roll": 171.58262634277344
    }
}