{
    "video_name": "wt2023101102",
    "frame_id": 82101,
    "head_bbox": {
        "x0": 480,
        "y0": 158,
        "x1": 523,
        "y1": 208,
        "w": 43,
        "h": 50
    },
    "frame_size": {
        "h": 1080,
        "w": 1920
    },
    "head_pose_angle_6drepnet360": {
        "yaw": 13.30763053894043,
        "pitch": -45.06193923950195,
        "roll": -14.620681762695312
    }
}