{
    "video_name": "wt2023101102",
    "frame_id": 82201,
    "head_bbox": {
        "x0": 491,
        "y0": 155,
        "x1": 534,
        "y1": 206,
        "w": 43,
        "h": 51
    },
    "frame_size": {
        "h": 1080,
        "w": 1920
    },
    "head_pose_angle_6drepnet360": {
        "yaw": 0.1942526251077652,
        "pitch": -45.96211242675781,
        "roll": -11.692988395690918
    }
}