{
    "video_name": "wt2023101102",
    "frame_id": 82401,
    "head_bbox": {
        "x0": 536,
        "y0": 145,
        "x1": 575,
        "y1": 196,
        "w": 39,
        "h": 51
    },
    "frame_size": {
        "h": 1080,
        "w": 1920
    },
    "head_pose_angle_6drepnet360": {
        "yaw": 10.204965591430664,
        "pitch": -45.60871124267578,
        "roll": -2.448922634124756
    }
}