{
    "video_name": "wt2023101102",
    "frame_id": 82501,
    "head_bbox": {
        "x0": 488,
        "y0": 149,
        "x1": 531,
        "y1": 206,
        "w": 43,
        "h": 57
    },
    "frame_size": {
        "h": 1080,
        "w": 1920
    },
    "head_pose_angle_6drepnet360": {
        "yaw": -9.00238037109375,
        "pitch": -39.3358154296875,
        "roll": -15.715381622314453
    }
}