{
    "video_name": "wt2023101102",
    "frame_id": 82601,
    "head_bbox": {
        "x0": 493,
        "y0": 159,
        "x1": 537,
        "y1": 213,
        "w": 44,
        "h": 54
    },
    "frame_size": {
        "h": 1080,
        "w": 1920
    },
    "head_pose_angle_6drepnet360": {
        "yaw": 11.161117553710938,
        "pitch": -47.473514556884766,
        "roll": -15.415513038635254
    }
}