{
    "video_name": "wt2023101102",
    "frame_id": 82701,
    "head_bbox": {
        "x0": 492,
        "y0": 160,
        "x1": 535,
        "y1": 212,
        "w": 43,
        "h": 52
    },
    "frame_size": {
        "h": 1080,
        "w": 1920
    },
    "head_pose_angle_6drepnet360": {
        "yaw": 10.054405212402344,
        "pitch": -45.78083801269531,
        "roll": -15.253425598144531
    }
}