{
    "video_name": "wt2023101102",
    "frame_id": 82801,
    "head_bbox": {
        "x0": 492,
        "y0": 159,
        "x1": 534,
        "y1": 208,
        "w": 42,
        "h": 49
    },
    "frame_size": {
        "h": 1080,
        "w": 1920
    },
    "head_pose_angle_6drepnet360": {
        "yaw": -1.7429274320602417,
        "pitch": -41.402950286865234,
        "roll": -10.080544471740723
    }
}