{
    "video_name": "wt2023101102",
    "frame_id": 82901,
    "head_bbox": {
        "x0": 489,
        "y0": 159,
        "x1": 532,
        "y1": 211,
        "w": 43,
        "h": 52
    },
    "frame_size": {
        "h": 1080,
        "w": 1920
    },
    "head_pose_angle_6drepnet360": {
        "yaw": 26.180776596069336,
        "pitch": -50.68918228149414,
        "roll": -22.872268676757812
    }
}