{
    "video_name": "wt2023101102",
    "frame_id": 83001,
    "head_bbox": {
        "x0": 492,
        "y0": 158,
        "x1": 535,
        "y1": 213,
        "w": 43,
        "h": 55
    },
    "frame_size": {
        "h": 1080,
        "w": 1920
    },
    "head_pose_angle_6drepnet360": {
        "yaw": 2.884430170059204,
        "pitch": -46.47441864013672,
        "roll": -10.022643089294434
    }
}