{
    "video_name": "wt2023101102",
    "frame_id": 8301,
    "head_bbox": {
        "x0": 788,
        "y0": 117,
        "x1": 833,
        "y1": 165,
        "w": 45,
        "h": 48
    },
    "frame_size": {
        "h": 1080,
        "w": 1920
    },
    "head_pose_angle_6drepnet360": {
        "yaw": -70.50196838378906,
        "pitch": 115.50846099853516,
        "roll": -131.3316650390625
    }
}