{
    "video_name": "wt2023101102",
    "frame_id": 83101,
    "head_bbox": {
        "x0": 491,
        "y0": 158,
        "x1": 531,
        "y1": 206,
        "w": 40,
        "h": 48
    },
    "frame_size": {
        "h": 1080,
        "w": 1920
    },
    "head_pose_angle_6drepnet360": {
        "yaw": 16.0771541595459,
        "pitch": -45.21578598022461,
        "roll": -19.165132522583008
    }
}