{
    "video_name": "wt2023101102",
    "frame_id": 83201,
    "head_bbox": {
        "x0": 493,
        "y0": 157,
        "x1": 535,
        "y1": 208,
        "w": 42,
        "h": 51
    },
    "frame_size": {
        "h": 1080,
        "w": 1920
    },
    "head_pose_angle_6drepnet360": {
        "yaw": 2.16597056388855,
        "pitch": -47.08152389526367,
        "roll": -10.733983993530273
    }
}