{
    "video_name": "wt2023101102",
    "frame_id": 83301,
    "head_bbox": {
        "x0": 493,
        "y0": 157,
        "x1": 538,
        "y1": 213,
        "w": 45,
        "h": 56
    },
    "frame_size": {
        "h": 1080,
        "w": 1920
    },
    "head_pose_angle_6drepnet360": {
        "yaw": -2.3118698596954346,
        "pitch": -44.19689178466797,
        "roll": -5.503870010375977
    }
}