{
    "video_name": "wt2023101102",
    "frame_id": 83401,
    "head_bbox": {
        "x0": 490,
        "y0": 158,
        "x1": 532,
        "y1": 210,
        "w": 42,
        "h": 52
    },
    "frame_size": {
        "h": 1080,
        "w": 1920
    },
    "head_pose_angle_6drepnet360": {
        "yaw": 19.55568504333496,
        "pitch": -38.83750534057617,
        "roll": -13.567325592041016
    }
}