{
    "video_name": "wt2023101102",
    "frame_id": 83501,
    "head_bbox": {
        "x0": 490,
        "y0": 156,
        "x1": 532,
        "y1": 204,
        "w": 42,
        "h": 48
    },
    "frame_size": {
        "h": 1080,
        "w": 1920
    },
    "head_pose_angle_6drepnet360": {
        "yaw": -7.55949592590332,
        "pitch": -32.60404586791992,
        "roll": -1.250576376914978
    }
}