{
    "video_name": "wt2023101102",
    "frame_id": 83601,
    "head_bbox": {
        "x0": 495,
        "y0": 160,
        "x1": 539,
        "y1": 208,
        "w": 44,
        "h": 48
    },
    "frame_size": {
        "h": 1080,
        "w": 1920
    },
    "head_pose_angle_6drepnet360": {
        "yaw": 0.9319212436676025,
        "pitch": -36.03617477416992,
        "roll": -19.252836227416992
    }
}