{
    "video_name": "wt2023101102",
    "frame_id": 83701,
    "head_bbox": {
        "x0": 494,
        "y0": 156,
        "x1": 539,
        "y1": 211,
        "w": 45,
        "h": 55
    },
    "frame_size": {
        "h": 1080,
        "w": 1920
    },
    "head_pose_angle_6drepnet360": {
        "yaw": -7.254343509674072,
        "pitch": -41.380550384521484,
        "roll": -7.486082077026367
    }
}