{
    "video_name": "wt2023101102",
    "frame_id": 83801,
    "head_bbox": {
        "x0": 514,
        "y0": 139,
        "x1": 553,
        "y1": 193,
        "w": 39,
        "h": 54
    },
    "frame_size": {
        "h": 1080,
        "w": 1920
    },
    "head_pose_angle_6drepnet360": {
        "yaw": -12.728206634521484,
        "pitch": -20.653451919555664,
        "roll": 12.042357444763184
    }
}