{
    "video_name": "wt2023101102",
    "frame_id": 83901,
    "head_bbox": {
        "x0": 509,
        "y0": 143,
        "x1": 551,
        "y1": 194,
        "w": 42,
        "h": 51
    },
    "frame_size": {
        "h": 1080,
        "w": 1920
    },
    "head_pose_angle_6drepnet360": {
        "yaw": 6.988181114196777,
        "pitch": -30.994876861572266,
        "roll": -13.290159225463867
    }
}