{
    "video_name": "wt2023101102",
    "frame_id": 84001,
    "head_bbox": {
        "x0": 509,
        "y0": 140,
        "x1": 551,
        "y1": 190,
        "w": 42,
        "h": 50
    },
    "frame_size": {
        "h": 1080,
        "w": 1920
    },
    "head_pose_angle_6drepnet360": {
        "yaw": 14.027669906616211,
        "pitch": -42.46094512939453,
        "roll": -13.781073570251465
    }
}