{
    "video_name": "wt2023101102",
    "frame_id": 8401,
    "head_bbox": {
        "x0": 899,
        "y0": 114,
        "x1": 939,
        "y1": 164,
        "w": 40,
        "h": 50
    },
    "frame_size": {
        "h": 1080,
        "w": 1920
    },
    "head_pose_angle_6drepnet360": {
        "yaw": -46.41164779663086,
        "pitch": 167.5300750732422,
        "roll": 165.9779052734375
    }
}