{
    "video_name": "wt2023101102",
    "frame_id": 84201,
    "head_bbox": {
        "x0": 661,
        "y0": 166,
        "x1": 712,
        "y1": 229,
        "w": 51,
        "h": 63
    },
    "frame_size": {
        "h": 1080,
        "w": 1920
    },
    "head_pose_angle_6drepnet360": {
        "yaw": -62.84613037109375,
        "pitch": -82.97630310058594,
        "roll": 88.62301635742188
    }
}