{
    "video_name": "wt2023101102",
    "frame_id": 84601,
    "head_bbox": {
        "x0": 665,
        "y0": 181,
        "x1": 692,
        "y1": 211,
        "w": 27,
        "h": 30
    },
    "frame_size": {
        "h": 1080,
        "w": 1920
    },
    "head_pose_angle_6drepnet360": {
        "yaw": -12.548049926757812,
        "pitch": 157.04299926757812,
        "roll": 171.69961547851562
    }
}