{
    "video_name": "wt2023101102",
    "frame_id": 84701,
    "head_bbox": {
        "x0": 649,
        "y0": 180,
        "x1": 677,
        "y1": 213,
        "w": 28,
        "h": 33
    },
    "frame_size": {
        "h": 1080,
        "w": 1920
    },
    "head_pose_angle_6drepnet360": {
        "yaw": 5.181492328643799,
        "pitch": 161.16986083984375,
        "roll": 179.8321533203125
    }
}