{
    "video_name": "wt2023101102",
    "frame_id": 84801,
    "head_bbox": {
        "x0": 632,
        "y0": 177,
        "x1": 661,
        "y1": 213,
        "w": 29,
        "h": 36
    },
    "frame_size": {
        "h": 1080,
        "w": 1920
    },
    "head_pose_angle_6drepnet360": {
        "yaw": 19.248666763305664,
        "pitch": 174.90292358398438,
        "roll": -174.64634704589844
    }
}