{
    "video_name": "wt2023101102",
    "frame_id": 84901,
    "head_bbox": {
        "x0": 587,
        "y0": 179,
        "x1": 618,
        "y1": 214,
        "w": 31,
        "h": 35
    },
    "frame_size": {
        "h": 1080,
        "w": 1920
    },
    "head_pose_angle_6drepnet360": {
        "yaw": -17.867477416992188,
        "pitch": 136.6636962890625,
        "roll": -156.19192504882812
    }
}