{
    "video_name": "wt2023101102",
    "frame_id": 8501,
    "head_bbox": {
        "x0": 911,
        "y0": 113,
        "x1": 952,
        "y1": 161,
        "w": 41,
        "h": 48
    },
    "frame_size": {
        "h": 1080,
        "w": 1920
    },
    "head_pose_angle_6drepnet360": {
        "yaw": -41.06071090698242,
        "pitch": 159.6489715576172,
        "roll": 172.76939392089844
    }
}