{
    "video_name": "wt2023101102",
    "frame_id": 8601,
    "head_bbox": {
        "x0": 758,
        "y0": 115,
        "x1": 797,
        "y1": 170,
        "w": 39,
        "h": 55
    },
    "frame_size": {
        "h": 1080,
        "w": 1920
    },
    "head_pose_angle_6drepnet360": {
        "yaw": -21.068370819091797,
        "pitch": -2.9103846549987793,
        "roll": -8.835477828979492
    }
}