{
    "video_name": "wt2023101102",
    "frame_id": 8701,
    "head_bbox": {
        "x0": 880,
        "y0": 113,
        "x1": 920,
        "y1": 161,
        "w": 40,
        "h": 48
    },
    "frame_size": {
        "h": 1080,
        "w": 1920
    },
    "head_pose_angle_6drepnet360": {
        "yaw": -53.85588455200195,
        "pitch": 165.7771759033203,
        "roll": 169.25474548339844
    }
}