{
    "video_name": "wt2023101102",
    "frame_id": 8801,
    "head_bbox": {
        "x0": 904,
        "y0": 114,
        "x1": 943,
        "y1": 161,
        "w": 39,
        "h": 47
    },
    "frame_size": {
        "h": 1080,
        "w": 1920
    },
    "head_pose_angle_6drepnet360": {
        "yaw": -45.70810317993164,
        "pitch": 169.3300323486328,
        "roll": 164.706787109375
    }
}