{
    "video_name": "wt2023101102",
    "frame_id": 8901,
    "head_bbox": {
        "x0": 660,
        "y0": 111,
        "x1": 699,
        "y1": 161,
        "w": 39,
        "h": 50
    },
    "frame_size": {
        "h": 1080,
        "w": 1920
    },
    "head_pose_angle_6drepnet360": {
        "yaw": -8.615555763244629,
        "pitch": -2.3162221908569336,
        "roll": -2.450209856033325
    }
}