{
    "video_name": "wt2023101102",
    "frame_id": 9001,
    "head_bbox": {
        "x0": 494,
        "y0": 138,
        "x1": 538,
        "y1": 195,
        "w": 44,
        "h": 57
    },
    "frame_size": {
        "h": 1080,
        "w": 1920
    },
    "head_pose_angle_6drepnet360": {
        "yaw": 15.370758056640625,
        "pitch": -36.841609954833984,
        "roll": -13.63193130493164
    }
}