{
    "video_name": "wt2023101102",
    "frame_id": 901,
    "head_bbox": {
        "x0": 454,
        "y0": 109,
        "x1": 496,
        "y1": 157,
        "w": 42,
        "h": 48
    },
    "frame_size": {
        "h": 1080,
        "w": 1920
    },
    "head_pose_angle_6drepnet360": {
        "yaw": -29.579818725585938,
        "pitch": 165.9246368408203,
        "roll": -176.52511596679688
    }
}