{
    "video_name": "wt2023101102",
    "frame_id": 9101,
    "head_bbox": {
        "x0": 497,
        "y0": 136,
        "x1": 540,
        "y1": 193,
        "w": 43,
        "h": 57
    },
    "frame_size": {
        "h": 1080,
        "w": 1920
    },
    "head_pose_angle_6drepnet360": {
        "yaw": 1.89230215549469,
        "pitch": -42.14249038696289,
        "roll": -8.64430046081543
    }
}