{
    "video_name": "wt2023101102",
    "frame_id": 9201,
    "head_bbox": {
        "x0": 508,
        "y0": 139,
        "x1": 550,
        "y1": 196,
        "w": 42,
        "h": 57
    },
    "frame_size": {
        "h": 1080,
        "w": 1920
    },
    "head_pose_angle_6drepnet360": {
        "yaw": -6.696745872497559,
        "pitch": -37.09939193725586,
        "roll": -11.411897659301758
    }
}