{
    "video_name": "wt2023101102",
    "frame_id": 9301,
    "head_bbox": {
        "x0": 485,
        "y0": 122,
        "x1": 530,
        "y1": 182,
        "w": 45,
        "h": 60
    },
    "frame_size": {
        "h": 1080,
        "w": 1920
    },
    "head_pose_angle_6drepnet360": {
        "yaw": -3.9174535274505615,
        "pitch": -7.012948513031006,
        "roll": -6.645043849945068
    }
}