{
    "video_name": "wt2023101102",
    "frame_id": 9401,
    "head_bbox": {
        "x0": 520,
        "y0": 121,
        "x1": 562,
        "y1": 179,
        "w": 42,
        "h": 58
    },
    "frame_size": {
        "h": 1080,
        "w": 1920
    },
    "head_pose_angle_6drepnet360": {
        "yaw": -5.9406256675720215,
        "pitch": -8.356351852416992,
        "roll": 6.946108341217041
    }
}