{
    "video_name": "wt2023101102",
    "frame_id": 9501,
    "head_bbox": {
        "x0": 578,
        "y0": 119,
        "x1": 626,
        "y1": 168,
        "w": 48,
        "h": 49
    },
    "frame_size": {
        "h": 1080,
        "w": 1920
    },
    "head_pose_angle_6drepnet360": {
        "yaw": -61.76222610473633,
        "pitch": 141.7595977783203,
        "roll": -151.56832885742188
    }
}