{
    "video_name": "wt2023101102",
    "frame_id": 9601,
    "head_bbox": {
        "x0": 520,
        "y0": 120,
        "x1": 563,
        "y1": 181,
        "w": 43,
        "h": 61
    },
    "frame_size": {
        "h": 1080,
        "w": 1920
    },
    "head_pose_angle_6drepnet360": {
        "yaw": 7.03839635848999,
        "pitch": -20.565353393554688,
        "roll": -8.35698127746582
    }
}