{
    "video_name": "wt2023101102",
    "frame_id": 9701,
    "head_bbox": {
        "x0": 537,
        "y0": 126,
        "x1": 579,
        "y1": 187,
        "w": 42,
        "h": 61
    },
    "frame_size": {
        "h": 1080,
        "w": 1920
    },
    "head_pose_angle_6drepnet360": {
        "yaw": -3.9957993030548096,
        "pitch": -30.818706512451172,
        "roll": 2.4850051403045654
    }
}