{
    "video_name": "wt2023101102",
    "frame_id": 9801,
    "head_bbox": {
        "x0": 575,
        "y0": 121,
        "x1": 625,
        "y1": 174,
        "w": 50,
        "h": 53
    },
    "frame_size": {
        "h": 1080,
        "w": 1920
    },
    "head_pose_angle_6drepnet360": {
        "yaw": -76.60711669921875,
        "pitch": 59.769100189208984,
        "roll": -81.27896881103516
    }
}