{
    "video_name": "wt2023101102",
    "frame_id": 9901,
    "head_bbox": {
        "x0": 608,
        "y0": 120,
        "x1": 660,
        "y1": 172,
        "w": 52,
        "h": 52
    },
    "frame_size": {
        "h": 1080,
        "w": 1920
    },
    "head_pose_angle_6drepnet360": {
        "yaw": -65.84027862548828,
        "pitch": 75.51407623291016,
        "roll": -90.29785919189453
    }
}