{
    "video_name": "cm2023051608",
    "frame_id": 1,
    "head_bbox": {
        "x0": 580,
        "y0": 347,
        "x1": 627,
        "y1": 389,
        "w": 47,
        "h": 42
    },
    "frame_size": {
        "h": 1080,
        "w": 1920
    },
    "head_pose_angle_6drepnet360": {
        "yaw": -72.83712768554688,
        "pitch": 89.51643371582031,
        "roll": -101.43608093261719
    }
}