{
    "video_name": "cm2023051608",
    "frame_id": 10001,
    "head_bbox": {
        "x0": 578,
        "y0": 347,
        "x1": 620,
        "y1": 397,
        "w": 42,
        "h": 50
    },
    "frame_size": {
        "h": 1080,
        "w": 1920
    },
    "head_pose_angle_6drepnet360": {
        "yaw": -39.78373718261719,
        "pitch": -13.6852388381958,
        "roll": -1.811889410018921
    }
}