{
    "video_name": "cm2023051608",
    "frame_id": 1001,
    "head_bbox": {
        "x0": 767,
        "y0": 339,
        "x1": 808,
        "y1": 388,
        "w": 41,
        "h": 49
    },
    "frame_size": {
        "h": 1080,
        "w": 1920
    },
    "head_pose_angle_6drepnet360": {
        "yaw": -86.40443420410156,
        "pitch": -138.75706481933594,
        "roll": 126.70272827148438
    }
}