{
    "video_name": "cm2023051608",
    "frame_id": 101,
    "head_bbox": {
        "x0": 614,
        "y0": 346,
        "x1": 659,
        "y1": 390,
        "w": 45,
        "h": 44
    },
    "frame_size": {
        "h": 1080,
        "w": 1920
    },
    "head_pose_angle_6drepnet360": {
        "yaw": -79.12316131591797,
        "pitch": 45.45474624633789,
        "roll": -51.281883239746094
    }
}