{
    "video_name": "cm2023051608",
    "frame_id": 10101,
    "head_bbox": {
        "x0": 641,
        "y0": 346,
        "x1": 681,
        "y1": 397,
        "w": 40,
        "h": 51
    },
    "frame_size": {
        "h": 1080,
        "w": 1920
    },
    "head_pose_angle_6drepnet360": {
        "yaw": 6.627052307128906,
        "pitch": -16.146373748779297,
        "roll": -0.9044992923736572
    }
}