{
    "video_name": "cm2023051608",
    "frame_id": 10201,
    "head_bbox": {
        "x0": 643,
        "y0": 347,
        "x1": 682,
        "y1": 397,
        "w": 39,
        "h": 50
    },
    "frame_size": {
        "h": 1080,
        "w": 1920
    },
    "head_pose_angle_6drepnet360": {
        "yaw": 13.427596092224121,
        "pitch": -17.04541015625,
        "roll": -3.305819034576416
    }
}