{
    "video_name": "cm2023051608",
    "frame_id": 10401,
    "head_bbox": {
        "x0": 575,
        "y0": 330,
        "x1": 613,
        "y1": 367,
        "w": 38,
        "h": 37
    },
    "frame_size": {
        "h": 1080,
        "w": 1920
    },
    "head_pose_angle_6drepnet360": {
        "yaw": -22.743915557861328,
        "pitch": 164.89186096191406,
        "roll": 168.4402313232422
    }
}