{
    "video_name": "cm2023051608",
    "frame_id": 10501,
    "head_bbox": {
        "x0": 576,
        "y0": 335,
        "x1": 613,
        "y1": 373,
        "w": 37,
        "h": 38
    },
    "frame_size": {
        "h": 1080,
        "w": 1920
    },
    "head_pose_angle_6drepnet360": {
        "yaw": -12.58867359161377,
        "pitch": 165.9665985107422,
        "roll": -176.7040252685547
    }
}