{
    "video_name": "cm2023051608",
    "frame_id": 10601,
    "head_bbox": {
        "x0": 586,
        "y0": 335,
        "x1": 623,
        "y1": 374,
        "w": 37,
        "h": 39
    },
    "frame_size": {
        "h": 1080,
        "w": 1920
    },
    "head_pose_angle_6drepnet360": {
        "yaw": -18.534456253051758,
        "pitch": 163.492431640625,
        "roll": -176.61624145507812
    }
}