{
    "video_name": "cm2023051608",
    "frame_id": 10701,
    "head_bbox": {
        "x0": 611,
        "y0": 333,
        "x1": 650,
        "y1": 372,
        "w": 39,
        "h": 39
    },
    "frame_size": {
        "h": 1080,
        "w": 1920
    },
    "head_pose_angle_6drepnet360": {
        "yaw": -26.935420989990234,
        "pitch": 162.6429443359375,
        "roll": 174.9871826171875
    }
}