{
    "video_name": "cm2023051608",
    "frame_id": 10801,
    "head_bbox": {
        "x0": 560,
        "y0": 335,
        "x1": 599,
        "y1": 376,
        "w": 39,
        "h": 41
    },
    "frame_size": {
        "h": 1080,
        "w": 1920
    },
    "head_pose_angle_6drepnet360": {
        "yaw": -16.745798110961914,
        "pitch": 171.4664764404297,
        "roll": -178.47677612304688
    }
}