{
    "video_name": "cm2023051608",
    "frame_id": 1101,
    "head_bbox": {
        "x0": 774,
        "y0": 342,
        "x1": 815,
        "y1": 391,
        "w": 41,
        "h": 49
    },
    "frame_size": {
        "h": 1080,
        "w": 1920
    },
    "head_pose_angle_6drepnet360": {
        "yaw": -84.26537322998047,
        "pitch": -151.2013397216797,
        "roll": 140.71778869628906
    }
}