{
    "video_name": "cm2023051608",
    "frame_id": 11101,
    "head_bbox": {
        "x0": 545,
        "y0": 342,
        "x1": 587,
        "y1": 388,
        "w": 42,
        "h": 46
    },
    "frame_size": {
        "h": 1080,
        "w": 1920
    },
    "head_pose_angle_6drepnet360": {
        "yaw": -11.950540542602539,
        "pitch": -0.6705291271209717,
        "roll": -6.4278998374938965
    }
}