{
    "video_name": "cm2023051608",
    "frame_id": 11401,
    "head_bbox": {
        "x0": 1013,
        "y0": 372,
        "x1": 1056,
        "y1": 430,
        "w": 43,
        "h": 58
    },
    "frame_size": {
        "h": 1080,
        "w": 1920
    },
    "head_pose_angle_6drepnet360": {
        "yaw": 57.670291900634766,
        "pitch": -7.1159772872924805,
        "roll": 2.5771801471710205
    }
}