{
    "video_name": "cm2023051608",
    "frame_id": 11501,
    "head_bbox": {
        "x0": 968,
        "y0": 423,
        "x1": 1017,
        "y1": 491,
        "w": 49,
        "h": 68
    },
    "frame_size": {
        "h": 1080,
        "w": 1920
    },
    "head_pose_angle_6drepnet360": {
        "yaw": 4.978003025054932,
        "pitch": -14.847601890563965,
        "roll": -0.7671998143196106
    }
}