{
    "video_name": "cm2023051608",
    "frame_id": 11601,
    "head_bbox": {
        "x0": 1039,
        "y0": 478,
        "x1": 1106,
        "y1": 561,
        "w": 67,
        "h": 83
    },
    "frame_size": {
        "h": 1080,
        "w": 1920
    },
    "head_pose_angle_6drepnet360": {
        "yaw": -63.92410659790039,
        "pitch": -37.34309005737305,
        "roll": 24.125383377075195
    }
}