{
    "video_name": "cm2023051608",
    "frame_id": 1201,
    "head_bbox": {
        "x0": 728,
        "y0": 337,
        "x1": 772,
        "y1": 383,
        "w": 44,
        "h": 46
    },
    "frame_size": {
        "h": 1080,
        "w": 1920
    },
    "head_pose_angle_6drepnet360": {
        "yaw": -60.49761962890625,
        "pitch": 175.1033935546875,
        "roll": 176.8643035888672
    }
}