{
    "video_name": "cm2023051608",
    "frame_id": 12101,
    "head_bbox": {
        "x0": 1002,
        "y0": 520,
        "x1": 1074,
        "y1": 599,
        "w": 72,
        "h": 79
    },
    "frame_size": {
        "h": 1080,
        "w": 1920
    },
    "head_pose_angle_6drepnet360": {
        "yaw": -34.47608184814453,
        "pitch": -169.31597900390625,
        "roll": 175.66287231445312
    }
}