{
    "video_name": "cm2023051608",
    "frame_id": 12401,
    "head_bbox": {
        "x0": 614,
        "y0": 362,
        "x1": 654,
        "y1": 417,
        "w": 40,
        "h": 55
    },
    "frame_size": {
        "h": 1080,
        "w": 1920
    },
    "head_pose_angle_6drepnet360": {
        "yaw": 18.696136474609375,
        "pitch": -24.054656982421875,
        "roll": -11.533976554870605
    }
}