{
    "video_name": "cm2023051608",
    "frame_id": 12501,
    "head_bbox": {
        "x0": 546,
        "y0": 344,
        "x1": 588,
        "y1": 389,
        "w": 42,
        "h": 45
    },
    "frame_size": {
        "h": 1080,
        "w": 1920
    },
    "head_pose_angle_6drepnet360": {
        "yaw": -42.51948928833008,
        "pitch": 154.8907928466797,
        "roll": -157.94989013671875
    }
}