{
    "video_name": "cm2023051608",
    "frame_id": 12601,
    "head_bbox": {
        "x0": 514,
        "y0": 341,
        "x1": 561,
        "y1": 392,
        "w": 47,
        "h": 51
    },
    "frame_size": {
        "h": 1080,
        "w": 1920
    },
    "head_pose_angle_6drepnet360": {
        "yaw": -65.84262084960938,
        "pitch": 102.80591583251953,
        "roll": -128.57456970214844
    }
}