{
    "video_name": "cm2023051608",
    "frame_id": 12701,
    "head_bbox": {
        "x0": 515,
        "y0": 346,
        "x1": 560,
        "y1": 397,
        "w": 45,
        "h": 51
    },
    "frame_size": {
        "h": 1080,
        "w": 1920
    },
    "head_pose_angle_6drepnet360": {
        "yaw": -65.63457489013672,
        "pitch": -20.545801162719727,
        "roll": 13.840253829956055
    }
}