{
    "video_name": "cm2023051608",
    "frame_id": 13001,
    "head_bbox": {
        "x0": 491,
        "y0": 340,
        "x1": 537,
        "y1": 389,
        "w": 46,
        "h": 49
    },
    "frame_size": {
        "h": 1080,
        "w": 1920
    },
    "head_pose_angle_6drepnet360": {
        "yaw": -80.28022003173828,
        "pitch": 27.48834228515625,
        "roll": -48.32487106323242
    }
}