{
    "video_name": "cm2023051608",
    "frame_id": 1301,
    "head_bbox": {
        "x0": 593,
        "y0": 347,
        "x1": 632,
        "y1": 398,
        "w": 39,
        "h": 51
    },
    "frame_size": {
        "h": 1080,
        "w": 1920
    },
    "head_pose_angle_6drepnet360": {
        "yaw": -20.001188278198242,
        "pitch": -13.207366943359375,
        "roll": 0.23406125605106354
    }
}