{
    "video_name": "cm2023051608",
    "frame_id": 13101,
    "head_bbox": {
        "x0": 489,
        "y0": 340,
        "x1": 535,
        "y1": 385,
        "w": 46,
        "h": 45
    },
    "frame_size": {
        "h": 1080,
        "w": 1920
    },
    "head_pose_angle_6drepnet360": {
        "yaw": -47.12830352783203,
        "pitch": 154.24301147460938,
        "roll": -172.5100860595703
    }
}