{
    "video_name": "cm2023051608",
    "frame_id": 13301,
    "head_bbox": {
        "x0": 532,
        "y0": 342,
        "x1": 574,
        "y1": 384,
        "w": 42,
        "h": 42
    },
    "frame_size": {
        "h": 1080,
        "w": 1920
    },
    "head_pose_angle_6drepnet360": {
        "yaw": -31.255855560302734,
        "pitch": 163.25912475585938,
        "roll": -162.98434448242188
    }
}