{
    "video_name": "cm2023051608",
    "frame_id": 13401,
    "head_bbox": {
        "x0": 524,
        "y0": 336,
        "x1": 565,
        "y1": 378,
        "w": 41,
        "h": 42
    },
    "frame_size": {
        "h": 1080,
        "w": 1920
    },
    "head_pose_angle_6drepnet360": {
        "yaw": -59.796844482421875,
        "pitch": 133.90419006347656,
        "roll": -152.16177368164062
    }
}