{
    "video_name": "cm2023051608",
    "frame_id": 13501,
    "head_bbox": {
        "x0": 517,
        "y0": 335,
        "x1": 556,
        "y1": 376,
        "w": 39,
        "h": 41
    },
    "frame_size": {
        "h": 1080,
        "w": 1920
    },
    "head_pose_angle_6drepnet360": {
        "yaw": -43.74009704589844,
        "pitch": 153.6034393310547,
        "roll": -153.78848266601562
    }
}