{
    "video_name": "cm2023051608",
    "frame_id": 13601,
    "head_bbox": {
        "x0": 531,
        "y0": 341,
        "x1": 573,
        "y1": 393,
        "w": 42,
        "h": 52
    },
    "frame_size": {
        "h": 1080,
        "w": 1920
    },
    "head_pose_angle_6drepnet360": {
        "yaw": -34.89931106567383,
        "pitch": -6.90372896194458,
        "roll": -4.534644603729248
    }
}