{
    "video_name": "cm2023051608",
    "frame_id": 13701,
    "head_bbox": {
        "x0": 548,
        "y0": 342,
        "x1": 595,
        "y1": 390,
        "w": 47,
        "h": 48
    },
    "frame_size": {
        "h": 1080,
        "w": 1920
    },
    "head_pose_angle_6drepnet360": {
        "yaw": -74.43864440917969,
        "pitch": 93.85672760009766,
        "roll": -108.41592407226562
    }
}