{
    "video_name": "cm2023051608",
    "frame_id": 13901,
    "head_bbox": {
        "x0": 427,
        "y0": 336,
        "x1": 468,
        "y1": 376,
        "w": 41,
        "h": 40
    },
    "frame_size": {
        "h": 1080,
        "w": 1920
    },
    "head_pose_angle_6drepnet360": {
        "yaw": -29.383399963378906,
        "pitch": 144.84632873535156,
        "roll": -169.0819854736328
    }
}