{
    "video_name": "cm2023051608",
    "frame_id": 14001,
    "head_bbox": {
        "x0": 420,
        "y0": 341,
        "x1": 465,
        "y1": 379,
        "w": 45,
        "h": 38
    },
    "frame_size": {
        "h": 1080,
        "w": 1920
    },
    "head_pose_angle_6drepnet360": {
        "yaw": -53.58784484863281,
        "pitch": 144.60635375976562,
        "roll": -156.3189239501953
    }
}