{
    "video_name": "cm2023051608",
    "frame_id": 1401,
    "head_bbox": {
        "x0": 601,
        "y0": 346,
        "x1": 640,
        "y1": 397,
        "w": 39,
        "h": 51
    },
    "frame_size": {
        "h": 1080,
        "w": 1920
    },
    "head_pose_angle_6drepnet360": {
        "yaw": -21.06250762939453,
        "pitch": -12.215155601501465,
        "roll": 3.0384140014648438
    }
}