{
    "video_name": "cm2023051608",
    "frame_id": 14101,
    "head_bbox": {
        "x0": 412,
        "y0": 333,
        "x1": 454,
        "y1": 374,
        "w": 42,
        "h": 41
    },
    "frame_size": {
        "h": 1080,
        "w": 1920
    },
    "head_pose_angle_6drepnet360": {
        "yaw": -27.455663681030273,
        "pitch": 165.49676513671875,
        "roll": 179.02125549316406
    }
}