{
    "video_name": "cm2023051608",
    "frame_id": 14201,
    "head_bbox": {
        "x0": 420,
        "y0": 339,
        "x1": 468,
        "y1": 387,
        "w": 48,
        "h": 48
    },
    "frame_size": {
        "h": 1080,
        "w": 1920
    },
    "head_pose_angle_6drepnet360": {
        "yaw": -69.90667724609375,
        "pitch": 72.0150375366211,
        "roll": -91.1153335571289
    }
}