{
    "video_name": "cm2023051608",
    "frame_id": 14301,
    "head_bbox": {
        "x0": 417,
        "y0": 337,
        "x1": 458,
        "y1": 379,
        "w": 41,
        "h": 42
    },
    "frame_size": {
        "h": 1080,
        "w": 1920
    },
    "head_pose_angle_6drepnet360": {
        "yaw": -20.928821563720703,
        "pitch": 160.84356689453125,
        "roll": 177.60569763183594
    }
}