{
    "video_name": "cm2023051608",
    "frame_id": 14401,
    "head_bbox": {
        "x0": 483,
        "y0": 332,
        "x1": 525,
        "y1": 372,
        "w": 42,
        "h": 40
    },
    "frame_size": {
        "h": 1080,
        "w": 1920
    },
    "head_pose_angle_6drepnet360": {
        "yaw": -16.29327964782715,
        "pitch": 156.7834014892578,
        "roll": -170.82411193847656
    }
}