{
    "video_name": "cm2023051608",
    "frame_id": 14801,
    "head_bbox": {
        "x0": 581,
        "y0": 349,
        "x1": 624,
        "y1": 397,
        "w": 43,
        "h": 48
    },
    "frame_size": {
        "h": 1080,
        "w": 1920
    },
    "head_pose_angle_6drepnet360": {
        "yaw": -7.278061866760254,
        "pitch": -2.1890218257904053,
        "roll": -3.0728983879089355
    }
}