{
    "video_name": "cm2023051608",
    "frame_id": 14901,
    "head_bbox": {
        "x0": 580,
        "y0": 348,
        "x1": 621,
        "y1": 395,
        "w": 41,
        "h": 47
    },
    "frame_size": {
        "h": 1080,
        "w": 1920
    },
    "head_pose_angle_6drepnet360": {
        "yaw": -30.514612197875977,
        "pitch": 167.11729431152344,
        "roll": 167.57167053222656
    }
}