{
    "video_name": "cm2023051608",
    "frame_id": 1501,
    "head_bbox": {
        "x0": 584,
        "y0": 349,
        "x1": 625,
        "y1": 401,
        "w": 41,
        "h": 52
    },
    "frame_size": {
        "h": 1080,
        "w": 1920
    },
    "head_pose_angle_6drepnet360": {
        "yaw": -6.149896144866943,
        "pitch": -12.68941593170166,
        "roll": 5.438572883605957
    }
}