{
    "video_name": "cm2023051608",
    "frame_id": 15101,
    "head_bbox": {
        "x0": 578,
        "y0": 345,
        "x1": 618,
        "y1": 391,
        "w": 40,
        "h": 46
    },
    "frame_size": {
        "h": 1080,
        "w": 1920
    },
    "head_pose_angle_6drepnet360": {
        "yaw": -16.37523651123047,
        "pitch": -0.8480837345123291,
        "roll": -0.15723499655723572
    }
}