{
    "video_name": "cm2023051608",
    "frame_id": 15401,
    "head_bbox": {
        "x0": 602,
        "y0": 342,
        "x1": 645,
        "y1": 389,
        "w": 43,
        "h": 47
    },
    "frame_size": {
        "h": 1080,
        "w": 1920
    },
    "head_pose_angle_6drepnet360": {
        "yaw": -41.08040237426758,
        "pitch": 0.3494820296764374,
        "roll": -4.930421352386475
    }
}