{
    "video_name": "cm2023051608",
    "frame_id": 15501,
    "head_bbox": {
        "x0": 576,
        "y0": 344,
        "x1": 614,
        "y1": 388,
        "w": 38,
        "h": 44
    },
    "frame_size": {
        "h": 1080,
        "w": 1920
    },
    "head_pose_angle_6drepnet360": {
        "yaw": -4.394843101501465,
        "pitch": 170.1233367919922,
        "roll": 175.12026977539062
    }
}