{
    "video_name": "cm2023051608",
    "frame_id": 15601,
    "head_bbox": {
        "x0": 526,
        "y0": 336,
        "x1": 564,
        "y1": 376,
        "w": 38,
        "h": 40
    },
    "frame_size": {
        "h": 1080,
        "w": 1920
    },
    "head_pose_angle_6drepnet360": {
        "yaw": -34.22720718383789,
        "pitch": 167.54124450683594,
        "roll": -177.80557250976562
    }
}