{
    "video_name": "cm2023051608",
    "frame_id": 15901,
    "head_bbox": {
        "x0": 548,
        "y0": 335,
        "x1": 597,
        "y1": 382,
        "w": 49,
        "h": 47
    },
    "frame_size": {
        "h": 1080,
        "w": 1920
    },
    "head_pose_angle_6drepnet360": {
        "yaw": -56.244468688964844,
        "pitch": 126.16123962402344,
        "roll": -145.34434509277344
    }
}