{
    "video_name": "cm2023051608",
    "frame_id": 1601,
    "head_bbox": {
        "x0": 609,
        "y0": 354,
        "x1": 646,
        "y1": 400,
        "w": 37,
        "h": 46
    },
    "frame_size": {
        "h": 1080,
        "w": 1920
    },
    "head_pose_angle_6drepnet360": {
        "yaw": -10.530990600585938,
        "pitch": -19.091745376586914,
        "roll": -6.019800662994385
    }
}