{
    "video_name": "cm2023051608",
    "frame_id": 16101,
    "head_bbox": {
        "x0": 570,
        "y0": 349,
        "x1": 610,
        "y1": 401,
        "w": 40,
        "h": 52
    },
    "frame_size": {
        "h": 1080,
        "w": 1920
    },
    "head_pose_angle_6drepnet360": {
        "yaw": -12.894078254699707,
        "pitch": -20.509443283081055,
        "roll": -4.9596147537231445
    }
}