{
    "video_name": "cm2023051608",
    "frame_id": 16201,
    "head_bbox": {
        "x0": 557,
        "y0": 342,
        "x1": 601,
        "y1": 385,
        "w": 44,
        "h": 43
    },
    "frame_size": {
        "h": 1080,
        "w": 1920
    },
    "head_pose_angle_6drepnet360": {
        "yaw": -45.70244216918945,
        "pitch": 153.46568298339844,
        "roll": -171.42672729492188
    }
}