{
    "video_name": "cm2023051608",
    "frame_id": 16401,
    "head_bbox": {
        "x0": 563,
        "y0": 335,
        "x1": 601,
        "y1": 374,
        "w": 38,
        "h": 39
    },
    "frame_size": {
        "h": 1080,
        "w": 1920
    },
    "head_pose_angle_6drepnet360": {
        "yaw": -31.427146911621094,
        "pitch": 164.88368225097656,
        "roll": -172.68162536621094
    }
}