{
    "video_name": "cm2023051608",
    "frame_id": 16501,
    "head_bbox": {
        "x0": 591,
        "y0": 333,
        "x1": 631,
        "y1": 373,
        "w": 40,
        "h": 40
    },
    "frame_size": {
        "h": 1080,
        "w": 1920
    },
    "head_pose_angle_6drepnet360": {
        "yaw": -54.671382904052734,
        "pitch": 179.73428344726562,
        "roll": -178.44752502441406
    }
}