{
    "video_name": "cm2023051608",
    "frame_id": 16601,
    "head_bbox": {
        "x0": 525,
        "y0": 337,
        "x1": 562,
        "y1": 380,
        "w": 37,
        "h": 43
    },
    "frame_size": {
        "h": 1080,
        "w": 1920
    },
    "head_pose_angle_6drepnet360": {
        "yaw": -76.11121368408203,
        "pitch": 142.14651489257812,
        "roll": -147.00509643554688
    }
}