{
    "video_name": "cm2023051608",
    "frame_id": 16701,
    "head_bbox": {
        "x0": 567,
        "y0": 337,
        "x1": 607,
        "y1": 382,
        "w": 40,
        "h": 45
    },
    "frame_size": {
        "h": 1080,
        "w": 1920
    },
    "head_pose_angle_6drepnet360": {
        "yaw": -56.90790939331055,
        "pitch": -177.37033081054688,
        "roll": 158.0906524658203
    }
}