{
    "video_name": "cm2023051608",
    "frame_id": 16901,
    "head_bbox": {
        "x0": 396,
        "y0": 341,
        "x1": 437,
        "y1": 390,
        "w": 41,
        "h": 49
    },
    "frame_size": {
        "h": 1080,
        "w": 1920
    },
    "head_pose_angle_6drepnet360": {
        "yaw": -13.030168533325195,
        "pitch": 0.16744637489318848,
        "roll": -2.5017900466918945
    }
}