{
    "video_name": "cm2023051608",
    "frame_id": 17001,
    "head_bbox": {
        "x0": 395,
        "y0": 340,
        "x1": 436,
        "y1": 391,
        "w": 41,
        "h": 51
    },
    "frame_size": {
        "h": 1080,
        "w": 1920
    },
    "head_pose_angle_6drepnet360": {
        "yaw": -8.169529914855957,
        "pitch": -2.793424367904663,
        "roll": -3.781754970550537
    }
}