{
    "video_name": "cm2023051608",
    "frame_id": 1701,
    "head_bbox": {
        "x0": 608,
        "y0": 350,
        "x1": 647,
        "y1": 401,
        "w": 39,
        "h": 51
    },
    "frame_size": {
        "h": 1080,
        "w": 1920
    },
    "head_pose_angle_6drepnet360": {
        "yaw": -9.373847007751465,
        "pitch": -10.259054183959961,
        "roll": -6.027184963226318
    }
}