{
    "video_name": "cm2023051608",
    "frame_id": 17101,
    "head_bbox": {
        "x0": 397,
        "y0": 343,
        "x1": 438,
        "y1": 390,
        "w": 41,
        "h": 47
    },
    "frame_size": {
        "h": 1080,
        "w": 1920
    },
    "head_pose_angle_6drepnet360": {
        "yaw": -30.89020538330078,
        "pitch": 0.8671949505805969,
        "roll": -7.497577667236328
    }
}