{
    "video_name": "cm2023051608",
    "frame_id": 17301,
    "head_bbox": {
        "x0": 923,
        "y0": 336,
        "x1": 961,
        "y1": 384,
        "w": 38,
        "h": 48
    },
    "frame_size": {
        "h": 1080,
        "w": 1920
    },
    "head_pose_angle_6drepnet360": {
        "yaw": -85.07511138916016,
        "pitch": 68.29570007324219,
        "roll": -82.63741302490234
    }
}