{
    "video_name": "cm2023051608",
    "frame_id": 17401,
    "head_bbox": {
        "x0": 820,
        "y0": 333,
        "x1": 857,
        "y1": 377,
        "w": 37,
        "h": 44
    },
    "frame_size": {
        "h": 1080,
        "w": 1920
    },
    "head_pose_angle_6drepnet360": {
        "yaw": -42.98759841918945,
        "pitch": 1.9653595685958862,
        "roll": -4.3239641189575195
    }
}