{
    "video_name": "cm2023051608",
    "frame_id": 17501,
    "head_bbox": {
        "x0": 813,
        "y0": 330,
        "x1": 849,
        "y1": 376,
        "w": 36,
        "h": 46
    },
    "frame_size": {
        "h": 1080,
        "w": 1920
    },
    "head_pose_angle_6drepnet360": {
        "yaw": 4.360633850097656,
        "pitch": -0.13718755543231964,
        "roll": 4.406174659729004
    }
}