{
    "video_name": "cm2023051608",
    "frame_id": 17901,
    "head_bbox": {
        "x0": 527,
        "y0": 344,
        "x1": 570,
        "y1": 391,
        "w": 43,
        "h": 47
    },
    "frame_size": {
        "h": 1080,
        "w": 1920
    },
    "head_pose_angle_6drepnet360": {
        "yaw": -3.16182804107666,
        "pitch": -2.3772153854370117,
        "roll": 2.155035972595215
    }
}