{
    "video_name": "cm2023051608",
    "frame_id": 18001,
    "head_bbox": {
        "x0": 525,
        "y0": 344,
        "x1": 567,
        "y1": 391,
        "w": 42,
        "h": 47
    },
    "frame_size": {
        "h": 1080,
        "w": 1920
    },
    "head_pose_angle_6drepnet360": {
        "yaw": -83.30321502685547,
        "pitch": 48.12763214111328,
        "roll": -57.76046371459961
    }
}