{
    "video_name": "cm2023051608",
    "frame_id": 18101,
    "head_bbox": {
        "x0": 519,
        "y0": 346,
        "x1": 565,
        "y1": 389,
        "w": 46,
        "h": 43
    },
    "frame_size": {
        "h": 1080,
        "w": 1920
    },
    "head_pose_angle_6drepnet360": {
        "yaw": -70.68763732910156,
        "pitch": 84.13481140136719,
        "roll": -102.5953598022461
    }
}