{
    "video_name": "cm2023051608",
    "frame_id": 18501,
    "head_bbox": {
        "x0": 807,
        "y0": 337,
        "x1": 844,
        "y1": 381,
        "w": 37,
        "h": 44
    },
    "frame_size": {
        "h": 1080,
        "w": 1920
    },
    "head_pose_angle_6drepnet360": {
        "yaw": -18.100128173828125,
        "pitch": 1.8976593017578125,
        "roll": -7.791001796722412
    }
}