{
    "video_name": "cm2023051608",
    "frame_id": 18601,
    "head_bbox": {
        "x0": 851,
        "y0": 331,
        "x1": 887,
        "y1": 380,
        "w": 36,
        "h": 49
    },
    "frame_size": {
        "h": 1080,
        "w": 1920
    },
    "head_pose_angle_6drepnet360": {
        "yaw": -36.30164337158203,
        "pitch": 1.585760235786438,
        "roll": -5.6698150634765625
    }
}