{
    "video_name": "cm2023051608",
    "frame_id": 18701,
    "head_bbox": {
        "x0": 843,
        "y0": 341,
        "x1": 882,
        "y1": 382,
        "w": 39,
        "h": 41
    },
    "frame_size": {
        "h": 1080,
        "w": 1920
    },
    "head_pose_angle_6drepnet360": {
        "yaw": -40.11898422241211,
        "pitch": 176.16932678222656,
        "roll": 163.9938507080078
    }
}