{
    "video_name": "cm2023051608",
    "frame_id": 18801,
    "head_bbox": {
        "x0": 845,
        "y0": 340,
        "x1": 886,
        "y1": 384,
        "w": 41,
        "h": 44
    },
    "frame_size": {
        "h": 1080,
        "w": 1920
    },
    "head_pose_angle_6drepnet360": {
        "yaw": -43.66443634033203,
        "pitch": 168.02557373046875,
        "roll": 163.5402069091797
    }
}