{
    "video_name": "cm2023051608",
    "frame_id": 18901,
    "head_bbox": {
        "x0": 841,
        "y0": 339,
        "x1": 881,
        "y1": 387,
        "w": 40,
        "h": 48
    },
    "frame_size": {
        "h": 1080,
        "w": 1920
    },
    "head_pose_angle_6drepnet360": {
        "yaw": -42.75739669799805,
        "pitch": 166.4620361328125,
        "roll": 174.89892578125
    }
}