{
    "video_name": "cm2023051608",
    "frame_id": 19001,
    "head_bbox": {
        "x0": 838,
        "y0": 336,
        "x1": 877,
        "y1": 388,
        "w": 39,
        "h": 52
    },
    "frame_size": {
        "h": 1080,
        "w": 1920
    },
    "head_pose_angle_6drepnet360": {
        "yaw": 0.7396043539047241,
        "pitch": -6.8059515953063965,
        "roll": 2.303619861602783
    }
}