{
    "video_name": "cm2023051608",
    "frame_id": 1901,
    "head_bbox": {
        "x0": 800,
        "y0": 332,
        "x1": 839,
        "y1": 377,
        "w": 39,
        "h": 45
    },
    "frame_size": {
        "h": 1080,
        "w": 1920
    },
    "head_pose_angle_6drepnet360": {
        "yaw": -72.40452575683594,
        "pitch": -176.8203582763672,
        "roll": 176.7625732421875
    }
}