{
    "video_name": "cm2023051608",
    "frame_id": 19101,
    "head_bbox": {
        "x0": 613,
        "y0": 336,
        "x1": 650,
        "y1": 380,
        "w": 37,
        "h": 44
    },
    "frame_size": {
        "h": 1080,
        "w": 1920
    },
    "head_pose_angle_6drepnet360": {
        "yaw": -44.22917938232422,
        "pitch": -168.5447540283203,
        "roll": 160.70703125
    }
}