{
    "video_name": "cm2023051608",
    "frame_id": 19201,
    "head_bbox": {
        "x0": 858,
        "y0": 344,
        "x1": 895,
        "y1": 390,
        "w": 37,
        "h": 46
    },
    "frame_size": {
        "h": 1080,
        "w": 1920
    },
    "head_pose_angle_6drepnet360": {
        "yaw": -39.152103424072266,
        "pitch": 179.38182067871094,
        "roll": 161.17431640625
    }
}