{
    "video_name": "cm2023051608",
    "frame_id": 19401,
    "head_bbox": {
        "x0": 873,
        "y0": 339,
        "x1": 912,
        "y1": 387,
        "w": 39,
        "h": 48
    },
    "frame_size": {
        "h": 1080,
        "w": 1920
    },
    "head_pose_angle_6drepnet360": {
        "yaw": -76.72386169433594,
        "pitch": 129.1391143798828,
        "roll": -144.82260131835938
    }
}