{
    "video_name": "cm2023051608",
    "frame_id": 19501,
    "head_bbox": {
        "x0": 873,
        "y0": 336,
        "x1": 915,
        "y1": 382,
        "w": 42,
        "h": 46
    },
    "frame_size": {
        "h": 1080,
        "w": 1920
    },
    "head_pose_angle_6drepnet360": {
        "yaw": -66.60853576660156,
        "pitch": 59.27134323120117,
        "roll": -69.51092529296875
    }
}