{
    "video_name": "cm2023051608",
    "frame_id": 19601,
    "head_bbox": {
        "x0": 862,
        "y0": 343,
        "x1": 902,
        "y1": 388,
        "w": 40,
        "h": 45
    },
    "frame_size": {
        "h": 1080,
        "w": 1920
    },
    "head_pose_angle_6drepnet360": {
        "yaw": -63.9442253112793,
        "pitch": -179.38768005371094,
        "roll": 168.3775177001953
    }
}