{
    "video_name": "cm2023051608",
    "frame_id": 19701,
    "head_bbox": {
        "x0": 642,
        "y0": 335,
        "x1": 677,
        "y1": 376,
        "w": 35,
        "h": 41
    },
    "frame_size": {
        "h": 1080,
        "w": 1920
    },
    "head_pose_angle_6drepnet360": {
        "yaw": -11.55103588104248,
        "pitch": -175.3002471923828,
        "roll": -176.2015380859375
    }
}