{
    "video_name": "cm2023051608",
    "frame_id": 19801,
    "head_bbox": {
        "x0": 907,
        "y0": 337,
        "x1": 946,
        "y1": 386,
        "w": 39,
        "h": 49
    },
    "frame_size": {
        "h": 1080,
        "w": 1920
    },
    "head_pose_angle_6drepnet360": {
        "yaw": -69.15823364257812,
        "pitch": 4.72098970413208,
        "roll": -20.944778442382812
    }
}