{
    "video_name": "cm2023051608",
    "frame_id": 19901,
    "head_bbox": {
        "x0": 861,
        "y0": 339,
        "x1": 897,
        "y1": 378,
        "w": 36,
        "h": 39
    },
    "frame_size": {
        "h": 1080,
        "w": 1920
    },
    "head_pose_angle_6drepnet360": {
        "yaw": -53.218868255615234,
        "pitch": 170.26356506347656,
        "roll": 177.56748962402344
    }
}