{
    "video_name": "cm2023051608",
    "frame_id": 20001,
    "head_bbox": {
        "x0": 667,
        "y0": 339,
        "x1": 704,
        "y1": 381,
        "w": 37,
        "h": 42
    },
    "frame_size": {
        "h": 1080,
        "w": 1920
    },
    "head_pose_angle_6drepnet360": {
        "yaw": -39.60240173339844,
        "pitch": -160.2184295654297,
        "roll": 145.71652221679688
    }
}