{
    "video_name": "cm2023051608",
    "frame_id": 2001,
    "head_bbox": {
        "x0": 596,
        "y0": 347,
        "x1": 636,
        "y1": 396,
        "w": 40,
        "h": 49
    },
    "frame_size": {
        "h": 1080,
        "w": 1920
    },
    "head_pose_angle_6drepnet360": {
        "yaw": -21.13918113708496,
        "pitch": -17.474384307861328,
        "roll": -7.237547874450684
    }
}