{
    "video_name": "cm2023051608",
    "frame_id": 201,
    "head_bbox": {
        "x0": 668,
        "y0": 341,
        "x1": 714,
        "y1": 387,
        "w": 46,
        "h": 46
    },
    "frame_size": {
        "h": 1080,
        "w": 1920
    },
    "head_pose_angle_6drepnet360": {
        "yaw": -66.63905334472656,
        "pitch": 123.08180236816406,
        "roll": -138.4926300048828
    }
}