{
    "video_name": "cm2023051608",
    "frame_id": 20101,
    "head_bbox": {
        "x0": 555,
        "y0": 353,
        "x1": 590,
        "y1": 397,
        "w": 35,
        "h": 44
    },
    "frame_size": {
        "h": 1080,
        "w": 1920
    },
    "head_pose_angle_6drepnet360": {
        "yaw": -46.17338180541992,
        "pitch": -162.1003875732422,
        "roll": 158.69200134277344
    }
}