{
    "video_name": "cm2023051608",
    "frame_id": 20201,
    "head_bbox": {
        "x0": 559,
        "y0": 342,
        "x1": 595,
        "y1": 383,
        "w": 36,
        "h": 41
    },
    "frame_size": {
        "h": 1080,
        "w": 1920
    },
    "head_pose_angle_6drepnet360": {
        "yaw": -20.422531127929688,
        "pitch": -174.9830780029297,
        "roll": 179.10418701171875
    }
}