{
    "video_name": "cm2023051608",
    "frame_id": 20301,
    "head_bbox": {
        "x0": 586,
        "y0": 348,
        "x1": 623,
        "y1": 392,
        "w": 37,
        "h": 44
    },
    "frame_size": {
        "h": 1080,
        "w": 1920
    },
    "head_pose_angle_6drepnet360": {
        "yaw": -35.16757583618164,
        "pitch": -172.74127197265625,
        "roll": 169.46905517578125
    }
}