{
    "video_name": "cm2023051608",
    "frame_id": 20401,
    "head_bbox": {
        "x0": 638,
        "y0": 341,
        "x1": 678,
        "y1": 387,
        "w": 40,
        "h": 46
    },
    "frame_size": {
        "h": 1080,
        "w": 1920
    },
    "head_pose_angle_6drepnet360": {
        "yaw": -11.721892356872559,
        "pitch": -172.70590209960938,
        "roll": 167.47740173339844
    }
}