{
    "video_name": "cm2023051608",
    "frame_id": 20901,
    "head_bbox": {
        "x0": 638,
        "y0": 341,
        "x1": 677,
        "y1": 389,
        "w": 39,
        "h": 48
    },
    "frame_size": {
        "h": 1080,
        "w": 1920
    },
    "head_pose_angle_6drepnet360": {
        "yaw": -38.21824264526367,
        "pitch": 2.737098217010498,
        "roll": -10.282015800476074
    }
}