{
    "video_name": "cm2023051608",
    "frame_id": 2101,
    "head_bbox": {
        "x0": 758,
        "y0": 341,
        "x1": 796,
        "y1": 387,
        "w": 38,
        "h": 46
    },
    "frame_size": {
        "h": 1080,
        "w": 1920
    },
    "head_pose_angle_6drepnet360": {
        "yaw": -48.9937744140625,
        "pitch": 175.87496948242188,
        "roll": 177.2415771484375
    }
}