{
    "video_name": "cm2023051608",
    "frame_id": 21501,
    "head_bbox": {
        "x0": 814,
        "y0": 332,
        "x1": 851,
        "y1": 379,
        "w": 37,
        "h": 47
    },
    "frame_size": {
        "h": 1080,
        "w": 1920
    },
    "head_pose_angle_6drepnet360": {
        "yaw": -3.6846349239349365,
        "pitch": -0.6960217952728271,
        "roll": -7.863596439361572
    }
}