{
    "video_name": "cm2023051608",
    "frame_id": 22001,
    "head_bbox": {
        "x0": 836,
        "y0": 331,
        "x1": 876,
        "y1": 381,
        "w": 40,
        "h": 50
    },
    "frame_size": {
        "h": 1080,
        "w": 1920
    },
    "head_pose_angle_6drepnet360": {
        "yaw": -5.357016563415527,
        "pitch": 0.581369161605835,
        "roll": 0.05294616520404816
    }
}