{
    "video_name": "cm2023051608",
    "frame_id": 2201,
    "head_bbox": {
        "x0": 827,
        "y0": 329,
        "x1": 870,
        "y1": 372,
        "w": 43,
        "h": 43
    },
    "frame_size": {
        "h": 1080,
        "w": 1920
    },
    "head_pose_angle_6drepnet360": {
        "yaw": -37.84318923950195,
        "pitch": 135.71156311035156,
        "roll": -144.99984741210938
    }
}