{
    "video_name": "cm2023051608",
    "frame_id": 22101,
    "head_bbox": {
        "x0": 875,
        "y0": 328,
        "x1": 913,
        "y1": 374,
        "w": 38,
        "h": 46
    },
    "frame_size": {
        "h": 1080,
        "w": 1920
    },
    "head_pose_angle_6drepnet360": {
        "yaw": -61.1322135925293,
        "pitch": 9.26091194152832,
        "roll": -11.39072036743164
    }
}