{
    "video_name": "cm2023051608",
    "frame_id": 22201,
    "head_bbox": {
        "x0": 837,
        "y0": 333,
        "x1": 876,
        "y1": 379,
        "w": 39,
        "h": 46
    },
    "frame_size": {
        "h": 1080,
        "w": 1920
    },
    "head_pose_angle_6drepnet360": {
        "yaw": -41.64096450805664,
        "pitch": 13.1310396194458,
        "roll": -18.89815902709961
    }
}