{
    "video_name": "cm2023051608",
    "frame_id": 22401,
    "head_bbox": {
        "x0": 858,
        "y0": 332,
        "x1": 895,
        "y1": 381,
        "w": 37,
        "h": 49
    },
    "frame_size": {
        "h": 1080,
        "w": 1920
    },
    "head_pose_angle_6drepnet360": {
        "yaw": 32.87310791015625,
        "pitch": -5.541901111602783,
        "roll": -7.970112323760986
    }
}