{
    "video_name": "cm2023051608",
    "frame_id": 22501,
    "head_bbox": {
        "x0": 840,
        "y0": 344,
        "x1": 878,
        "y1": 389,
        "w": 38,
        "h": 45
    },
    "frame_size": {
        "h": 1080,
        "w": 1920
    },
    "head_pose_angle_6drepnet360": {
        "yaw": -43.43156433105469,
        "pitch": 173.62461853027344,
        "roll": 163.5431671142578
    }
}