{
    "video_name": "cm2023051608",
    "frame_id": 22601,
    "head_bbox": {
        "x0": 818,
        "y0": 334,
        "x1": 859,
        "y1": 380,
        "w": 41,
        "h": 46
    },
    "frame_size": {
        "h": 1080,
        "w": 1920
    },
    "head_pose_angle_6drepnet360": {
        "yaw": -72.65685272216797,
        "pitch": 144.86062622070312,
        "roll": -154.03567504882812
    }
}