{
    "video_name": "cm2023051608",
    "frame_id": 22701,
    "head_bbox": {
        "x0": 830,
        "y0": 341,
        "x1": 868,
        "y1": 384,
        "w": 38,
        "h": 43
    },
    "frame_size": {
        "h": 1080,
        "w": 1920
    },
    "head_pose_angle_6drepnet360": {
        "yaw": -55.17837142944336,
        "pitch": 162.8540802001953,
        "roll": 170.17218017578125
    }
}