{
    "video_name": "cm2023051608",
    "frame_id": 22801,
    "head_bbox": {
        "x0": 833,
        "y0": 341,
        "x1": 873,
        "y1": 384,
        "w": 40,
        "h": 43
    },
    "frame_size": {
        "h": 1080,
        "w": 1920
    },
    "head_pose_angle_6drepnet360": {
        "yaw": -63.741111755371094,
        "pitch": 148.48158264160156,
        "roll": -164.1669158935547
    }
}