{
    "video_name": "cm2023051608",
    "frame_id": 23001,
    "head_bbox": {
        "x0": 893,
        "y0": 332,
        "x1": 933,
        "y1": 379,
        "w": 40,
        "h": 47
    },
    "frame_size": {
        "h": 1080,
        "w": 1920
    },
    "head_pose_angle_6drepnet360": {
        "yaw": -69.17182922363281,
        "pitch": 143.49888610839844,
        "roll": -152.5341033935547
    }
}