{
    "video_name": "cm2023051608",
    "frame_id": 2301,
    "head_bbox": {
        "x0": 762,
        "y0": 337,
        "x1": 801,
        "y1": 384,
        "w": 39,
        "h": 47
    },
    "frame_size": {
        "h": 1080,
        "w": 1920
    },
    "head_pose_angle_6drepnet360": {
        "yaw": -65.27031707763672,
        "pitch": -165.38824462890625,
        "roll": 157.9475555419922
    }
}