{
    "video_name": "cm2023051608",
    "frame_id": 23101,
    "head_bbox": {
        "x0": 885,
        "y0": 340,
        "x1": 922,
        "y1": 386,
        "w": 37,
        "h": 46
    },
    "frame_size": {
        "h": 1080,
        "w": 1920
    },
    "head_pose_angle_6drepnet360": {
        "yaw": -62.791053771972656,
        "pitch": -169.59225463867188,
        "roll": 159.14930725097656
    }
}