{
    "video_name": "cm2023051608",
    "frame_id": 23301,
    "head_bbox": {
        "x0": 893,
        "y0": 335,
        "x1": 934,
        "y1": 381,
        "w": 41,
        "h": 46
    },
    "frame_size": {
        "h": 1080,
        "w": 1920
    },
    "head_pose_angle_6drepnet360": {
        "yaw": -83.16252136230469,
        "pitch": 143.41603088378906,
        "roll": -155.37591552734375
    }
}