{
    "video_name": "cm2023051608",
    "frame_id": 23601,
    "head_bbox": {
        "x0": 405,
        "y0": 352,
        "x1": 446,
        "y1": 403,
        "w": 41,
        "h": 51
    },
    "frame_size": {
        "h": 1080,
        "w": 1920
    },
    "head_pose_angle_6drepnet360": {
        "yaw": -40.036964416503906,
        "pitch": -4.858503341674805,
        "roll": -7.738417148590088
    }
}