{
    "video_name": "cm2023051608",
    "frame_id": 23701,
    "head_bbox": {
        "x0": 419,
        "y0": 353,
        "x1": 470,
        "y1": 400,
        "w": 51,
        "h": 47
    },
    "frame_size": {
        "h": 1080,
        "w": 1920
    },
    "head_pose_angle_6drepnet360": {
        "yaw": -72.40279388427734,
        "pitch": 64.6047592163086,
        "roll": -77.3848648071289
    }
}