{
    "video_name": "cm2023051608",
    "frame_id": 23801,
    "head_bbox": {
        "x0": 417,
        "y0": 347,
        "x1": 461,
        "y1": 396,
        "w": 44,
        "h": 49
    },
    "frame_size": {
        "h": 1080,
        "w": 1920
    },
    "head_pose_angle_6drepnet360": {
        "yaw": -11.113250732421875,
        "pitch": 1.3092608451843262,
        "roll": -3.6496002674102783
    }
}