{
    "video_name": "cm2023051608",
    "frame_id": 2401,
    "head_bbox": {
        "x0": 750,
        "y0": 338,
        "x1": 796,
        "y1": 384,
        "w": 46,
        "h": 46
    },
    "frame_size": {
        "h": 1080,
        "w": 1920
    },
    "head_pose_angle_6drepnet360": {
        "yaw": -59.1900749206543,
        "pitch": 82.09475708007812,
        "roll": -111.82595825195312
    }
}