{
    "video_name": "cm2023051608",
    "frame_id": 24301,
    "head_bbox": {
        "x0": 952,
        "y0": 355,
        "x1": 994,
        "y1": 407,
        "w": 42,
        "h": 52
    },
    "frame_size": {
        "h": 1080,
        "w": 1920
    },
    "head_pose_angle_6drepnet360": {
        "yaw": -41.11659622192383,
        "pitch": -10.84381103515625,
        "roll": 1.7310891151428223
    }
}