{
    "video_name": "cm2023051608",
    "frame_id": 24401,
    "head_bbox": {
        "x0": 952,
        "y0": 353,
        "x1": 993,
        "y1": 405,
        "w": 41,
        "h": 52
    },
    "frame_size": {
        "h": 1080,
        "w": 1920
    },
    "head_pose_angle_6drepnet360": {
        "yaw": -31.84339714050293,
        "pitch": -1.9318069219589233,
        "roll": -2.7665188312530518
    }
}