{
    "video_name": "cm2023051608",
    "frame_id": 24701,
    "head_bbox": {
        "x0": 590,
        "y0": 345,
        "x1": 633,
        "y1": 395,
        "w": 43,
        "h": 50
    },
    "frame_size": {
        "h": 1080,
        "w": 1920
    },
    "head_pose_angle_6drepnet360": {
        "yaw": -30.03050422668457,
        "pitch": -3.673776388168335,
        "roll": -1.5097311735153198
    }
}