{
    "video_name": "cm2023051608",
    "frame_id": 24901,
    "head_bbox": {
        "x0": 581,
        "y0": 347,
        "x1": 627,
        "y1": 394,
        "w": 46,
        "h": 47
    },
    "frame_size": {
        "h": 1080,
        "w": 1920
    },
    "head_pose_angle_6drepnet360": {
        "yaw": -71.59097290039062,
        "pitch": 133.05511474609375,
        "roll": -149.85894775390625
    }
}