{
    "video_name": "cm2023051608",
    "frame_id": 25001,
    "head_bbox": {
        "x0": 586,
        "y0": 347,
        "x1": 635,
        "y1": 394,
        "w": 49,
        "h": 47
    },
    "frame_size": {
        "h": 1080,
        "w": 1920
    },
    "head_pose_angle_6drepnet360": {
        "yaw": -49.22981643676758,
        "pitch": 146.50033569335938,
        "roll": -178.00193786621094
    }
}