{
    "video_name": "cm2023051608",
    "frame_id": 2501,
    "head_bbox": {
        "x0": 754,
        "y0": 328,
        "x1": 795,
        "y1": 375,
        "w": 41,
        "h": 47
    },
    "frame_size": {
        "h": 1080,
        "w": 1920
    },
    "head_pose_angle_6drepnet360": {
        "yaw": -72.23149871826172,
        "pitch": 28.910274505615234,
        "roll": -39.21445083618164
    }
}