{
    "video_name": "cm2023051608",
    "frame_id": 25101,
    "head_bbox": {
        "x0": 610,
        "y0": 353,
        "x1": 649,
        "y1": 404,
        "w": 39,
        "h": 51
    },
    "frame_size": {
        "h": 1080,
        "w": 1920
    },
    "head_pose_angle_6drepnet360": {
        "yaw": -4.95227575302124,
        "pitch": -12.400575637817383,
        "roll": -1.1582714319229126
    }
}