{
    "video_name": "cm2023051608",
    "frame_id": 25201,
    "head_bbox": {
        "x0": 608,
        "y0": 356,
        "x1": 646,
        "y1": 408,
        "w": 38,
        "h": 52
    },
    "frame_size": {
        "h": 1080,
        "w": 1920
    },
    "head_pose_angle_6drepnet360": {
        "yaw": -13.712974548339844,
        "pitch": -20.638736724853516,
        "roll": 0.8326806426048279
    }
}