{
    "video_name": "cm2023051608",
    "frame_id": 25301,
    "head_bbox": {
        "x0": 602,
        "y0": 355,
        "x1": 642,
        "y1": 409,
        "w": 40,
        "h": 54
    },
    "frame_size": {
        "h": 1080,
        "w": 1920
    },
    "head_pose_angle_6drepnet360": {
        "yaw": -18.592802047729492,
        "pitch": -13.690202713012695,
        "roll": 6.680136680603027
    }
}