{
    "video_name": "cm2023051608",
    "frame_id": 25401,
    "head_bbox": {
        "x0": 738,
        "y0": 342,
        "x1": 783,
        "y1": 388,
        "w": 45,
        "h": 46
    },
    "frame_size": {
        "h": 1080,
        "w": 1920
    },
    "head_pose_angle_6drepnet360": {
        "yaw": -50.66012191772461,
        "pitch": 159.16864013671875,
        "roll": 176.6938934326172
    }
}