{
    "video_name": "cm2023051608",
    "frame_id": 25601,
    "head_bbox": {
        "x0": 832,
        "y0": 337,
        "x1": 869,
        "y1": 375,
        "w": 37,
        "h": 38
    },
    "frame_size": {
        "h": 1080,
        "w": 1920
    },
    "head_pose_angle_6drepnet360": {
        "yaw": -27.735370635986328,
        "pitch": 139.76841735839844,
        "roll": -179.15902709960938
    }
}