{
    "video_name": "cm2023051608",
    "frame_id": 25701,
    "head_bbox": {
        "x0": 882,
        "y0": 333,
        "x1": 920,
        "y1": 379,
        "w": 38,
        "h": 46
    },
    "frame_size": {
        "h": 1080,
        "w": 1920
    },
    "head_pose_angle_6drepnet360": {
        "yaw": -74.47615814208984,
        "pitch": -6.546020984649658,
        "roll": 4.213930130004883
    }
}