{
    "video_name": "cm2023051608",
    "frame_id": 25801,
    "head_bbox": {
        "x0": 750,
        "y0": 340,
        "x1": 789,
        "y1": 386,
        "w": 39,
        "h": 46
    },
    "frame_size": {
        "h": 1080,
        "w": 1920
    },
    "head_pose_angle_6drepnet360": {
        "yaw": -27.8963680267334,
        "pitch": 175.60391235351562,
        "roll": 161.18060302734375
    }
}