{
    "video_name": "cm2023051608",
    "frame_id": 25901,
    "head_bbox": {
        "x0": 833,
        "y0": 334,
        "x1": 870,
        "y1": 376,
        "w": 37,
        "h": 42
    },
    "frame_size": {
        "h": 1080,
        "w": 1920
    },
    "head_pose_angle_6drepnet360": {
        "yaw": -45.59780502319336,
        "pitch": 156.20465087890625,
        "roll": 174.08255004882812
    }
}