{
    "video_name": "cm2023051608",
    "frame_id": 26001,
    "head_bbox": {
        "x0": 888,
        "y0": 332,
        "x1": 929,
        "y1": 376,
        "w": 41,
        "h": 44
    },
    "frame_size": {
        "h": 1080,
        "w": 1920
    },
    "head_pose_angle_6drepnet360": {
        "yaw": -53.68307113647461,
        "pitch": 123.6575927734375,
        "roll": -136.47146606445312
    }
}