{
    "video_name": "cm2023051608",
    "frame_id": 2601,
    "head_bbox": {
        "x0": 763,
        "y0": 337,
        "x1": 803,
        "y1": 385,
        "w": 40,
        "h": 48
    },
    "frame_size": {
        "h": 1080,
        "w": 1920
    },
    "head_pose_angle_6drepnet360": {
        "yaw": -47.55895233154297,
        "pitch": 166.420166015625,
        "roll": -179.60231018066406
    }
}