{
    "video_name": "cm2023051608",
    "frame_id": 26101,
    "head_bbox": {
        "x0": 736,
        "y0": 337,
        "x1": 779,
        "y1": 383,
        "w": 43,
        "h": 46
    },
    "frame_size": {
        "h": 1080,
        "w": 1920
    },
    "head_pose_angle_6drepnet360": {
        "yaw": -53.814300537109375,
        "pitch": 141.17218017578125,
        "roll": -163.54396057128906
    }
}