{
    "video_name": "cm2023051608",
    "frame_id": 26201,
    "head_bbox": {
        "x0": 772,
        "y0": 334,
        "x1": 816,
        "y1": 381,
        "w": 44,
        "h": 47
    },
    "frame_size": {
        "h": 1080,
        "w": 1920
    },
    "head_pose_angle_6drepnet360": {
        "yaw": -37.94302749633789,
        "pitch": 143.71438598632812,
        "roll": -153.31027221679688
    }
}