{
    "video_name": "cm2023051608",
    "frame_id": 26301,
    "head_bbox": {
        "x0": 776,
        "y0": 337,
        "x1": 817,
        "y1": 383,
        "w": 41,
        "h": 46
    },
    "frame_size": {
        "h": 1080,
        "w": 1920
    },
    "head_pose_angle_6drepnet360": {
        "yaw": -39.94047546386719,
        "pitch": 156.14718627929688,
        "roll": -177.6378936767578
    }
}