{
    "video_name": "cm2023051608",
    "frame_id": 26401,
    "head_bbox": {
        "x0": 805,
        "y0": 334,
        "x1": 848,
        "y1": 382,
        "w": 43,
        "h": 48
    },
    "frame_size": {
        "h": 1080,
        "w": 1920
    },
    "head_pose_angle_6drepnet360": {
        "yaw": -55.295005798339844,
        "pitch": 144.5097198486328,
        "roll": -163.42396545410156
    }
}