{
    "video_name": "cm2023051608",
    "frame_id": 26501,
    "head_bbox": {
        "x0": 780,
        "y0": 338,
        "x1": 823,
        "y1": 387,
        "w": 43,
        "h": 49
    },
    "frame_size": {
        "h": 1080,
        "w": 1920
    },
    "head_pose_angle_6drepnet360": {
        "yaw": -51.75497817993164,
        "pitch": 176.31324768066406,
        "roll": 174.25680541992188
    }
}