{
    "video_name": "cm2023051608",
    "frame_id": 26601,
    "head_bbox": {
        "x0": 815,
        "y0": 333,
        "x1": 860,
        "y1": 382,
        "w": 45,
        "h": 49
    },
    "frame_size": {
        "h": 1080,
        "w": 1920
    },
    "head_pose_angle_6drepnet360": {
        "yaw": -62.33241271972656,
        "pitch": 161.7845458984375,
        "roll": -173.58303833007812
    }
}