{
    "video_name": "cm2023051608",
    "frame_id": 26701,
    "head_bbox": {
        "x0": 510,
        "y0": 346,
        "x1": 557,
        "y1": 392,
        "w": 47,
        "h": 46
    },
    "frame_size": {
        "h": 1080,
        "w": 1920
    },
    "head_pose_angle_6drepnet360": {
        "yaw": -41.61890411376953,
        "pitch": -3.9335386753082275,
        "roll": -27.164039611816406
    }
}