{
    "video_name": "cm2023051608",
    "frame_id": 26901,
    "head_bbox": {
        "x0": 610,
        "y0": 356,
        "x1": 648,
        "y1": 407,
        "w": 38,
        "h": 51
    },
    "frame_size": {
        "h": 1080,
        "w": 1920
    },
    "head_pose_angle_6drepnet360": {
        "yaw": -15.896469116210938,
        "pitch": -30.208717346191406,
        "roll": -1.273553729057312
    }
}