{
    "video_name": "cm2023051608",
    "frame_id": 27001,
    "head_bbox": {
        "x0": 612,
        "y0": 359,
        "x1": 648,
        "y1": 406,
        "w": 36,
        "h": 47
    },
    "frame_size": {
        "h": 1080,
        "w": 1920
    },
    "head_pose_angle_6drepnet360": {
        "yaw": -0.6872875094413757,
        "pitch": -17.345922470092773,
        "roll": -8.542304992675781
    }
}