{
    "video_name": "cm2023051608",
    "frame_id": 2701,
    "head_bbox": {
        "x0": 715,
        "y0": 336,
        "x1": 758,
        "y1": 383,
        "w": 43,
        "h": 47
    },
    "frame_size": {
        "h": 1080,
        "w": 1920
    },
    "head_pose_angle_6drepnet360": {
        "yaw": -80.80665588378906,
        "pitch": 124.66737365722656,
        "roll": -131.61485290527344
    }
}