{
    "video_name": "cm2023051608",
    "frame_id": 27101,
    "head_bbox": {
        "x0": 607,
        "y0": 352,
        "x1": 644,
        "y1": 404,
        "w": 37,
        "h": 52
    },
    "frame_size": {
        "h": 1080,
        "w": 1920
    },
    "head_pose_angle_6drepnet360": {
        "yaw": -5.627777576446533,
        "pitch": -14.641714096069336,
        "roll": -6.003091812133789
    }
}