{
    "video_name": "cm2023051608",
    "frame_id": 27201,
    "head_bbox": {
        "x0": 607,
        "y0": 356,
        "x1": 643,
        "y1": 404,
        "w": 36,
        "h": 48
    },
    "frame_size": {
        "h": 1080,
        "w": 1920
    },
    "head_pose_angle_6drepnet360": {
        "yaw": -3.6567137241363525,
        "pitch": -15.82896614074707,
        "roll": -7.241261959075928
    }
}