{
    "video_name": "cm2023051608",
    "frame_id": 27301,
    "head_bbox": {
        "x0": 601,
        "y0": 353,
        "x1": 640,
        "y1": 403,
        "w": 39,
        "h": 50
    },
    "frame_size": {
        "h": 1080,
        "w": 1920
    },
    "head_pose_angle_6drepnet360": {
        "yaw": 3.661468505859375,
        "pitch": -21.080575942993164,
        "roll": -5.599045753479004
    }
}