{
    "video_name": "cm2023051608",
    "frame_id": 27401,
    "head_bbox": {
        "x0": 643,
        "y0": 344,
        "x1": 688,
        "y1": 391,
        "w": 45,
        "h": 47
    },
    "frame_size": {
        "h": 1080,
        "w": 1920
    },
    "head_pose_angle_6drepnet360": {
        "yaw": -69.16926574707031,
        "pitch": 139.83920288085938,
        "roll": -158.53277587890625
    }
}