{
    "video_name": "cm2023051608",
    "frame_id": 27501,
    "head_bbox": {
        "x0": 813,
        "y0": 340,
        "x1": 851,
        "y1": 383,
        "w": 38,
        "h": 43
    },
    "frame_size": {
        "h": 1080,
        "w": 1920
    },
    "head_pose_angle_6drepnet360": {
        "yaw": -41.58840560913086,
        "pitch": 178.54681396484375,
        "roll": 177.86236572265625
    }
}