{
    "video_name": "cm2023051608",
    "frame_id": 27601,
    "head_bbox": {
        "x0": 836,
        "y0": 341,
        "x1": 875,
        "y1": 385,
        "w": 39,
        "h": 44
    },
    "frame_size": {
        "h": 1080,
        "w": 1920
    },
    "head_pose_angle_6drepnet360": {
        "yaw": -45.48748779296875,
        "pitch": 160.7862091064453,
        "roll": 177.09312438964844
    }
}