{
    "video_name": "cm2023051608",
    "frame_id": 27701,
    "head_bbox": {
        "x0": 880,
        "y0": 334,
        "x1": 918,
        "y1": 376,
        "w": 38,
        "h": 42
    },
    "frame_size": {
        "h": 1080,
        "w": 1920
    },
    "head_pose_angle_6drepnet360": {
        "yaw": -63.87228012084961,
        "pitch": 161.83226013183594,
        "roll": 177.20187377929688
    }
}