{
    "video_name": "cm2023051608",
    "frame_id": 27901,
    "head_bbox": {
        "x0": 800,
        "y0": 338,
        "x1": 843,
        "y1": 383,
        "w": 43,
        "h": 45
    },
    "frame_size": {
        "h": 1080,
        "w": 1920
    },
    "head_pose_angle_6drepnet360": {
        "yaw": -62.9154167175293,
        "pitch": 143.99063110351562,
        "roll": -158.20423889160156
    }
}