{
    "video_name": "cm2023051608",
    "frame_id": 2801,
    "head_bbox": {
        "x0": 688,
        "y0": 343,
        "x1": 733,
        "y1": 390,
        "w": 45,
        "h": 47
    },
    "frame_size": {
        "h": 1080,
        "w": 1920
    },
    "head_pose_angle_6drepnet360": {
        "yaw": -72.20465087890625,
        "pitch": 53.24713897705078,
        "roll": -69.00904083251953
    }
}