{
    "video_name": "cm2023051608",
    "frame_id": 28101,
    "head_bbox": {
        "x0": 606,
        "y0": 350,
        "x1": 650,
        "y1": 403,
        "w": 44,
        "h": 53
    },
    "frame_size": {
        "h": 1080,
        "w": 1920
    },
    "head_pose_angle_6drepnet360": {
        "yaw": -21.262340545654297,
        "pitch": -28.476322174072266,
        "roll": 20.332199096679688
    }
}