{
    "video_name": "cm2023051608",
    "frame_id": 28201,
    "head_bbox": {
        "x0": 601,
        "y0": 350,
        "x1": 641,
        "y1": 406,
        "w": 40,
        "h": 56
    },
    "frame_size": {
        "h": 1080,
        "w": 1920
    },
    "head_pose_angle_6drepnet360": {
        "yaw": -16.94818115234375,
        "pitch": -16.591474533081055,
        "roll": 6.674619674682617
    }
}