{
    "video_name": "cm2023051608",
    "frame_id": 28301,
    "head_bbox": {
        "x0": 602,
        "y0": 350,
        "x1": 642,
        "y1": 405,
        "w": 40,
        "h": 55
    },
    "frame_size": {
        "h": 1080,
        "w": 1920
    },
    "head_pose_angle_6drepnet360": {
        "yaw": -15.989519119262695,
        "pitch": -16.696962356567383,
        "roll": 7.589351177215576
    }
}