{
    "video_name": "cm2023051608",
    "frame_id": 28401,
    "head_bbox": {
        "x0": 679,
        "y0": 342,
        "x1": 727,
        "y1": 386,
        "w": 48,
        "h": 44
    },
    "frame_size": {
        "h": 1080,
        "w": 1920
    },
    "head_pose_angle_6drepnet360": {
        "yaw": -58.09383010864258,
        "pitch": 141.9628143310547,
        "roll": -156.69320678710938
    }
}