{
    "video_name": "cm2023051608",
    "frame_id": 28501,
    "head_bbox": {
        "x0": 724,
        "y0": 341,
        "x1": 767,
        "y1": 388,
        "w": 43,
        "h": 47
    },
    "frame_size": {
        "h": 1080,
        "w": 1920
    },
    "head_pose_angle_6drepnet360": {
        "yaw": -46.508609771728516,
        "pitch": 152.49794006347656,
        "roll": 179.25048828125
    }
}