{
    "video_name": "cm2023051608",
    "frame_id": 28601,
    "head_bbox": {
        "x0": 758,
        "y0": 343,
        "x1": 801,
        "y1": 389,
        "w": 43,
        "h": 46
    },
    "frame_size": {
        "h": 1080,
        "w": 1920
    },
    "head_pose_angle_6drepnet360": {
        "yaw": -31.044363021850586,
        "pitch": 164.69517517089844,
        "roll": 178.80479431152344
    }
}