{
    "video_name": "cm2023051608",
    "frame_id": 28801,
    "head_bbox": {
        "x0": 785,
        "y0": 341,
        "x1": 822,
        "y1": 384,
        "w": 37,
        "h": 43
    },
    "frame_size": {
        "h": 1080,
        "w": 1920
    },
    "head_pose_angle_6drepnet360": {
        "yaw": -15.939386367797852,
        "pitch": 169.9927215576172,
        "roll": 172.95542907714844
    }
}