{
    "video_name": "cm2023051608",
    "frame_id": 28901,
    "head_bbox": {
        "x0": 776,
        "y0": 338,
        "x1": 817,
        "y1": 383,
        "w": 41,
        "h": 45
    },
    "frame_size": {
        "h": 1080,
        "w": 1920
    },
    "head_pose_angle_6drepnet360": {
        "yaw": -23.196754455566406,
        "pitch": 160.833740234375,
        "roll": 170.18753051757812
    }
}