{
    "video_name": "cm2023051608",
    "frame_id": 29001,
    "head_bbox": {
        "x0": 788,
        "y0": 339,
        "x1": 825,
        "y1": 383,
        "w": 37,
        "h": 44
    },
    "frame_size": {
        "h": 1080,
        "w": 1920
    },
    "head_pose_angle_6drepnet360": {
        "yaw": -33.60005187988281,
        "pitch": 167.29086303710938,
        "roll": 177.26722717285156
    }
}