{
    "video_name": "cm2023051608",
    "frame_id": 2901,
    "head_bbox": {
        "x0": 703,
        "y0": 343,
        "x1": 744,
        "y1": 393,
        "w": 41,
        "h": 50
    },
    "frame_size": {
        "h": 1080,
        "w": 1920
    },
    "head_pose_angle_6drepnet360": {
        "yaw": -43.0019416809082,
        "pitch": -3.2501301765441895,
        "roll": -13.59036636352539
    }
}