{
    "video_name": "cm2023051608",
    "frame_id": 29101,
    "head_bbox": {
        "x0": 788,
        "y0": 344,
        "x1": 827,
        "y1": 388,
        "w": 39,
        "h": 44
    },
    "frame_size": {
        "h": 1080,
        "w": 1920
    },
    "head_pose_angle_6drepnet360": {
        "yaw": -37.774845123291016,
        "pitch": 170.63621520996094,
        "roll": 170.4252166748047
    }
}