{
    "video_name": "cm2023051608",
    "frame_id": 29201,
    "head_bbox": {
        "x0": 774,
        "y0": 343,
        "x1": 816,
        "y1": 388,
        "w": 42,
        "h": 45
    },
    "frame_size": {
        "h": 1080,
        "w": 1920
    },
    "head_pose_angle_6drepnet360": {
        "yaw": -44.049381256103516,
        "pitch": 145.5487518310547,
        "roll": 179.7982635498047
    }
}