{
    "video_name": "cm2023051608",
    "frame_id": 29401,
    "head_bbox": {
        "x0": 613,
        "y0": 349,
        "x1": 654,
        "y1": 401,
        "w": 41,
        "h": 52
    },
    "frame_size": {
        "h": 1080,
        "w": 1920
    },
    "head_pose_angle_6drepnet360": {
        "yaw": -28.668746948242188,
        "pitch": -22.134666442871094,
        "roll": 13.881546974182129
    }
}