{
    "video_name": "cm2023051608",
    "frame_id": 29501,
    "head_bbox": {
        "x0": 612,
        "y0": 350,
        "x1": 652,
        "y1": 402,
        "w": 40,
        "h": 52
    },
    "frame_size": {
        "h": 1080,
        "w": 1920
    },
    "head_pose_angle_6drepnet360": {
        "yaw": -18.34862518310547,
        "pitch": -19.907062530517578,
        "roll": 9.217825889587402
    }
}