{
    "video_name": "cm2023051608",
    "frame_id": 29601,
    "head_bbox": {
        "x0": 610,
        "y0": 351,
        "x1": 649,
        "y1": 402,
        "w": 39,
        "h": 51
    },
    "frame_size": {
        "h": 1080,
        "w": 1920
    },
    "head_pose_angle_6drepnet360": {
        "yaw": -7.108231544494629,
        "pitch": -12.995898246765137,
        "roll": 0.41776183247566223
    }
}