{
    "video_name": "cm2023051608",
    "frame_id": 29701,
    "head_bbox": {
        "x0": 606,
        "y0": 356,
        "x1": 644,
        "y1": 406,
        "w": 38,
        "h": 50
    },
    "frame_size": {
        "h": 1080,
        "w": 1920
    },
    "head_pose_angle_6drepnet360": {
        "yaw": 1.2139836549758911,
        "pitch": -12.790472984313965,
        "roll": -4.47373628616333
    }
}