{
    "video_name": "cm2023051608",
    "frame_id": 29801,
    "head_bbox": {
        "x0": 611,
        "y0": 350,
        "x1": 652,
        "y1": 404,
        "w": 41,
        "h": 54
    },
    "frame_size": {
        "h": 1080,
        "w": 1920
    },
    "head_pose_angle_6drepnet360": {
        "yaw": -27.20469856262207,
        "pitch": -18.084020614624023,
        "roll": -2.1378982067108154
    }
}