{
    "video_name": "cm2023051608",
    "frame_id": 29901,
    "head_bbox": {
        "x0": 841,
        "y0": 340,
        "x1": 877,
        "y1": 381,
        "w": 36,
        "h": 41
    },
    "frame_size": {
        "h": 1080,
        "w": 1920
    },
    "head_pose_angle_6drepnet360": {
        "yaw": -22.476131439208984,
        "pitch": 158.37850952148438,
        "roll": 171.1080780029297
    }
}