{
    "video_name": "cm2023051608",
    "frame_id": 30001,
    "head_bbox": {
        "x0": 818,
        "y0": 341,
        "x1": 852,
        "y1": 381,
        "w": 34,
        "h": 40
    },
    "frame_size": {
        "h": 1080,
        "w": 1920
    },
    "head_pose_angle_6drepnet360": {
        "yaw": -27.315725326538086,
        "pitch": 172.0426025390625,
        "roll": 164.17349243164062
    }
}