{
    "video_name": "cm2023051608",
    "frame_id": 3001,
    "head_bbox": {
        "x0": 699,
        "y0": 338,
        "x1": 740,
        "y1": 389,
        "w": 41,
        "h": 51
    },
    "frame_size": {
        "h": 1080,
        "w": 1920
    },
    "head_pose_angle_6drepnet360": {
        "yaw": -68.26190948486328,
        "pitch": 11.725380897521973,
        "roll": -20.681163787841797
    }
}