{
    "video_name": "cm2023051608",
    "frame_id": 301,
    "head_bbox": {
        "x0": 737,
        "y0": 334,
        "x1": 780,
        "y1": 383,
        "w": 43,
        "h": 49
    },
    "frame_size": {
        "h": 1080,
        "w": 1920
    },
    "head_pose_angle_6drepnet360": {
        "yaw": -74.61559295654297,
        "pitch": 154.43324279785156,
        "roll": -160.43951416015625
    }
}