{
    "video_name": "cm2023051608",
    "frame_id": 30101,
    "head_bbox": {
        "x0": 820,
        "y0": 342,
        "x1": 857,
        "y1": 385,
        "w": 37,
        "h": 43
    },
    "frame_size": {
        "h": 1080,
        "w": 1920
    },
    "head_pose_angle_6drepnet360": {
        "yaw": -24.764097213745117,
        "pitch": 161.727783203125,
        "roll": 166.50868225097656
    }
}