{
    "video_name": "cm2023051608",
    "frame_id": 30201,
    "head_bbox": {
        "x0": 908,
        "y0": 334,
        "x1": 945,
        "y1": 377,
        "w": 37,
        "h": 43
    },
    "frame_size": {
        "h": 1080,
        "w": 1920
    },
    "head_pose_angle_6drepnet360": {
        "yaw": -59.127803802490234,
        "pitch": 160.16107177734375,
        "roll": 172.8798370361328
    }
}