{
    "video_name": "cm2023051608",
    "frame_id": 30301,
    "head_bbox": {
        "x0": 972,
        "y0": 334,
        "x1": 1006,
        "y1": 375,
        "w": 34,
        "h": 41
    },
    "frame_size": {
        "h": 1080,
        "w": 1920
    },
    "head_pose_angle_6drepnet360": {
        "yaw": -8.141141891479492,
        "pitch": 179.01280212402344,
        "roll": 172.0468292236328
    }
}