{
    "video_name": "cm2023051608",
    "frame_id": 30401,
    "head_bbox": {
        "x0": 722,
        "y0": 334,
        "x1": 763,
        "y1": 379,
        "w": 41,
        "h": 45
    },
    "frame_size": {
        "h": 1080,
        "w": 1920
    },
    "head_pose_angle_6drepnet360": {
        "yaw": -87.15016174316406,
        "pitch": 150.52813720703125,
        "roll": -154.44252014160156
    }
}