{
    "video_name": "cm2023051608",
    "frame_id": 30501,
    "head_bbox": {
        "x0": 723,
        "y0": 332,
        "x1": 763,
        "y1": 378,
        "w": 40,
        "h": 46
    },
    "frame_size": {
        "h": 1080,
        "w": 1920
    },
    "head_pose_angle_6drepnet360": {
        "yaw": -82.28301239013672,
        "pitch": 141.85311889648438,
        "roll": -144.865966796875
    }
}