{
    "video_name": "cm2023051608",
    "frame_id": 30701,
    "head_bbox": {
        "x0": 627,
        "y0": 355,
        "x1": 664,
        "y1": 405,
        "w": 37,
        "h": 50
    },
    "frame_size": {
        "h": 1080,
        "w": 1920
    },
    "head_pose_angle_6drepnet360": {
        "yaw": 0.48929280042648315,
        "pitch": -14.247254371643066,
        "roll": -3.7939720153808594
    }
}