{
    "video_name": "cm2023051608",
    "frame_id": 30801,
    "head_bbox": {
        "x0": 605,
        "y0": 351,
        "x1": 644,
        "y1": 405,
        "w": 39,
        "h": 54
    },
    "frame_size": {
        "h": 1080,
        "w": 1920
    },
    "head_pose_angle_6drepnet360": {
        "yaw": -5.659130096435547,
        "pitch": -8.64254093170166,
        "roll": -1.7378475666046143
    }
}