{
    "video_name": "cm2023051608",
    "frame_id": 31001,
    "head_bbox": {
        "x0": 709,
        "y0": 340,
        "x1": 754,
        "y1": 389,
        "w": 45,
        "h": 49
    },
    "frame_size": {
        "h": 1080,
        "w": 1920
    },
    "head_pose_angle_6drepnet360": {
        "yaw": -80.17715454101562,
        "pitch": 106.80693817138672,
        "roll": -129.8035888671875
    }
}