{
    "video_name": "cm2023051608",
    "frame_id": 31101,
    "head_bbox": {
        "x0": 776,
        "y0": 335,
        "x1": 817,
        "y1": 381,
        "w": 41,
        "h": 46
    },
    "frame_size": {
        "h": 1080,
        "w": 1920
    },
    "head_pose_angle_6drepnet360": {
        "yaw": -86.78782653808594,
        "pitch": 36.327476501464844,
        "roll": -38.81635284423828
    }
}