{
    "video_name": "cm2023051608",
    "frame_id": 31201,
    "head_bbox": {
        "x0": 694,
        "y0": 337,
        "x1": 740,
        "y1": 386,
        "w": 46,
        "h": 49
    },
    "frame_size": {
        "h": 1080,
        "w": 1920
    },
    "head_pose_angle_6drepnet360": {
        "yaw": -64.75923156738281,
        "pitch": 115.67210388183594,
        "roll": -130.57003784179688
    }
}