{
    "video_name": "cm2023051608",
    "frame_id": 31401,
    "head_bbox": {
        "x0": 613,
        "y0": 360,
        "x1": 651,
        "y1": 408,
        "w": 38,
        "h": 48
    },
    "frame_size": {
        "h": 1080,
        "w": 1920
    },
    "head_pose_angle_6drepnet360": {
        "yaw": -2.789565324783325,
        "pitch": -22.567474365234375,
        "roll": -6.59000825881958
    }
}