{
    "video_name": "cm2023051608",
    "frame_id": 31501,
    "head_bbox": {
        "x0": 616,
        "y0": 355,
        "x1": 656,
        "y1": 411,
        "w": 40,
        "h": 56
    },
    "frame_size": {
        "h": 1080,
        "w": 1920
    },
    "head_pose_angle_6drepnet360": {
        "yaw": 0.41486960649490356,
        "pitch": -19.08233070373535,
        "roll": -1.331423282623291
    }
}