{
    "video_name": "cm2023051608",
    "frame_id": 31601,
    "head_bbox": {
        "x0": 609,
        "y0": 348,
        "x1": 649,
        "y1": 393,
        "w": 40,
        "h": 45
    },
    "frame_size": {
        "h": 1080,
        "w": 1920
    },
    "head_pose_angle_6drepnet360": {
        "yaw": -60.24751281738281,
        "pitch": 5.265974044799805,
        "roll": -10.166380882263184
    }
}