{
    "video_name": "cm2023051608",
    "frame_id": 31901,
    "head_bbox": {
        "x0": 787,
        "y0": 351,
        "x1": 830,
        "y1": 398,
        "w": 43,
        "h": 47
    },
    "frame_size": {
        "h": 1080,
        "w": 1920
    },
    "head_pose_angle_6drepnet360": {
        "yaw": -56.318756103515625,
        "pitch": 148.47999572753906,
        "roll": -171.86044311523438
    }
}