{
    "video_name": "cm2023051608",
    "frame_id": 32001,
    "head_bbox": {
        "x0": 620,
        "y0": 341,
        "x1": 669,
        "y1": 386,
        "w": 49,
        "h": 45
    },
    "frame_size": {
        "h": 1080,
        "w": 1920
    },
    "head_pose_angle_6drepnet360": {
        "yaw": -57.68716049194336,
        "pitch": 109.27879333496094,
        "roll": -136.3959503173828
    }
}