{
    "video_name": "cm2023051608",
    "frame_id": 32201,
    "head_bbox": {
        "x0": 603,
        "y0": 343,
        "x1": 643,
        "y1": 396,
        "w": 40,
        "h": 53
    },
    "frame_size": {
        "h": 1080,
        "w": 1920
    },
    "head_pose_angle_6drepnet360": {
        "yaw": -22.487607955932617,
        "pitch": -11.95226001739502,
        "roll": 8.329365730285645
    }
}