{
    "video_name": "cm2023051608",
    "frame_id": 32501,
    "head_bbox": {
        "x0": 654,
        "y0": 340,
        "x1": 701,
        "y1": 387,
        "w": 47,
        "h": 47
    },
    "frame_size": {
        "h": 1080,
        "w": 1920
    },
    "head_pose_angle_6drepnet360": {
        "yaw": -56.94024658203125,
        "pitch": 120.32892608642578,
        "roll": -142.24815368652344
    }
}