{
    "video_name": "cm2023051608",
    "frame_id": 32801,
    "head_bbox": {
        "x0": 761,
        "y0": 338,
        "x1": 803,
        "y1": 380,
        "w": 42,
        "h": 42
    },
    "frame_size": {
        "h": 1080,
        "w": 1920
    },
    "head_pose_angle_6drepnet360": {
        "yaw": -49.94493865966797,
        "pitch": 148.87908935546875,
        "roll": -160.07562255859375
    }
}