{
    "video_name": "cm2023051608",
    "frame_id": 32901,
    "head_bbox": {
        "x0": 574,
        "y0": 347,
        "x1": 622,
        "y1": 397,
        "w": 48,
        "h": 50
    },
    "frame_size": {
        "h": 1080,
        "w": 1920
    },
    "head_pose_angle_6drepnet360": {
        "yaw": -57.63731384277344,
        "pitch": 123.99095916748047,
        "roll": -141.9918670654297
    }
}