{
    "video_name": "cm2023051608",
    "frame_id": 33001,
    "head_bbox": {
        "x0": 611,
        "y0": 341,
        "x1": 650,
        "y1": 395,
        "w": 39,
        "h": 54
    },
    "frame_size": {
        "h": 1080,
        "w": 1920
    },
    "head_pose_angle_6drepnet360": {
        "yaw": -11.56116771697998,
        "pitch": -10.563626289367676,
        "roll": 3.589444160461426
    }
}