{
    "video_name": "cm2023051608",
    "frame_id": 33101,
    "head_bbox": {
        "x0": 613,
        "y0": 348,
        "x1": 651,
        "y1": 398,
        "w": 38,
        "h": 50
    },
    "frame_size": {
        "h": 1080,
        "w": 1920
    },
    "head_pose_angle_6drepnet360": {
        "yaw": -11.926711082458496,
        "pitch": -10.612981796264648,
        "roll": 4.8748626708984375
    }
}