{
    "video_name": "cm2023051608",
    "frame_id": 33201,
    "head_bbox": {
        "x0": 640,
        "y0": 347,
        "x1": 687,
        "y1": 396,
        "w": 47,
        "h": 49
    },
    "frame_size": {
        "h": 1080,
        "w": 1920
    },
    "head_pose_angle_6drepnet360": {
        "yaw": -66.30470275878906,
        "pitch": 152.86569213867188,
        "roll": 178.6829071044922
    }
}