{
    "video_name": "cm2023051608",
    "frame_id": 33301,
    "head_bbox": {
        "x0": 934,
        "y0": 330,
        "x1": 978,
        "y1": 373,
        "w": 44,
        "h": 43
    },
    "frame_size": {
        "h": 1080,
        "w": 1920
    },
    "head_pose_angle_6drepnet360": {
        "yaw": -61.58277130126953,
        "pitch": 89.39837646484375,
        "roll": -102.68339538574219
    }
}