{
    "video_name": "cm2023051608",
    "frame_id": 33401,
    "head_bbox": {
        "x0": 831,
        "y0": 342,
        "x1": 875,
        "y1": 388,
        "w": 44,
        "h": 46
    },
    "frame_size": {
        "h": 1080,
        "w": 1920
    },
    "head_pose_angle_6drepnet360": {
        "yaw": -52.970603942871094,
        "pitch": 133.40170288085938,
        "roll": -150.79254150390625
    }
}