{
    "video_name": "cm2023051608",
    "frame_id": 33701,
    "head_bbox": {
        "x0": 706,
        "y0": 344,
        "x1": 750,
        "y1": 386,
        "w": 44,
        "h": 42
    },
    "frame_size": {
        "h": 1080,
        "w": 1920
    },
    "head_pose_angle_6drepnet360": {
        "yaw": -71.12797546386719,
        "pitch": 111.54679107666016,
        "roll": -128.6984100341797
    }
}