{
    "video_name": "cm2023051608",
    "frame_id": 33901,
    "head_bbox": {
        "x0": 831,
        "y0": 334,
        "x1": 871,
        "y1": 381,
        "w": 40,
        "h": 47
    },
    "frame_size": {
        "h": 1080,
        "w": 1920
    },
    "head_pose_angle_6drepnet360": {
        "yaw": -45.410125732421875,
        "pitch": 146.7697296142578,
        "roll": -155.30166625976562
    }
}