{
    "video_name": "cm2023051608",
    "frame_id": 34501,
    "head_bbox": {
        "x0": 592,
        "y0": 343,
        "x1": 634,
        "y1": 396,
        "w": 42,
        "h": 53
    },
    "frame_size": {
        "h": 1080,
        "w": 1920
    },
    "head_pose_angle_6drepnet360": {
        "yaw": -25.214542388916016,
        "pitch": -15.414997100830078,
        "roll": 1.7610024213790894
    }
}