{
    "video_name": "cm2023051608",
    "frame_id": 34601,
    "head_bbox": {
        "x0": 871,
        "y0": 341,
        "x1": 910,
        "y1": 388,
        "w": 39,
        "h": 47
    },
    "frame_size": {
        "h": 1080,
        "w": 1920
    },
    "head_pose_angle_6drepnet360": {
        "yaw": -79.91681671142578,
        "pitch": 29.561830520629883,
        "roll": -37.77495574951172
    }
}