{
    "video_name": "cm2023051608",
    "frame_id": 34801,
    "head_bbox": {
        "x0": 611,
        "y0": 352,
        "x1": 649,
        "y1": 403,
        "w": 38,
        "h": 51
    },
    "frame_size": {
        "h": 1080,
        "w": 1920
    },
    "head_pose_angle_6drepnet360": {
        "yaw": -0.3019014894962311,
        "pitch": -13.563446044921875,
        "roll": -5.4809064865112305
    }
}