{
    "video_name": "cm2023051608",
    "frame_id": 35001,
    "head_bbox": {
        "x0": 606,
        "y0": 352,
        "x1": 644,
        "y1": 403,
        "w": 38,
        "h": 51
    },
    "frame_size": {
        "h": 1080,
        "w": 1920
    },
    "head_pose_angle_6drepnet360": {
        "yaw": -4.194027900695801,
        "pitch": -14.080690383911133,
        "roll": -1.4555670022964478
    }
}