{
    "video_name": "cm2023051608",
    "frame_id": 3501,
    "head_bbox": {
        "x0": 656,
        "y0": 341,
        "x1": 701,
        "y1": 387,
        "w": 45,
        "h": 46
    },
    "frame_size": {
        "h": 1080,
        "w": 1920
    },
    "head_pose_angle_6drepnet360": {
        "yaw": -70.45620727539062,
        "pitch": 26.337982177734375,
        "roll": -37.081424713134766
    }
}