{
    "video_name": "cm2023051608",
    "frame_id": 35101,
    "head_bbox": {
        "x0": 606,
        "y0": 354,
        "x1": 645,
        "y1": 407,
        "w": 39,
        "h": 53
    },
    "frame_size": {
        "h": 1080,
        "w": 1920
    },
    "head_pose_angle_6drepnet360": {
        "yaw": -10.429430961608887,
        "pitch": -16.350921630859375,
        "roll": -4.483115196228027
    }
}