{
    "video_name": "cm2023051608",
    "frame_id": 35201,
    "head_bbox": {
        "x0": 667,
        "y0": 339,
        "x1": 714,
        "y1": 381,
        "w": 47,
        "h": 42
    },
    "frame_size": {
        "h": 1080,
        "w": 1920
    },
    "head_pose_angle_6drepnet360": {
        "yaw": -50.78248977661133,
        "pitch": 148.50831604003906,
        "roll": -162.5656280517578
    }
}