{
    "video_name": "cm2023051608",
    "frame_id": 35301,
    "head_bbox": {
        "x0": 725,
        "y0": 343,
        "x1": 770,
        "y1": 391,
        "w": 45,
        "h": 48
    },
    "frame_size": {
        "h": 1080,
        "w": 1920
    },
    "head_pose_angle_6drepnet360": {
        "yaw": -72.3980484008789,
        "pitch": 133.62042236328125,
        "roll": -142.83724975585938
    }
}