{
    "video_name": "cm2023051608",
    "frame_id": 35401,
    "head_bbox": {
        "x0": 721,
        "y0": 345,
        "x1": 767,
        "y1": 392,
        "w": 46,
        "h": 47
    },
    "frame_size": {
        "h": 1080,
        "w": 1920
    },
    "head_pose_angle_6drepnet360": {
        "yaw": -61.53989791870117,
        "pitch": 134.93931579589844,
        "roll": -158.2378387451172
    }
}