{
    "video_name": "cm2023051608",
    "frame_id": 35501,
    "head_bbox": {
        "x0": 711,
        "y0": 343,
        "x1": 756,
        "y1": 389,
        "w": 45,
        "h": 46
    },
    "frame_size": {
        "h": 1080,
        "w": 1920
    },
    "head_pose_angle_6drepnet360": {
        "yaw": -50.05292892456055,
        "pitch": 156.92626953125,
        "roll": -177.84201049804688
    }
}