{
    "video_name": "cm2023051608",
    "frame_id": 35601,
    "head_bbox": {
        "x0": 591,
        "y0": 342,
        "x1": 631,
        "y1": 396,
        "w": 40,
        "h": 54
    },
    "frame_size": {
        "h": 1080,
        "w": 1920
    },
    "head_pose_angle_6drepnet360": {
        "yaw": -18.689884185791016,
        "pitch": -16.347436904907227,
        "roll": 1.245821475982666
    }
}