{
    "video_name": "cm2023051608",
    "frame_id": 35801,
    "head_bbox": {
        "x0": 573,
        "y0": 346,
        "x1": 615,
        "y1": 397,
        "w": 42,
        "h": 51
    },
    "frame_size": {
        "h": 1080,
        "w": 1920
    },
    "head_pose_angle_6drepnet360": {
        "yaw": -39.261905670166016,
        "pitch": -15.634393692016602,
        "roll": 2.7693960666656494
    }
}