{
    "video_name": "cm2023051608",
    "frame_id": 35901,
    "head_bbox": {
        "x0": 597,
        "y0": 344,
        "x1": 636,
        "y1": 394,
        "w": 39,
        "h": 50
    },
    "frame_size": {
        "h": 1080,
        "w": 1920
    },
    "head_pose_angle_6drepnet360": {
        "yaw": -16.458288192749023,
        "pitch": -11.801376342773438,
        "roll": -2.626208543777466
    }
}