{
    "video_name": "cm2023051608",
    "frame_id": 36001,
    "head_bbox": {
        "x0": 624,
        "y0": 344,
        "x1": 673,
        "y1": 387,
        "w": 49,
        "h": 43
    },
    "frame_size": {
        "h": 1080,
        "w": 1920
    },
    "head_pose_angle_6drepnet360": {
        "yaw": -65.1332015991211,
        "pitch": 108.20832824707031,
        "roll": -126.84188079833984
    }
}