{
    "video_name": "cm2023051608",
    "frame_id": 3601,
    "head_bbox": {
        "x0": 607,
        "y0": 356,
        "x1": 646,
        "y1": 408,
        "w": 39,
        "h": 52
    },
    "frame_size": {
        "h": 1080,
        "w": 1920
    },
    "head_pose_angle_6drepnet360": {
        "yaw": -6.572312355041504,
        "pitch": -17.05617332458496,
        "roll": -4.788125038146973
    }
}