{
    "video_name": "cm2023051608",
    "frame_id": 36201,
    "head_bbox": {
        "x0": 785,
        "y0": 336,
        "x1": 829,
        "y1": 382,
        "w": 44,
        "h": 46
    },
    "frame_size": {
        "h": 1080,
        "w": 1920
    },
    "head_pose_angle_6drepnet360": {
        "yaw": -50.883609771728516,
        "pitch": 131.95689392089844,
        "roll": -152.3904266357422
    }
}