{
    "video_name": "cm2023051608",
    "frame_id": 36501,
    "head_bbox": {
        "x0": 761,
        "y0": 338,
        "x1": 804,
        "y1": 382,
        "w": 43,
        "h": 44
    },
    "frame_size": {
        "h": 1080,
        "w": 1920
    },
    "head_pose_angle_6drepnet360": {
        "yaw": -39.48591995239258,
        "pitch": 157.089599609375,
        "roll": -172.1540985107422
    }
}