{
    "video_name": "cm2023051608",
    "frame_id": 36701,
    "head_bbox": {
        "x0": 776,
        "y0": 332,
        "x1": 814,
        "y1": 380,
        "w": 38,
        "h": 48
    },
    "frame_size": {
        "h": 1080,
        "w": 1920
    },
    "head_pose_angle_6drepnet360": {
        "yaw": 14.192673683166504,
        "pitch": 0.25908181071281433,
        "roll": 5.038241386413574
    }
}