{
    "video_name": "cm2023051608",
    "frame_id": 36801,
    "head_bbox": {
        "x0": 767,
        "y0": 333,
        "x1": 805,
        "y1": 379,
        "w": 38,
        "h": 46
    },
    "frame_size": {
        "h": 1080,
        "w": 1920
    },
    "head_pose_angle_6drepnet360": {
        "yaw": 23.167940139770508,
        "pitch": 1.8954116106033325,
        "roll": 0.9715150594711304
    }
}