{
    "video_name": "cm2023051608",
    "frame_id": 3701,
    "head_bbox": {
        "x0": 618,
        "y0": 363,
        "x1": 661,
        "y1": 416,
        "w": 43,
        "h": 53
    },
    "frame_size": {
        "h": 1080,
        "w": 1920
    },
    "head_pose_angle_6drepnet360": {
        "yaw": -37.05196762084961,
        "pitch": -42.29513168334961,
        "roll": 13.879165649414062
    }
}