{
    "video_name": "cm2023051608",
    "frame_id": 37201,
    "head_bbox": {
        "x0": 736,
        "y0": 340,
        "x1": 778,
        "y1": 391,
        "w": 42,
        "h": 51
    },
    "frame_size": {
        "h": 1080,
        "w": 1920
    },
    "head_pose_angle_6drepnet360": {
        "yaw": -51.01345443725586,
        "pitch": 10.235221862792969,
        "roll": -17.946121215820312
    }
}