{
    "video_name": "cm2023051608",
    "frame_id": 37301,
    "head_bbox": {
        "x0": 733,
        "y0": 342,
        "x1": 774,
        "y1": 392,
        "w": 41,
        "h": 50
    },
    "frame_size": {
        "h": 1080,
        "w": 1920
    },
    "head_pose_angle_6drepnet360": {
        "yaw": -5.228013038635254,
        "pitch": 1.9961955547332764,
        "roll": -1.10629403591156
    }
}