{
    "video_name": "cm2023051608",
    "frame_id": 37401,
    "head_bbox": {
        "x0": 735,
        "y0": 340,
        "x1": 776,
        "y1": 389,
        "w": 41,
        "h": 49
    },
    "frame_size": {
        "h": 1080,
        "w": 1920
    },
    "head_pose_angle_6drepnet360": {
        "yaw": -44.74692916870117,
        "pitch": 1.6582872867584229,
        "roll": -2.9208483695983887
    }
}