{
    "video_name": "cm2023051608",
    "frame_id": 37701,
    "head_bbox": {
        "x0": 727,
        "y0": 344,
        "x1": 768,
        "y1": 392,
        "w": 41,
        "h": 48
    },
    "frame_size": {
        "h": 1080,
        "w": 1920
    },
    "head_pose_angle_6drepnet360": {
        "yaw": -67.9007568359375,
        "pitch": 178.79559326171875,
        "roll": 170.6333465576172
    }
}