{
    "video_name": "cm2023051608",
    "frame_id": 3801,
    "head_bbox": {
        "x0": 600,
        "y0": 348,
        "x1": 641,
        "y1": 398,
        "w": 41,
        "h": 50
    },
    "frame_size": {
        "h": 1080,
        "w": 1920
    },
    "head_pose_angle_6drepnet360": {
        "yaw": -13.333897590637207,
        "pitch": -12.65645694732666,
        "roll": -5.926781177520752
    }
}