{
    "video_name": "cm2023051608",
    "frame_id": 38601,
    "head_bbox": {
        "x0": 763,
        "y0": 341,
        "x1": 804,
        "y1": 389,
        "w": 41,
        "h": 48
    },
    "frame_size": {
        "h": 1080,
        "w": 1920
    },
    "head_pose_angle_6drepnet360": {
        "yaw": -58.731388092041016,
        "pitch": 174.49317932128906,
        "roll": 173.35147094726562
    }
}