{
    "video_name": "cm2023051608",
    "frame_id": 38901,
    "head_bbox": {
        "x0": 753,
        "y0": 337,
        "x1": 792,
        "y1": 382,
        "w": 39,
        "h": 45
    },
    "frame_size": {
        "h": 1080,
        "w": 1920
    },
    "head_pose_angle_6drepnet360": {
        "yaw": -32.58688735961914,
        "pitch": 4.604052543640137,
        "roll": -3.154907703399658
    }
}