{
    "video_name": "cm2023051608",
    "frame_id": 39001,
    "head_bbox": {
        "x0": 774,
        "y0": 336,
        "x1": 812,
        "y1": 379,
        "w": 38,
        "h": 43
    },
    "frame_size": {
        "h": 1080,
        "w": 1920
    },
    "head_pose_angle_6drepnet360": {
        "yaw": -9.760251998901367,
        "pitch": 8.445612907409668,
        "roll": 0.20681005716323853
    }
}