{
    "video_name": "cm2023051608",
    "frame_id": 3901,
    "head_bbox": {
        "x0": 579,
        "y0": 354,
        "x1": 621,
        "y1": 402,
        "w": 42,
        "h": 48
    },
    "frame_size": {
        "h": 1080,
        "w": 1920
    },
    "head_pose_angle_6drepnet360": {
        "yaw": -25.012414932250977,
        "pitch": -22.20512580871582,
        "roll": -4.319641590118408
    }
}