{
    "video_name": "cm2023051608",
    "frame_id": 39101,
    "head_bbox": {
        "x0": 770,
        "y0": 333,
        "x1": 810,
        "y1": 379,
        "w": 40,
        "h": 46
    },
    "frame_size": {
        "h": 1080,
        "w": 1920
    },
    "head_pose_angle_6drepnet360": {
        "yaw": -49.680198669433594,
        "pitch": 6.962923526763916,
        "roll": -16.987464904785156
    }
}