{
    "video_name": "cm2023051608",
    "frame_id": 39401,
    "head_bbox": {
        "x0": 742,
        "y0": 335,
        "x1": 783,
        "y1": 382,
        "w": 41,
        "h": 47
    },
    "frame_size": {
        "h": 1080,
        "w": 1920
    },
    "head_pose_angle_6drepnet360": {
        "yaw": -45.49087905883789,
        "pitch": 9.315532684326172,
        "roll": -16.599559783935547
    }
}