{
    "video_name": "cm2023051608",
    "frame_id": 39501,
    "head_bbox": {
        "x0": 772,
        "y0": 335,
        "x1": 813,
        "y1": 376,
        "w": 41,
        "h": 41
    },
    "frame_size": {
        "h": 1080,
        "w": 1920
    },
    "head_pose_angle_6drepnet360": {
        "yaw": -49.27610778808594,
        "pitch": 155.7112274169922,
        "roll": -164.2841339111328
    }
}