{
    "video_name": "cm2023051608",
    "frame_id": 39601,
    "head_bbox": {
        "x0": 569,
        "y0": 341,
        "x1": 611,
        "y1": 387,
        "w": 42,
        "h": 46
    },
    "frame_size": {
        "h": 1080,
        "w": 1920
    },
    "head_pose_angle_6drepnet360": {
        "yaw": 8.357293128967285,
        "pitch": 1.587282657623291,
        "roll": 0.06201484054327011
    }
}