{
    "video_name": "cm2023051608",
    "frame_id": 39701,
    "head_bbox": {
        "x0": 580,
        "y0": 342,
        "x1": 622,
        "y1": 386,
        "w": 42,
        "h": 44
    },
    "frame_size": {
        "h": 1080,
        "w": 1920
    },
    "head_pose_angle_6drepnet360": {
        "yaw": -37.66400146484375,
        "pitch": 8.831884384155273,
        "roll": -13.51967716217041
    }
}