{
    "video_name": "cm2023051608",
    "frame_id": 39801,
    "head_bbox": {
        "x0": 581,
        "y0": 346,
        "x1": 623,
        "y1": 396,
        "w": 42,
        "h": 50
    },
    "frame_size": {
        "h": 1080,
        "w": 1920
    },
    "head_pose_angle_6drepnet360": {
        "yaw": -45.477561950683594,
        "pitch": -9.506307601928711,
        "roll": -2.104071855545044
    }
}