{
    "video_name": "cm2023051608",
    "frame_id": 40001,
    "head_bbox": {
        "x0": 587,
        "y0": 346,
        "x1": 626,
        "y1": 396,
        "w": 39,
        "h": 50
    },
    "frame_size": {
        "h": 1080,
        "w": 1920
    },
    "head_pose_angle_6drepnet360": {
        "yaw": -19.20747184753418,
        "pitch": -12.133747100830078,
        "roll": -3.7350590229034424
    }
}