{
    "video_name": "cm2023051608",
    "frame_id": 401,
    "head_bbox": {
        "x0": 611,
        "y0": 357,
        "x1": 650,
        "y1": 406,
        "w": 39,
        "h": 49
    },
    "frame_size": {
        "h": 1080,
        "w": 1920
    },
    "head_pose_angle_6drepnet360": {
        "yaw": -20.3784236907959,
        "pitch": -23.935216903686523,
        "roll": -11.729944229125977
    }
}