{
    "video_name": "cm2023051608",
    "frame_id": 40101,
    "head_bbox": {
        "x0": 608,
        "y0": 350,
        "x1": 646,
        "y1": 401,
        "w": 38,
        "h": 51
    },
    "frame_size": {
        "h": 1080,
        "w": 1920
    },
    "head_pose_angle_6drepnet360": {
        "yaw": -5.876814365386963,
        "pitch": -12.946593284606934,
        "roll": -3.4107859134674072
    }
}