{
    "video_name": "cm2023051608",
    "frame_id": 40201,
    "head_bbox": {
        "x0": 610,
        "y0": 353,
        "x1": 649,
        "y1": 406,
        "w": 39,
        "h": 53
    },
    "frame_size": {
        "h": 1080,
        "w": 1920
    },
    "head_pose_angle_6drepnet360": {
        "yaw": -5.66630220413208,
        "pitch": -12.989688873291016,
        "roll": -2.795250177383423
    }
}