{
    "video_name": "cm2023051608",
    "frame_id": 40301,
    "head_bbox": {
        "x0": 608,
        "y0": 349,
        "x1": 648,
        "y1": 404,
        "w": 40,
        "h": 55
    },
    "frame_size": {
        "h": 1080,
        "w": 1920
    },
    "head_pose_angle_6drepnet360": {
        "yaw": -20.946455001831055,
        "pitch": -14.534795761108398,
        "roll": 1.5956095457077026
    }
}