{
    "video_name": "cm2023051608",
    "frame_id": 40401,
    "head_bbox": {
        "x0": 806,
        "y0": 346,
        "x1": 843,
        "y1": 391,
        "w": 37,
        "h": 45
    },
    "frame_size": {
        "h": 1080,
        "w": 1920
    },
    "head_pose_angle_6drepnet360": {
        "yaw": -33.686851501464844,
        "pitch": -169.048583984375,
        "roll": 154.5645294189453
    }
}