{
    "video_name": "cm2023051608",
    "frame_id": 40501,
    "head_bbox": {
        "x0": 596,
        "y0": 350,
        "x1": 633,
        "y1": 399,
        "w": 37,
        "h": 49
    },
    "frame_size": {
        "h": 1080,
        "w": 1920
    },
    "head_pose_angle_6drepnet360": {
        "yaw": -7.172232627868652,
        "pitch": -12.799277305603027,
        "roll": -7.747073650360107
    }
}