{
    "video_name": "cm2023051608",
    "frame_id": 40601,
    "head_bbox": {
        "x0": 601,
        "y0": 346,
        "x1": 641,
        "y1": 398,
        "w": 40,
        "h": 52
    },
    "frame_size": {
        "h": 1080,
        "w": 1920
    },
    "head_pose_angle_6drepnet360": {
        "yaw": -13.142629623413086,
        "pitch": -11.55686092376709,
        "roll": -0.07191204279661179
    }
}