{
    "video_name": "cm2023051608",
    "frame_id": 40701,
    "head_bbox": {
        "x0": 603,
        "y0": 347,
        "x1": 642,
        "y1": 399,
        "w": 39,
        "h": 52
    },
    "frame_size": {
        "h": 1080,
        "w": 1920
    },
    "head_pose_angle_6drepnet360": {
        "yaw": -18.78033447265625,
        "pitch": -10.618115425109863,
        "roll": 4.813196659088135
    }
}