{
    "video_name": "cm2023051608",
    "frame_id": 40801,
    "head_bbox": {
        "x0": 602,
        "y0": 345,
        "x1": 644,
        "y1": 402,
        "w": 42,
        "h": 57
    },
    "frame_size": {
        "h": 1080,
        "w": 1920
    },
    "head_pose_angle_6drepnet360": {
        "yaw": -19.499483108520508,
        "pitch": -13.55274772644043,
        "roll": 5.429014682769775
    }
}