{
    "video_name": "cm2023051608",
    "frame_id": 41001,
    "head_bbox": {
        "x0": 600,
        "y0": 347,
        "x1": 643,
        "y1": 386,
        "w": 43,
        "h": 39
    },
    "frame_size": {
        "h": 1080,
        "w": 1920
    },
    "head_pose_angle_6drepnet360": {
        "yaw": -74.57786560058594,
        "pitch": 47.1650276184082,
        "roll": -60.70886993408203
    }
}