{
    "video_name": "cm2023051608",
    "frame_id": 4101,
    "head_bbox": {
        "x0": 631,
        "y0": 347,
        "x1": 678,
        "y1": 391,
        "w": 47,
        "h": 44
    },
    "frame_size": {
        "h": 1080,
        "w": 1920
    },
    "head_pose_angle_6drepnet360": {
        "yaw": -64.01419830322266,
        "pitch": 54.846099853515625,
        "roll": -72.78646087646484
    }
}