{
    "video_name": "cm2023051608",
    "frame_id": 41101,
    "head_bbox": {
        "x0": 598,
        "y0": 344,
        "x1": 644,
        "y1": 389,
        "w": 46,
        "h": 45
    },
    "frame_size": {
        "h": 1080,
        "w": 1920
    },
    "head_pose_angle_6drepnet360": {
        "yaw": -75.06172180175781,
        "pitch": 123.9341049194336,
        "roll": -136.54461669921875
    }
}