{
    "video_name": "cm2023051608",
    "frame_id": 41201,
    "head_bbox": {
        "x0": 596,
        "y0": 348,
        "x1": 641,
        "y1": 393,
        "w": 45,
        "h": 45
    },
    "frame_size": {
        "h": 1080,
        "w": 1920
    },
    "head_pose_angle_6drepnet360": {
        "yaw": -62.227787017822266,
        "pitch": 58.37501907348633,
        "roll": -82.9937744140625
    }
}