{
    "video_name": "cm2023051608",
    "frame_id": 41301,
    "head_bbox": {
        "x0": 686,
        "y0": 348,
        "x1": 738,
        "y1": 393,
        "w": 52,
        "h": 45
    },
    "frame_size": {
        "h": 1080,
        "w": 1920
    },
    "head_pose_angle_6drepnet360": {
        "yaw": -64.68780517578125,
        "pitch": 152.75747680664062,
        "roll": -179.1398162841797
    }
}