{
    "video_name": "cm2023051608",
    "frame_id": 41401,
    "head_bbox": {
        "x0": 798,
        "y0": 337,
        "x1": 843,
        "y1": 383,
        "w": 45,
        "h": 46
    },
    "frame_size": {
        "h": 1080,
        "w": 1920
    },
    "head_pose_angle_6drepnet360": {
        "yaw": -52.879032135009766,
        "pitch": 142.1749267578125,
        "roll": -159.5215301513672
    }
}