{
    "video_name": "cm2023051608",
    "frame_id": 41501,
    "head_bbox": {
        "x0": 794,
        "y0": 337,
        "x1": 837,
        "y1": 385,
        "w": 43,
        "h": 48
    },
    "frame_size": {
        "h": 1080,
        "w": 1920
    },
    "head_pose_angle_6drepnet360": {
        "yaw": -67.68047332763672,
        "pitch": 124.41539001464844,
        "roll": -144.37022399902344
    }
}