{
    "video_name": "cm2023051608",
    "frame_id": 41601,
    "head_bbox": {
        "x0": 776,
        "y0": 340,
        "x1": 819,
        "y1": 386,
        "w": 43,
        "h": 46
    },
    "frame_size": {
        "h": 1080,
        "w": 1920
    },
    "head_pose_angle_6drepnet360": {
        "yaw": -56.53561019897461,
        "pitch": 10.553058624267578,
        "roll": -20.540658950805664
    }
}