{
    "video_name": "cm2023051608",
    "frame_id": 41701,
    "head_bbox": {
        "x0": 780,
        "y0": 341,
        "x1": 824,
        "y1": 388,
        "w": 44,
        "h": 47
    },
    "frame_size": {
        "h": 1080,
        "w": 1920
    },
    "head_pose_angle_6drepnet360": {
        "yaw": -60.49797439575195,
        "pitch": 10.942035675048828,
        "roll": -22.469833374023438
    }
}