{
    "video_name": "cm2023051608",
    "frame_id": 42001,
    "head_bbox": {
        "x0": 786,
        "y0": 340,
        "x1": 826,
        "y1": 385,
        "w": 40,
        "h": 45
    },
    "frame_size": {
        "h": 1080,
        "w": 1920
    },
    "head_pose_angle_6drepnet360": {
        "yaw": 2.940593719482422,
        "pitch": 1.8540301322937012,
        "roll": -4.853830337524414
    }
}