{
    "video_name": "cm2023051608",
    "frame_id": 4201,
    "head_bbox": {
        "x0": 806,
        "y0": 341,
        "x1": 846,
        "y1": 388,
        "w": 40,
        "h": 47
    },
    "frame_size": {
        "h": 1080,
        "w": 1920
    },
    "head_pose_angle_6drepnet360": {
        "yaw": -68.61687469482422,
        "pitch": 153.9203338623047,
        "roll": -170.926513671875
    }
}