{
    "video_name": "cm2023051608",
    "frame_id": 42101,
    "head_bbox": {
        "x0": 868,
        "y0": 337,
        "x1": 908,
        "y1": 380,
        "w": 40,
        "h": 43
    },
    "frame_size": {
        "h": 1080,
        "w": 1920
    },
    "head_pose_angle_6drepnet360": {
        "yaw": -48.473411560058594,
        "pitch": 154.22491455078125,
        "roll": 172.77200317382812
    }
}