{
    "video_name": "cm2023051608",
    "frame_id": 42201,
    "head_bbox": {
        "x0": 906,
        "y0": 336,
        "x1": 941,
        "y1": 376,
        "w": 35,
        "h": 40
    },
    "frame_size": {
        "h": 1080,
        "w": 1920
    },
    "head_pose_angle_6drepnet360": {
        "yaw": -58.06563949584961,
        "pitch": 139.36952209472656,
        "roll": -168.2108612060547
    }
}