{
    "video_name": "cm2023051608",
    "frame_id": 42301,
    "head_bbox": {
        "x0": 899,
        "y0": 338,
        "x1": 938,
        "y1": 381,
        "w": 39,
        "h": 43
    },
    "frame_size": {
        "h": 1080,
        "w": 1920
    },
    "head_pose_angle_6drepnet360": {
        "yaw": -36.10978698730469,
        "pitch": 162.76368713378906,
        "roll": 178.25302124023438
    }
}