{
    "video_name": "cm2023051608",
    "frame_id": 42401,
    "head_bbox": {
        "x0": 908,
        "y0": 331,
        "x1": 949,
        "y1": 377,
        "w": 41,
        "h": 46
    },
    "frame_size": {
        "h": 1080,
        "w": 1920
    },
    "head_pose_angle_6drepnet360": {
        "yaw": -59.374393463134766,
        "pitch": 5.719022274017334,
        "roll": -19.530654907226562
    }
}