{
    "video_name": "cm2023051608",
    "frame_id": 42501,
    "head_bbox": {
        "x0": 895,
        "y0": 336,
        "x1": 935,
        "y1": 383,
        "w": 40,
        "h": 47
    },
    "frame_size": {
        "h": 1080,
        "w": 1920
    },
    "head_pose_angle_6drepnet360": {
        "yaw": -66.50464630126953,
        "pitch": 137.22096252441406,
        "roll": -155.56982421875
    }
}