{
    "video_name": "cm2023051608",
    "frame_id": 42601,
    "head_bbox": {
        "x0": 880,
        "y0": 337,
        "x1": 919,
        "y1": 380,
        "w": 39,
        "h": 43
    },
    "frame_size": {
        "h": 1080,
        "w": 1920
    },
    "head_pose_angle_6drepnet360": {
        "yaw": -48.68417739868164,
        "pitch": 159.61695861816406,
        "roll": 172.3245391845703
    }
}