{
    "video_name": "cm2023051608",
    "frame_id": 42701,
    "head_bbox": {
        "x0": 879,
        "y0": 335,
        "x1": 917,
        "y1": 382,
        "w": 38,
        "h": 47
    },
    "frame_size": {
        "h": 1080,
        "w": 1920
    },
    "head_pose_angle_6drepnet360": {
        "yaw": -53.81630325317383,
        "pitch": 2.1793551445007324,
        "roll": -13.454910278320312
    }
}