{
    "video_name": "cm2023051608",
    "frame_id": 42901,
    "head_bbox": {
        "x0": 885,
        "y0": 336,
        "x1": 924,
        "y1": 383,
        "w": 39,
        "h": 47
    },
    "frame_size": {
        "h": 1080,
        "w": 1920
    },
    "head_pose_angle_6drepnet360": {
        "yaw": -61.315101623535156,
        "pitch": -30.071008682250977,
        "roll": 20.659360885620117
    }
}