{
    "video_name": "cm2023051608",
    "frame_id": 43001,
    "head_bbox": {
        "x0": 868,
        "y0": 337,
        "x1": 910,
        "y1": 380,
        "w": 42,
        "h": 43
    },
    "frame_size": {
        "h": 1080,
        "w": 1920
    },
    "head_pose_angle_6drepnet360": {
        "yaw": -65.33302307128906,
        "pitch": 136.18238830566406,
        "roll": -153.2264404296875
    }
}