{
    "video_name": "cm2023051608",
    "frame_id": 4301,
    "head_bbox": {
        "x0": 810,
        "y0": 337,
        "x1": 849,
        "y1": 382,
        "w": 39,
        "h": 45
    },
    "frame_size": {
        "h": 1080,
        "w": 1920
    },
    "head_pose_angle_6drepnet360": {
        "yaw": -43.831050872802734,
        "pitch": 171.26416015625,
        "roll": 174.40171813964844
    }
}