{
    "video_name": "cm2023051608",
    "frame_id": 43201,
    "head_bbox": {
        "x0": 882,
        "y0": 339,
        "x1": 921,
        "y1": 387,
        "w": 39,
        "h": 48
    },
    "frame_size": {
        "h": 1080,
        "w": 1920
    },
    "head_pose_angle_6drepnet360": {
        "yaw": -58.50741958618164,
        "pitch": 173.91537475585938,
        "roll": 176.34214782714844
    }
}