{
    "video_name": "cm2023051608",
    "frame_id": 43501,
    "head_bbox": {
        "x0": 737,
        "y0": 330,
        "x1": 778,
        "y1": 379,
        "w": 41,
        "h": 49
    },
    "frame_size": {
        "h": 1080,
        "w": 1920
    },
    "head_pose_angle_6drepnet360": {
        "yaw": 12.672647476196289,
        "pitch": 6.163401126861572,
        "roll": -1.0724267959594727
    }
}