{
    "video_name": "cm2023051608",
    "frame_id": 43601,
    "head_bbox": {
        "x0": 788,
        "y0": 337,
        "x1": 827,
        "y1": 383,
        "w": 39,
        "h": 46
    },
    "frame_size": {
        "h": 1080,
        "w": 1920
    },
    "head_pose_angle_6drepnet360": {
        "yaw": 16.884017944335938,
        "pitch": 2.758307456970215,
        "roll": 4.859344959259033
    }
}