{
    "video_name": "cm2023051608",
    "frame_id": 43701,
    "head_bbox": {
        "x0": 850,
        "y0": 334,
        "x1": 890,
        "y1": 379,
        "w": 40,
        "h": 45
    },
    "frame_size": {
        "h": 1080,
        "w": 1920
    },
    "head_pose_angle_6drepnet360": {
        "yaw": -58.48253631591797,
        "pitch": 144.3447723388672,
        "roll": -162.6803741455078
    }
}