{
    "video_name": "cm2023051608",
    "frame_id": 43901,
    "head_bbox": {
        "x0": 858,
        "y0": 334,
        "x1": 898,
        "y1": 378,
        "w": 40,
        "h": 44
    },
    "frame_size": {
        "h": 1080,
        "w": 1920
    },
    "head_pose_angle_6drepnet360": {
        "yaw": -71.59363555908203,
        "pitch": 98.15678405761719,
        "roll": -120.76766967773438
    }
}