{
    "video_name": "cm2023051608",
    "frame_id": 44001,
    "head_bbox": {
        "x0": 861,
        "y0": 333,
        "x1": 903,
        "y1": 378,
        "w": 42,
        "h": 45
    },
    "frame_size": {
        "h": 1080,
        "w": 1920
    },
    "head_pose_angle_6drepnet360": {
        "yaw": -71.6068115234375,
        "pitch": 100.1866226196289,
        "roll": -119.24369049072266
    }
}