{
    "video_name": "cm2023051608",
    "frame_id": 4401,
    "head_bbox": {
        "x0": 793,
        "y0": 335,
        "x1": 835,
        "y1": 381,
        "w": 42,
        "h": 46
    },
    "frame_size": {
        "h": 1080,
        "w": 1920
    },
    "head_pose_angle_6drepnet360": {
        "yaw": -85.8115234375,
        "pitch": 109.33296203613281,
        "roll": -126.8468246459961
    }
}