{
    "video_name": "cm2023051608",
    "frame_id": 44201,
    "head_bbox": {
        "x0": 745,
        "y0": 333,
        "x1": 790,
        "y1": 375,
        "w": 45,
        "h": 42
    },
    "frame_size": {
        "h": 1080,
        "w": 1920
    },
    "head_pose_angle_6drepnet360": {
        "yaw": -55.568363189697266,
        "pitch": 138.30345153808594,
        "roll": -149.0089111328125
    }
}