{
    "video_name": "cm2023051608",
    "frame_id": 44301,
    "head_bbox": {
        "x0": 609,
        "y0": 355,
        "x1": 646,
        "y1": 404,
        "w": 37,
        "h": 49
    },
    "frame_size": {
        "h": 1080,
        "w": 1920
    },
    "head_pose_angle_6drepnet360": {
        "yaw": 0.7826351523399353,
        "pitch": -10.782578468322754,
        "roll": -4.115330696105957
    }
}