{
    "video_name": "cm2023051608",
    "frame_id": 44401,
    "head_bbox": {
        "x0": 611,
        "y0": 354,
        "x1": 650,
        "y1": 405,
        "w": 39,
        "h": 51
    },
    "frame_size": {
        "h": 1080,
        "w": 1920
    },
    "head_pose_angle_6drepnet360": {
        "yaw": -11.581380844116211,
        "pitch": -15.44115161895752,
        "roll": 7.2923808097839355
    }
}