{
    "video_name": "cm2023051608",
    "frame_id": 44601,
    "head_bbox": {
        "x0": 596,
        "y0": 346,
        "x1": 647,
        "y1": 393,
        "w": 51,
        "h": 47
    },
    "frame_size": {
        "h": 1080,
        "w": 1920
    },
    "head_pose_angle_6drepnet360": {
        "yaw": -61.18935012817383,
        "pitch": 120.9791259765625,
        "roll": -145.1755828857422
    }
}