{
    "video_name": "cm2023051608",
    "frame_id": 44701,
    "head_bbox": {
        "x0": 758,
        "y0": 342,
        "x1": 797,
        "y1": 387,
        "w": 39,
        "h": 45
    },
    "frame_size": {
        "h": 1080,
        "w": 1920
    },
    "head_pose_angle_6drepnet360": {
        "yaw": -40.39067077636719,
        "pitch": 166.54444885253906,
        "roll": -178.4647674560547
    }
}