{
    "video_name": "cm2023051608",
    "frame_id": 44801,
    "head_bbox": {
        "x0": 806,
        "y0": 337,
        "x1": 848,
        "y1": 385,
        "w": 42,
        "h": 48
    },
    "frame_size": {
        "h": 1080,
        "w": 1920
    },
    "head_pose_angle_6drepnet360": {
        "yaw": -54.65966033935547,
        "pitch": 142.53958129882812,
        "roll": -159.63937377929688
    }
}