{
    "video_name": "cm2023051608",
    "frame_id": 44901,
    "head_bbox": {
        "x0": 799,
        "y0": 332,
        "x1": 843,
        "y1": 377,
        "w": 44,
        "h": 45
    },
    "frame_size": {
        "h": 1080,
        "w": 1920
    },
    "head_pose_angle_6drepnet360": {
        "yaw": -59.94898986816406,
        "pitch": 129.37533569335938,
        "roll": -137.1875457763672
    }
}