{
    "video_name": "cm2023051608",
    "frame_id": 45001,
    "head_bbox": {
        "x0": 589,
        "y0": 345,
        "x1": 628,
        "y1": 396,
        "w": 39,
        "h": 51
    },
    "frame_size": {
        "h": 1080,
        "w": 1920
    },
    "head_pose_angle_6drepnet360": {
        "yaw": -3.8760831356048584,
        "pitch": -13.567219734191895,
        "roll": -10.057013511657715
    }
}