{
    "video_name": "cm2023051608",
    "frame_id": 4501,
    "head_bbox": {
        "x0": 792,
        "y0": 333,
        "x1": 832,
        "y1": 379,
        "w": 40,
        "h": 46
    },
    "frame_size": {
        "h": 1080,
        "w": 1920
    },
    "head_pose_angle_6drepnet360": {
        "yaw": -69.9420394897461,
        "pitch": 163.93104553222656,
        "roll": -173.556396484375
    }
}