{
    "video_name": "cm2023051608",
    "frame_id": 45101,
    "head_bbox": {
        "x0": 663,
        "y0": 339,
        "x1": 708,
        "y1": 381,
        "w": 45,
        "h": 42
    },
    "frame_size": {
        "h": 1080,
        "w": 1920
    },
    "head_pose_angle_6drepnet360": {
        "yaw": -63.089996337890625,
        "pitch": 151.7884063720703,
        "roll": -163.802490234375
    }
}