{
    "video_name": "cm2023051608",
    "frame_id": 45201,
    "head_bbox": {
        "x0": 806,
        "y0": 342,
        "x1": 846,
        "y1": 390,
        "w": 40,
        "h": 48
    },
    "frame_size": {
        "h": 1080,
        "w": 1920
    },
    "head_pose_angle_6drepnet360": {
        "yaw": -54.13633346557617,
        "pitch": -177.78182983398438,
        "roll": 164.38243103027344
    }
}