{
    "video_name": "cm2023051608",
    "frame_id": 45401,
    "head_bbox": {
        "x0": 813,
        "y0": 332,
        "x1": 856,
        "y1": 378,
        "w": 43,
        "h": 46
    },
    "frame_size": {
        "h": 1080,
        "w": 1920
    },
    "head_pose_angle_6drepnet360": {
        "yaw": -77.3763656616211,
        "pitch": 81.75177001953125,
        "roll": -90.91263580322266
    }
}