{
    "video_name": "cm2023051608",
    "frame_id": 45501,
    "head_bbox": {
        "x0": 794,
        "y0": 336,
        "x1": 834,
        "y1": 382,
        "w": 40,
        "h": 46
    },
    "frame_size": {
        "h": 1080,
        "w": 1920
    },
    "head_pose_angle_6drepnet360": {
        "yaw": -59.13770294189453,
        "pitch": 172.1492462158203,
        "roll": 174.98291015625
    }
}