{
    "video_name": "cm2023051608",
    "frame_id": 45601,
    "head_bbox": {
        "x0": 700,
        "y0": 336,
        "x1": 745,
        "y1": 382,
        "w": 45,
        "h": 46
    },
    "frame_size": {
        "h": 1080,
        "w": 1920
    },
    "head_pose_angle_6drepnet360": {
        "yaw": -60.78936767578125,
        "pitch": 50.74702835083008,
        "roll": -68.29205322265625
    }
}