{
    "video_name": "cm2023051608",
    "frame_id": 45701,
    "head_bbox": {
        "x0": 622,
        "y0": 352,
        "x1": 659,
        "y1": 402,
        "w": 37,
        "h": 50
    },
    "frame_size": {
        "h": 1080,
        "w": 1920
    },
    "head_pose_angle_6drepnet360": {
        "yaw": 2.1261839866638184,
        "pitch": -13.935741424560547,
        "roll": -0.828733503818512
    }
}