{
    "video_name": "cm2023051608",
    "frame_id": 46001,
    "head_bbox": {
        "x0": 785,
        "y0": 335,
        "x1": 828,
        "y1": 380,
        "w": 43,
        "h": 45
    },
    "frame_size": {
        "h": 1080,
        "w": 1920
    },
    "head_pose_angle_6drepnet360": {
        "yaw": -46.33449172973633,
        "pitch": 160.4515838623047,
        "roll": 178.4041748046875
    }
}