{
    "video_name": "cm2023051608",
    "frame_id": 4601,
    "head_bbox": {
        "x0": 797,
        "y0": 338,
        "x1": 836,
        "y1": 384,
        "w": 39,
        "h": 46
    },
    "frame_size": {
        "h": 1080,
        "w": 1920
    },
    "head_pose_angle_6drepnet360": {
        "yaw": -77.87400817871094,
        "pitch": -157.0711212158203,
        "roll": 137.24839782714844
    }
}