{
    "video_name": "cm2023051608",
    "frame_id": 46601,
    "head_bbox": {
        "x0": 800,
        "y0": 332,
        "x1": 844,
        "y1": 382,
        "w": 44,
        "h": 50
    },
    "frame_size": {
        "h": 1080,
        "w": 1920
    },
    "head_pose_angle_6drepnet360": {
        "yaw": -53.60775375366211,
        "pitch": 146.67701721191406,
        "roll": -162.97479248046875
    }
}