{
    "video_name": "cm2023051608",
    "frame_id": 47101,
    "head_bbox": {
        "x0": 758,
        "y0": 335,
        "x1": 800,
        "y1": 381,
        "w": 42,
        "h": 46
    },
    "frame_size": {
        "h": 1080,
        "w": 1920
    },
    "head_pose_angle_6drepnet360": {
        "yaw": -56.574256896972656,
        "pitch": 147.0686492919922,
        "roll": -166.7149200439453
    }
}