{
    "video_name": "cm2023051608",
    "frame_id": 47301,
    "head_bbox": {
        "x0": 728,
        "y0": 339,
        "x1": 774,
        "y1": 385,
        "w": 46,
        "h": 46
    },
    "frame_size": {
        "h": 1080,
        "w": 1920
    },
    "head_pose_angle_6drepnet360": {
        "yaw": -74.2217788696289,
        "pitch": 97.6453628540039,
        "roll": -116.03671264648438
    }
}