{
    "video_name": "cm2023051608",
    "frame_id": 47501,
    "head_bbox": {
        "x0": 615,
        "y0": 353,
        "x1": 655,
        "y1": 405,
        "w": 40,
        "h": 52
    },
    "frame_size": {
        "h": 1080,
        "w": 1920
    },
    "head_pose_angle_6drepnet360": {
        "yaw": -15.247074127197266,
        "pitch": -12.85300350189209,
        "roll": 6.251229763031006
    }
}