{
    "video_name": "cm2023051608",
    "frame_id": 47801,
    "head_bbox": {
        "x0": 603,
        "y0": 345,
        "x1": 643,
        "y1": 398,
        "w": 40,
        "h": 53
    },
    "frame_size": {
        "h": 1080,
        "w": 1920
    },
    "head_pose_angle_6drepnet360": {
        "yaw": -21.553869247436523,
        "pitch": -9.46288013458252,
        "roll": 2.52166485786438
    }
}