{
    "video_name": "cm2023051608",
    "frame_id": 47901,
    "head_bbox": {
        "x0": 760,
        "y0": 346,
        "x1": 806,
        "y1": 394,
        "w": 46,
        "h": 48
    },
    "frame_size": {
        "h": 1080,
        "w": 1920
    },
    "head_pose_angle_6drepnet360": {
        "yaw": -65.934326171875,
        "pitch": 162.83465576171875,
        "roll": 177.9219512939453
    }
}