{
    "video_name": "cm2023051608",
    "frame_id": 48001,
    "head_bbox": {
        "x0": 822,
        "y0": 343,
        "x1": 863,
        "y1": 391,
        "w": 41,
        "h": 48
    },
    "frame_size": {
        "h": 1080,
        "w": 1920
    },
    "head_pose_angle_6drepnet360": {
        "yaw": -51.07905960083008,
        "pitch": 167.21388244628906,
        "roll": 179.2809600830078
    }
}