{
    "video_name": "cm2023051608",
    "frame_id": 4801,
    "head_bbox": {
        "x0": 793,
        "y0": 334,
        "x1": 834,
        "y1": 380,
        "w": 41,
        "h": 46
    },
    "frame_size": {
        "h": 1080,
        "w": 1920
    },
    "head_pose_angle_6drepnet360": {
        "yaw": -58.1287727355957,
        "pitch": 147.6953887939453,
        "roll": -158.98916625976562
    }
}