{
    "video_name": "cm2023051608",
    "frame_id": 48101,
    "head_bbox": {
        "x0": 868,
        "y0": 334,
        "x1": 908,
        "y1": 382,
        "w": 40,
        "h": 48
    },
    "frame_size": {
        "h": 1080,
        "w": 1920
    },
    "head_pose_angle_6drepnet360": {
        "yaw": -81.0893783569336,
        "pitch": 72.58028411865234,
        "roll": -83.4457778930664
    }
}