{
    "video_name": "cm2023051608",
    "frame_id": 48201,
    "head_bbox": {
        "x0": 861,
        "y0": 337,
        "x1": 900,
        "y1": 380,
        "w": 39,
        "h": 43
    },
    "frame_size": {
        "h": 1080,
        "w": 1920
    },
    "head_pose_angle_6drepnet360": {
        "yaw": -68.25076293945312,
        "pitch": 134.1063232421875,
        "roll": -152.2007598876953
    }
}