{
    "video_name": "cm2023051608",
    "frame_id": 48301,
    "head_bbox": {
        "x0": 798,
        "y0": 344,
        "x1": 843,
        "y1": 391,
        "w": 45,
        "h": 47
    },
    "frame_size": {
        "h": 1080,
        "w": 1920
    },
    "head_pose_angle_6drepnet360": {
        "yaw": -63.60618591308594,
        "pitch": 138.96563720703125,
        "roll": -153.7570037841797
    }
}