{
    "video_name": "cm2023051608",
    "frame_id": 48501,
    "head_bbox": {
        "x0": 598,
        "y0": 346,
        "x1": 651,
        "y1": 393,
        "w": 53,
        "h": 47
    },
    "frame_size": {
        "h": 1080,
        "w": 1920
    },
    "head_pose_angle_6drepnet360": {
        "yaw": -64.52066040039062,
        "pitch": 133.83494567871094,
        "roll": -164.40415954589844
    }
}