{
    "video_name": "cm2023051608",
    "frame_id": 48601,
    "head_bbox": {
        "x0": 600,
        "y0": 346,
        "x1": 646,
        "y1": 392,
        "w": 46,
        "h": 46
    },
    "frame_size": {
        "h": 1080,
        "w": 1920
    },
    "head_pose_angle_6drepnet360": {
        "yaw": -69.12907409667969,
        "pitch": 110.78217315673828,
        "roll": -135.6360321044922
    }
}