{
    "video_name": "cm2023051608",
    "frame_id": 48701,
    "head_bbox": {
        "x0": 652,
        "y0": 340,
        "x1": 691,
        "y1": 388,
        "w": 39,
        "h": 48
    },
    "frame_size": {
        "h": 1080,
        "w": 1920
    },
    "head_pose_angle_6drepnet360": {
        "yaw": -16.60682487487793,
        "pitch": -2.0271213054656982,
        "roll": 5.7116546630859375
    }
}