{
    "video_name": "cm2023051608",
    "frame_id": 48801,
    "head_bbox": {
        "x0": 613,
        "y0": 346,
        "x1": 660,
        "y1": 395,
        "w": 47,
        "h": 49
    },
    "frame_size": {
        "h": 1080,
        "w": 1920
    },
    "head_pose_angle_6drepnet360": {
        "yaw": -89.33377838134766,
        "pitch": 71.4402847290039,
        "roll": -95.3563232421875
    }
}