{
    "video_name": "cm2023051608",
    "frame_id": 48901,
    "head_bbox": {
        "x0": 606,
        "y0": 345,
        "x1": 652,
        "y1": 393,
        "w": 46,
        "h": 48
    },
    "frame_size": {
        "h": 1080,
        "w": 1920
    },
    "head_pose_angle_6drepnet360": {
        "yaw": -74.55317687988281,
        "pitch": 14.39433479309082,
        "roll": -31.619497299194336
    }
}