{
    "video_name": "cm2023051608",
    "frame_id": 49001,
    "head_bbox": {
        "x0": 640,
        "y0": 341,
        "x1": 687,
        "y1": 387,
        "w": 47,
        "h": 46
    },
    "frame_size": {
        "h": 1080,
        "w": 1920
    },
    "head_pose_angle_6drepnet360": {
        "yaw": -61.00208282470703,
        "pitch": 133.55868530273438,
        "roll": -148.98533630371094
    }
}