{
    "video_name": "cm2023051608",
    "frame_id": 4901,
    "head_bbox": {
        "x0": 824,
        "y0": 340,
        "x1": 865,
        "y1": 386,
        "w": 41,
        "h": 46
    },
    "frame_size": {
        "h": 1080,
        "w": 1920
    },
    "head_pose_angle_6drepnet360": {
        "yaw": -73.04562377929688,
        "pitch": 142.80682373046875,
        "roll": -154.77903747558594
    }
}