{
    "video_name": "cm2023051608",
    "frame_id": 49101,
    "head_bbox": {
        "x0": 563,
        "y0": 348,
        "x1": 605,
        "y1": 397,
        "w": 42,
        "h": 49
    },
    "frame_size": {
        "h": 1080,
        "w": 1920
    },
    "head_pose_angle_6drepnet360": {
        "yaw": -12.22619915008545,
        "pitch": -6.038636684417725,
        "roll": 3.554378032684326
    }
}