{
    "video_name": "cm2023051608",
    "frame_id": 49201,
    "head_bbox": {
        "x0": 620,
        "y0": 349,
        "x1": 658,
        "y1": 398,
        "w": 38,
        "h": 49
    },
    "frame_size": {
        "h": 1080,
        "w": 1920
    },
    "head_pose_angle_6drepnet360": {
        "yaw": -0.10595032572746277,
        "pitch": -16.898466110229492,
        "roll": 3.161041736602783
    }
}