{
    "video_name": "cm2023051608",
    "frame_id": 49301,
    "head_bbox": {
        "x0": 588,
        "y0": 342,
        "x1": 629,
        "y1": 393,
        "w": 41,
        "h": 51
    },
    "frame_size": {
        "h": 1080,
        "w": 1920
    },
    "head_pose_angle_6drepnet360": {
        "yaw": -22.711505889892578,
        "pitch": -17.041194915771484,
        "roll": 2.7979342937469482
    }
}