{
    "video_name": "cm2023051608",
    "frame_id": 49401,
    "head_bbox": {
        "x0": 590,
        "y0": 343,
        "x1": 629,
        "y1": 394,
        "w": 39,
        "h": 51
    },
    "frame_size": {
        "h": 1080,
        "w": 1920
    },
    "head_pose_angle_6drepnet360": {
        "yaw": -28.115217208862305,
        "pitch": -13.9623441696167,
        "roll": 5.367850303649902
    }
}