{
    "video_name": "cm2023051608",
    "frame_id": 49601,
    "head_bbox": {
        "x0": 617,
        "y0": 348,
        "x1": 658,
        "y1": 398,
        "w": 41,
        "h": 50
    },
    "frame_size": {
        "h": 1080,
        "w": 1920
    },
    "head_pose_angle_6drepnet360": {
        "yaw": -27.39259910583496,
        "pitch": -13.615310668945312,
        "roll": 4.47361946105957
    }
}