{
    "video_name": "cm2023051608",
    "frame_id": 49701,
    "head_bbox": {
        "x0": 624,
        "y0": 354,
        "x1": 664,
        "y1": 400,
        "w": 40,
        "h": 46
    },
    "frame_size": {
        "h": 1080,
        "w": 1920
    },
    "head_pose_angle_6drepnet360": {
        "yaw": -3.195369005203247,
        "pitch": -10.640569686889648,
        "roll": 0.43887609243392944
    }
}