{
    "video_name": "cm2023051608",
    "frame_id": 49901,
    "head_bbox": {
        "x0": 598,
        "y0": 346,
        "x1": 640,
        "y1": 401,
        "w": 42,
        "h": 55
    },
    "frame_size": {
        "h": 1080,
        "w": 1920
    },
    "head_pose_angle_6drepnet360": {
        "yaw": -39.143287658691406,
        "pitch": -11.327303886413574,
        "roll": 0.15362153947353363
    }
}