{
    "video_name": "cm2023051608",
    "frame_id": 50001,
    "head_bbox": {
        "x0": 599,
        "y0": 349,
        "x1": 641,
        "y1": 396,
        "w": 42,
        "h": 47
    },
    "frame_size": {
        "h": 1080,
        "w": 1920
    },
    "head_pose_angle_6drepnet360": {
        "yaw": -34.971065521240234,
        "pitch": -7.052759170532227,
        "roll": 0.037351686507463455
    }
}