{
    "video_name": "cm2023051608",
    "frame_id": 5001,
    "head_bbox": {
        "x0": 642,
        "y0": 344,
        "x1": 693,
        "y1": 390,
        "w": 51,
        "h": 46
    },
    "frame_size": {
        "h": 1080,
        "w": 1920
    },
    "head_pose_angle_6drepnet360": {
        "yaw": -65.61154174804688,
        "pitch": 100.37215423583984,
        "roll": -122.80424499511719
    }
}