{
    "video_name": "cm2023051608",
    "frame_id": 501,
    "head_bbox": {
        "x0": 594,
        "y0": 347,
        "x1": 635,
        "y1": 399,
        "w": 41,
        "h": 52
    },
    "frame_size": {
        "h": 1080,
        "w": 1920
    },
    "head_pose_angle_6drepnet360": {
        "yaw": -23.999736785888672,
        "pitch": -12.61803150177002,
        "roll": 0.7832710146903992
    }
}