{
    "video_name": "cm2023051608",
    "frame_id": 50101,
    "head_bbox": {
        "x0": 614,
        "y0": 346,
        "x1": 653,
        "y1": 395,
        "w": 39,
        "h": 49
    },
    "frame_size": {
        "h": 1080,
        "w": 1920
    },
    "head_pose_angle_6drepnet360": {
        "yaw": -15.199325561523438,
        "pitch": -0.4610213339328766,
        "roll": -4.817174911499023
    }
}