{
    "video_name": "cm2023051608",
    "frame_id": 50201,
    "head_bbox": {
        "x0": 605,
        "y0": 350,
        "x1": 646,
        "y1": 395,
        "w": 41,
        "h": 45
    },
    "frame_size": {
        "h": 1080,
        "w": 1920
    },
    "head_pose_angle_6drepnet360": {
        "yaw": -44.55585479736328,
        "pitch": 3.3078091144561768,
        "roll": -15.337217330932617
    }
}