{
    "video_name": "cm2023051608",
    "frame_id": 50301,
    "head_bbox": {
        "x0": 610,
        "y0": 350,
        "x1": 649,
        "y1": 402,
        "w": 39,
        "h": 52
    },
    "frame_size": {
        "h": 1080,
        "w": 1920
    },
    "head_pose_angle_6drepnet360": {
        "yaw": -3.441009998321533,
        "pitch": -10.706265449523926,
        "roll": -3.5534424781799316
    }
}