{
    "video_name": "cm2023051608",
    "frame_id": 50401,
    "head_bbox": {
        "x0": 611,
        "y0": 350,
        "x1": 650,
        "y1": 404,
        "w": 39,
        "h": 54
    },
    "frame_size": {
        "h": 1080,
        "w": 1920
    },
    "head_pose_angle_6drepnet360": {
        "yaw": -0.3419634997844696,
        "pitch": -13.924723625183105,
        "roll": -3.837985038757324
    }
}