{
    "video_name": "cm2023051608",
    "frame_id": 50501,
    "head_bbox": {
        "x0": 612,
        "y0": 351,
        "x1": 649,
        "y1": 404,
        "w": 37,
        "h": 53
    },
    "frame_size": {
        "h": 1080,
        "w": 1920
    },
    "head_pose_angle_6drepnet360": {
        "yaw": -0.23277878761291504,
        "pitch": -13.864568710327148,
        "roll": -3.802724599838257
    }
}