{
    "video_name": "cm2023051608",
    "frame_id": 50601,
    "head_bbox": {
        "x0": 698,
        "y0": 345,
        "x1": 747,
        "y1": 391,
        "w": 49,
        "h": 46
    },
    "frame_size": {
        "h": 1080,
        "w": 1920
    },
    "head_pose_angle_6drepnet360": {
        "yaw": -59.1978759765625,
        "pitch": 150.5023193359375,
        "roll": -177.50701904296875
    }
}