{
    "video_name": "cm2023051608",
    "frame_id": 50801,
    "head_bbox": {
        "x0": 723,
        "y0": 338,
        "x1": 764,
        "y1": 385,
        "w": 41,
        "h": 47
    },
    "frame_size": {
        "h": 1080,
        "w": 1920
    },
    "head_pose_angle_6drepnet360": {
        "yaw": -51.417274475097656,
        "pitch": 4.278316974639893,
        "roll": -12.87792682647705
    }
}