{
    "video_name": "cm2023051608",
    "frame_id": 50901,
    "head_bbox": {
        "x0": 864,
        "y0": 338,
        "x1": 902,
        "y1": 381,
        "w": 38,
        "h": 43
    },
    "frame_size": {
        "h": 1080,
        "w": 1920
    },
    "head_pose_angle_6drepnet360": {
        "yaw": -68.60924530029297,
        "pitch": 140.13873291015625,
        "roll": -158.33677673339844
    }
}