{
    "video_name": "cm2023051608",
    "frame_id": 5101,
    "head_bbox": {
        "x0": 645,
        "y0": 343,
        "x1": 690,
        "y1": 389,
        "w": 45,
        "h": 46
    },
    "frame_size": {
        "h": 1080,
        "w": 1920
    },
    "head_pose_angle_6drepnet360": {
        "yaw": -61.507442474365234,
        "pitch": 15.105917930603027,
        "roll": -31.046123504638672
    }
}