{
    "video_name": "cm2023051608",
    "frame_id": 51101,
    "head_bbox": {
        "x0": 847,
        "y0": 334,
        "x1": 885,
        "y1": 381,
        "w": 38,
        "h": 47
    },
    "frame_size": {
        "h": 1080,
        "w": 1920
    },
    "head_pose_angle_6drepnet360": {
        "yaw": -42.6552848815918,
        "pitch": 7.811161994934082,
        "roll": -9.3850679397583
    }
}