{
    "video_name": "cm2023051608",
    "frame_id": 51401,
    "head_bbox": {
        "x0": 825,
        "y0": 340,
        "x1": 863,
        "y1": 386,
        "w": 38,
        "h": 46
    },
    "frame_size": {
        "h": 1080,
        "w": 1920
    },
    "head_pose_angle_6drepnet360": {
        "yaw": 5.856806755065918,
        "pitch": 3.607609272003174,
        "roll": -0.3734842836856842
    }
}