{
    "video_name": "cm2023051608",
    "frame_id": 51701,
    "head_bbox": {
        "x0": 827,
        "y0": 338,
        "x1": 869,
        "y1": 387,
        "w": 42,
        "h": 49
    },
    "frame_size": {
        "h": 1080,
        "w": 1920
    },
    "head_pose_angle_6drepnet360": {
        "yaw": -59.486576080322266,
        "pitch": 18.081501007080078,
        "roll": -23.471351623535156
    }
}