{
    "video_name": "cm2023051608",
    "frame_id": 51801,
    "head_bbox": {
        "x0": 832,
        "y0": 337,
        "x1": 871,
        "y1": 388,
        "w": 39,
        "h": 51
    },
    "frame_size": {
        "h": 1080,
        "w": 1920
    },
    "head_pose_angle_6drepnet360": {
        "yaw": -26.911121368408203,
        "pitch": -0.6630944013595581,
        "roll": -10.453089714050293
    }
}