{
    "video_name": "cm2023051608",
    "frame_id": 51901,
    "head_bbox": {
        "x0": 812,
        "y0": 343,
        "x1": 851,
        "y1": 387,
        "w": 39,
        "h": 44
    },
    "frame_size": {
        "h": 1080,
        "w": 1920
    },
    "head_pose_angle_6drepnet360": {
        "yaw": -29.147216796875,
        "pitch": 5.234457492828369,
        "roll": -4.20680570602417
    }
}