{
    "video_name": "cm2023051608",
    "frame_id": 52001,
    "head_bbox": {
        "x0": 845,
        "y0": 339,
        "x1": 884,
        "y1": 387,
        "w": 39,
        "h": 48
    },
    "frame_size": {
        "h": 1080,
        "w": 1920
    },
    "head_pose_angle_6drepnet360": {
        "yaw": -29.67622184753418,
        "pitch": -0.5896938443183899,
        "roll": -0.5372464060783386
    }
}