{
    "video_name": "cm2023051608",
    "frame_id": 52101,
    "head_bbox": {
        "x0": 832,
        "y0": 343,
        "x1": 872,
        "y1": 389,
        "w": 40,
        "h": 46
    },
    "frame_size": {
        "h": 1080,
        "w": 1920
    },
    "head_pose_angle_6drepnet360": {
        "yaw": -58.488929748535156,
        "pitch": 14.027241706848145,
        "roll": -20.197378158569336
    }
}