{
    "video_name": "cm2023051608",
    "frame_id": 52201,
    "head_bbox": {
        "x0": 795,
        "y0": 348,
        "x1": 833,
        "y1": 391,
        "w": 38,
        "h": 43
    },
    "frame_size": {
        "h": 1080,
        "w": 1920
    },
    "head_pose_angle_6drepnet360": {
        "yaw": -16.827993392944336,
        "pitch": -0.9752214550971985,
        "roll": -1.3121451139450073
    }
}