{
    "video_name": "cm2023051608",
    "frame_id": 52601,
    "head_bbox": {
        "x0": 690,
        "y0": 342,
        "x1": 737,
        "y1": 392,
        "w": 47,
        "h": 50
    },
    "frame_size": {
        "h": 1080,
        "w": 1920
    },
    "head_pose_angle_6drepnet360": {
        "yaw": -79.7664794921875,
        "pitch": 118.50516510009766,
        "roll": -131.19680786132812
    }
}