{
    "video_name": "cm2023051608",
    "frame_id": 52701,
    "head_bbox": {
        "x0": 675,
        "y0": 342,
        "x1": 723,
        "y1": 392,
        "w": 48,
        "h": 50
    },
    "frame_size": {
        "h": 1080,
        "w": 1920
    },
    "head_pose_angle_6drepnet360": {
        "yaw": -77.67371368408203,
        "pitch": 104.75165557861328,
        "roll": -117.9781265258789
    }
}