{
    "video_name": "cm2023051608",
    "frame_id": 52801,
    "head_bbox": {
        "x0": 676,
        "y0": 341,
        "x1": 724,
        "y1": 392,
        "w": 48,
        "h": 51
    },
    "frame_size": {
        "h": 1080,
        "w": 1920
    },
    "head_pose_angle_6drepnet360": {
        "yaw": -76.58253479003906,
        "pitch": 119.7774429321289,
        "roll": -132.21353149414062
    }
}