{
    "video_name": "cm2023051608",
    "frame_id": 53201,
    "head_bbox": {
        "x0": 790,
        "y0": 342,
        "x1": 833,
        "y1": 387,
        "w": 43,
        "h": 45
    },
    "frame_size": {
        "h": 1080,
        "w": 1920
    },
    "head_pose_angle_6drepnet360": {
        "yaw": -36.748348236083984,
        "pitch": 15.108264923095703,
        "roll": -22.62139129638672
    }
}