{
    "video_name": "cm2023051608",
    "frame_id": 53301,
    "head_bbox": {
        "x0": 805,
        "y0": 344,
        "x1": 846,
        "y1": 392,
        "w": 41,
        "h": 48
    },
    "frame_size": {
        "h": 1080,
        "w": 1920
    },
    "head_pose_angle_6drepnet360": {
        "yaw": 9.880331993103027,
        "pitch": -4.298570156097412,
        "roll": 1.950248122215271
    }
}