{
    "video_name": "cm2023051608",
    "frame_id": 53701,
    "head_bbox": {
        "x0": 732,
        "y0": 344,
        "x1": 771,
        "y1": 393,
        "w": 39,
        "h": 49
    },
    "frame_size": {
        "h": 1080,
        "w": 1920
    },
    "head_pose_angle_6drepnet360": {
        "yaw": 21.225749969482422,
        "pitch": -4.57608699798584,
        "roll": -0.9167855978012085
    }
}