{
    "video_name": "cm2023051608",
    "frame_id": 53801,
    "head_bbox": {
        "x0": 719,
        "y0": 340,
        "x1": 758,
        "y1": 389,
        "w": 39,
        "h": 49
    },
    "frame_size": {
        "h": 1080,
        "w": 1920
    },
    "head_pose_angle_6drepnet360": {
        "yaw": -31.826929092407227,
        "pitch": -0.848680317401886,
        "roll": 3.0813589096069336
    }
}