{
    "video_name": "cm2023051608",
    "frame_id": 53901,
    "head_bbox": {
        "x0": 569,
        "y0": 335,
        "x1": 608,
        "y1": 381,
        "w": 39,
        "h": 46
    },
    "frame_size": {
        "h": 1080,
        "w": 1920
    },
    "head_pose_angle_6drepnet360": {
        "yaw": 8.693649291992188,
        "pitch": -4.722477436065674,
        "roll": 0.4269719421863556
    }
}