{
    "video_name": "cm2023051608",
    "frame_id": 5401,
    "head_bbox": {
        "x0": 716,
        "y0": 338,
        "x1": 757,
        "y1": 389,
        "w": 41,
        "h": 51
    },
    "frame_size": {
        "h": 1080,
        "w": 1920
    },
    "head_pose_angle_6drepnet360": {
        "yaw": -66.30391693115234,
        "pitch": 3.3647313117980957,
        "roll": -7.466146469116211
    }
}