{
    "video_name": "cm2023051608",
    "frame_id": 54101,
    "head_bbox": {
        "x0": 543,
        "y0": 341,
        "x1": 584,
        "y1": 388,
        "w": 41,
        "h": 47
    },
    "frame_size": {
        "h": 1080,
        "w": 1920
    },
    "head_pose_angle_6drepnet360": {
        "yaw": -42.2822380065918,
        "pitch": 0.8895795345306396,
        "roll": 1.5908935070037842
    }
}