{
    "video_name": "cm2023051608",
    "frame_id": 54201,
    "head_bbox": {
        "x0": 639,
        "y0": 345,
        "x1": 685,
        "y1": 396,
        "w": 46,
        "h": 51
    },
    "frame_size": {
        "h": 1080,
        "w": 1920
    },
    "head_pose_angle_6drepnet360": {
        "yaw": -70.64778900146484,
        "pitch": 122.52273559570312,
        "roll": -146.93104553222656
    }
}