{
    "video_name": "cm2023051608",
    "frame_id": 54301,
    "head_bbox": {
        "x0": 644,
        "y0": 347,
        "x1": 685,
        "y1": 393,
        "w": 41,
        "h": 46
    },
    "frame_size": {
        "h": 1080,
        "w": 1920
    },
    "head_pose_angle_6drepnet360": {
        "yaw": -24.660085678100586,
        "pitch": -0.8591762781143188,
        "roll": 0.27398252487182617
    }
}