{
    "video_name": "cm2023051608",
    "frame_id": 54501,
    "head_bbox": {
        "x0": 792,
        "y0": 341,
        "x1": 830,
        "y1": 386,
        "w": 38,
        "h": 45
    },
    "frame_size": {
        "h": 1080,
        "w": 1920
    },
    "head_pose_angle_6drepnet360": {
        "yaw": -7.027371406555176,
        "pitch": 0.05299344286322594,
        "roll": 4.406630516052246
    }
}