{
    "video_name": "cm2023051608",
    "frame_id": 54601,
    "head_bbox": {
        "x0": 794,
        "y0": 337,
        "x1": 833,
        "y1": 385,
        "w": 39,
        "h": 48
    },
    "frame_size": {
        "h": 1080,
        "w": 1920
    },
    "head_pose_angle_6drepnet360": {
        "yaw": -9.501975059509277,
        "pitch": -4.562425136566162,
        "roll": 0.941256046295166
    }
}