{
    "video_name": "cm2023051608",
    "frame_id": 54701,
    "head_bbox": {
        "x0": 783,
        "y0": 340,
        "x1": 823,
        "y1": 388,
        "w": 40,
        "h": 48
    },
    "frame_size": {
        "h": 1080,
        "w": 1920
    },
    "head_pose_angle_6drepnet360": {
        "yaw": -51.82373809814453,
        "pitch": 161.42694091796875,
        "roll": -173.295654296875
    }
}