{
    "video_name": "cm2023051608",
    "frame_id": 54901,
    "head_bbox": {
        "x0": 784,
        "y0": 347,
        "x1": 826,
        "y1": 391,
        "w": 42,
        "h": 44
    },
    "frame_size": {
        "h": 1080,
        "w": 1920
    },
    "head_pose_angle_6drepnet360": {
        "yaw": -48.36842727661133,
        "pitch": 149.4444580078125,
        "roll": -174.8671417236328
    }
}