{
    "video_name": "cm2023051608",
    "frame_id": 55001,
    "head_bbox": {
        "x0": 813,
        "y0": 338,
        "x1": 850,
        "y1": 384,
        "w": 37,
        "h": 46
    },
    "frame_size": {
        "h": 1080,
        "w": 1920
    },
    "head_pose_angle_6drepnet360": {
        "yaw": 6.204804420471191,
        "pitch": 0.2654615342617035,
        "roll": 1.8074325323104858
    }
}