{
    "video_name": "cm2023051608",
    "frame_id": 55201,
    "head_bbox": {
        "x0": 602,
        "y0": 340,
        "x1": 648,
        "y1": 383,
        "w": 46,
        "h": 43
    },
    "frame_size": {
        "h": 1080,
        "w": 1920
    },
    "head_pose_angle_6drepnet360": {
        "yaw": -68.79356384277344,
        "pitch": 116.41557312011719,
        "roll": -138.5689239501953
    }
}