{
    "video_name": "cm2023051608",
    "frame_id": 55301,
    "head_bbox": {
        "x0": 661,
        "y0": 332,
        "x1": 702,
        "y1": 371,
        "w": 41,
        "h": 39
    },
    "frame_size": {
        "h": 1080,
        "w": 1920
    },
    "head_pose_angle_6drepnet360": {
        "yaw": -24.94707489013672,
        "pitch": 169.56820678710938,
        "roll": 174.08334350585938
    }
}