{
    "video_name": "cm2023051608",
    "frame_id": 55401,
    "head_bbox": {
        "x0": 638,
        "y0": 331,
        "x1": 684,
        "y1": 372,
        "w": 46,
        "h": 41
    },
    "frame_size": {
        "h": 1080,
        "w": 1920
    },
    "head_pose_angle_6drepnet360": {
        "yaw": -62.76276779174805,
        "pitch": 120.75517272949219,
        "roll": -142.4706573486328
    }
}