{
    "video_name": "cm2023051608",
    "frame_id": 55601,
    "head_bbox": {
        "x0": 628,
        "y0": 336,
        "x1": 672,
        "y1": 379,
        "w": 44,
        "h": 43
    },
    "frame_size": {
        "h": 1080,
        "w": 1920
    },
    "head_pose_angle_6drepnet360": {
        "yaw": -60.27804183959961,
        "pitch": 126.89766693115234,
        "roll": -154.39028930664062
    }
}