{
    "video_name": "cm2023051608",
    "frame_id": 55701,
    "head_bbox": {
        "x0": 604,
        "y0": 339,
        "x1": 645,
        "y1": 385,
        "w": 41,
        "h": 46
    },
    "frame_size": {
        "h": 1080,
        "w": 1920
    },
    "head_pose_angle_6drepnet360": {
        "yaw": 9.84057903289795,
        "pitch": 0.6745845675468445,
        "roll": -3.9773483276367188
    }
}