{
    "video_name": "cm2023051608",
    "frame_id": 55801,
    "head_bbox": {
        "x0": 619,
        "y0": 353,
        "x1": 656,
        "y1": 401,
        "w": 37,
        "h": 48
    },
    "frame_size": {
        "h": 1080,
        "w": 1920
    },
    "head_pose_angle_6drepnet360": {
        "yaw": -6.26751708984375,
        "pitch": -12.57332706451416,
        "roll": -0.4780283272266388
    }
}