{
    "video_name": "cm2023051608",
    "frame_id": 55901,
    "head_bbox": {
        "x0": 615,
        "y0": 351,
        "x1": 654,
        "y1": 401,
        "w": 39,
        "h": 50
    },
    "frame_size": {
        "h": 1080,
        "w": 1920
    },
    "head_pose_angle_6drepnet360": {
        "yaw": -9.07397174835205,
        "pitch": -14.141545295715332,
        "roll": -3.8965892791748047
    }
}