{
    "video_name": "cm2023051608",
    "frame_id": 56001,
    "head_bbox": {
        "x0": 614,
        "y0": 344,
        "x1": 658,
        "y1": 392,
        "w": 44,
        "h": 48
    },
    "frame_size": {
        "h": 1080,
        "w": 1920
    },
    "head_pose_angle_6drepnet360": {
        "yaw": -72.49044799804688,
        "pitch": 42.84541320800781,
        "roll": -60.236228942871094
    }
}