{
    "video_name": "cm2023051608",
    "frame_id": 5601,
    "head_bbox": {
        "x0": 622,
        "y0": 346,
        "x1": 670,
        "y1": 390,
        "w": 48,
        "h": 44
    },
    "frame_size": {
        "h": 1080,
        "w": 1920
    },
    "head_pose_angle_6drepnet360": {
        "yaw": -66.44502258300781,
        "pitch": 123.28916931152344,
        "roll": -139.71771240234375
    }
}