{
    "video_name": "cm2023051608",
    "frame_id": 56101,
    "head_bbox": {
        "x0": 565,
        "y0": 346,
        "x1": 609,
        "y1": 393,
        "w": 44,
        "h": 47
    },
    "frame_size": {
        "h": 1080,
        "w": 1920
    },
    "head_pose_angle_6drepnet360": {
        "yaw": -77.67803955078125,
        "pitch": 129.18324279785156,
        "roll": -138.18283081054688
    }
}