{
    "video_name": "cm2023051608",
    "frame_id": 56201,
    "head_bbox": {
        "x0": 603,
        "y0": 341,
        "x1": 649,
        "y1": 387,
        "w": 46,
        "h": 46
    },
    "frame_size": {
        "h": 1080,
        "w": 1920
    },
    "head_pose_angle_6drepnet360": {
        "yaw": -69.71022033691406,
        "pitch": 116.72364044189453,
        "roll": -132.7102508544922
    }
}