{
    "video_name": "cm2023051608",
    "frame_id": 56301,
    "head_bbox": {
        "x0": 607,
        "y0": 341,
        "x1": 647,
        "y1": 388,
        "w": 40,
        "h": 47
    },
    "frame_size": {
        "h": 1080,
        "w": 1920
    },
    "head_pose_angle_6drepnet360": {
        "yaw": -77.99305725097656,
        "pitch": 75.09396362304688,
        "roll": -89.35733795166016
    }
}