{
    "video_name": "cm2023051608",
    "frame_id": 56401,
    "head_bbox": {
        "x0": 609,
        "y0": 341,
        "x1": 654,
        "y1": 389,
        "w": 45,
        "h": 48
    },
    "frame_size": {
        "h": 1080,
        "w": 1920
    },
    "head_pose_angle_6drepnet360": {
        "yaw": -78.21189880371094,
        "pitch": 113.18829345703125,
        "roll": -131.85504150390625
    }
}