{
    "video_name": "cm2023051608",
    "frame_id": 56501,
    "head_bbox": {
        "x0": 819,
        "y0": 341,
        "x1": 863,
        "y1": 391,
        "w": 44,
        "h": 50
    },
    "frame_size": {
        "h": 1080,
        "w": 1920
    },
    "head_pose_angle_6drepnet360": {
        "yaw": -84.97208404541016,
        "pitch": -131.75567626953125,
        "roll": 124.9794921875
    }
}