{
    "video_name": "cm2023051608",
    "frame_id": 56601,
    "head_bbox": {
        "x0": 883,
        "y0": 344,
        "x1": 922,
        "y1": 385,
        "w": 39,
        "h": 41
    },
    "frame_size": {
        "h": 1080,
        "w": 1920
    },
    "head_pose_angle_6drepnet360": {
        "yaw": -46.29352569580078,
        "pitch": 145.67930603027344,
        "roll": 179.39251708984375
    }
}