{
    "video_name": "cm2023051608",
    "frame_id": 56701,
    "head_bbox": {
        "x0": 775,
        "y0": 337,
        "x1": 822,
        "y1": 385,
        "w": 47,
        "h": 48
    },
    "frame_size": {
        "h": 1080,
        "w": 1920
    },
    "head_pose_angle_6drepnet360": {
        "yaw": -64.7593765258789,
        "pitch": 139.5880889892578,
        "roll": -153.57586669921875
    }
}