{
    "video_name": "cm2023051608",
    "frame_id": 56801,
    "head_bbox": {
        "x0": 876,
        "y0": 343,
        "x1": 915,
        "y1": 384,
        "w": 39,
        "h": 41
    },
    "frame_size": {
        "h": 1080,
        "w": 1920
    },
    "head_pose_angle_6drepnet360": {
        "yaw": -54.115028381347656,
        "pitch": 159.37486267089844,
        "roll": 167.2286376953125
    }
}