{
    "video_name": "cm2023051608",
    "frame_id": 57001,
    "head_bbox": {
        "x0": 888,
        "y0": 343,
        "x1": 928,
        "y1": 387,
        "w": 40,
        "h": 44
    },
    "frame_size": {
        "h": 1080,
        "w": 1920
    },
    "head_pose_angle_6drepnet360": {
        "yaw": -45.3360481262207,
        "pitch": 153.6488037109375,
        "roll": 175.4561004638672
    }
}