{
    "video_name": "cm2023051608",
    "frame_id": 57401,
    "head_bbox": {
        "x0": 766,
        "y0": 335,
        "x1": 806,
        "y1": 385,
        "w": 40,
        "h": 50
    },
    "frame_size": {
        "h": 1080,
        "w": 1920
    },
    "head_pose_angle_6drepnet360": {
        "yaw": -31.17926025390625,
        "pitch": 173.77098083496094,
        "roll": -177.4023895263672
    }
}