{
    "video_name": "cm2023051608",
    "frame_id": 57601,
    "head_bbox": {
        "x0": 573,
        "y0": 344,
        "x1": 618,
        "y1": 392,
        "w": 45,
        "h": 48
    },
    "frame_size": {
        "h": 1080,
        "w": 1920
    },
    "head_pose_angle_6drepnet360": {
        "yaw": -76.99869537353516,
        "pitch": 96.04414367675781,
        "roll": -109.81504821777344
    }
}