{
    "video_name": "cm2023051608",
    "frame_id": 57701,
    "head_bbox": {
        "x0": 613,
        "y0": 353,
        "x1": 654,
        "y1": 407,
        "w": 41,
        "h": 54
    },
    "frame_size": {
        "h": 1080,
        "w": 1920
    },
    "head_pose_angle_6drepnet360": {
        "yaw": -16.79537010192871,
        "pitch": -23.19377899169922,
        "roll": 11.141042709350586
    }
}