{
    "video_name": "cm2023051608",
    "frame_id": 57801,
    "head_bbox": {
        "x0": 611,
        "y0": 346,
        "x1": 651,
        "y1": 393,
        "w": 40,
        "h": 47
    },
    "frame_size": {
        "h": 1080,
        "w": 1920
    },
    "head_pose_angle_6drepnet360": {
        "yaw": 15.037680625915527,
        "pitch": -1.4110945463180542,
        "roll": 1.154022455215454
    }
}