{
    "video_name": "cm2023051608",
    "frame_id": 5801,
    "head_bbox": {
        "x0": 669,
        "y0": 340,
        "x1": 709,
        "y1": 386,
        "w": 40,
        "h": 46
    },
    "frame_size": {
        "h": 1080,
        "w": 1920
    },
    "head_pose_angle_6drepnet360": {
        "yaw": -34.57719039916992,
        "pitch": 0.9376481175422668,
        "roll": -3.5693113803863525
    }
}