{
    "video_name": "cm2023051608",
    "frame_id": 58101,
    "head_bbox": {
        "x0": 856,
        "y0": 343,
        "x1": 893,
        "y1": 392,
        "w": 37,
        "h": 49
    },
    "frame_size": {
        "h": 1080,
        "w": 1920
    },
    "head_pose_angle_6drepnet360": {
        "yaw": -13.240633964538574,
        "pitch": -0.6323408484458923,
        "roll": 5.572023868560791
    }
}