{
    "video_name": "cm2023051608",
    "frame_id": 58201,
    "head_bbox": {
        "x0": 792,
        "y0": 341,
        "x1": 830,
        "y1": 392,
        "w": 38,
        "h": 51
    },
    "frame_size": {
        "h": 1080,
        "w": 1920
    },
    "head_pose_angle_6drepnet360": {
        "yaw": 38.45404815673828,
        "pitch": -10.67205810546875,
        "roll": -5.103984832763672
    }
}