{
    "video_name": "cm2023051608",
    "frame_id": 58301,
    "head_bbox": {
        "x0": 601,
        "y0": 345,
        "x1": 642,
        "y1": 394,
        "w": 41,
        "h": 49
    },
    "frame_size": {
        "h": 1080,
        "w": 1920
    },
    "head_pose_angle_6drepnet360": {
        "yaw": -32.64499282836914,
        "pitch": -33.96255111694336,
        "roll": 23.44084930419922
    }
}