{
    "video_name": "cm2023051608",
    "frame_id": 58701,
    "head_bbox": {
        "x0": 607,
        "y0": 340,
        "x1": 648,
        "y1": 388,
        "w": 41,
        "h": 48
    },
    "frame_size": {
        "h": 1080,
        "w": 1920
    },
    "head_pose_angle_6drepnet360": {
        "yaw": -43.29413604736328,
        "pitch": -1.0489147901535034,
        "roll": -3.9150612354278564
    }
}