{
    "video_name": "cm2023051608",
    "frame_id": 58801,
    "head_bbox": {
        "x0": 882,
        "y0": 340,
        "x1": 921,
        "y1": 381,
        "w": 39,
        "h": 41
    },
    "frame_size": {
        "h": 1080,
        "w": 1920
    },
    "head_pose_angle_6drepnet360": {
        "yaw": -69.87701416015625,
        "pitch": 146.18336486816406,
        "roll": -164.9496307373047
    }
}