{
    "video_name": "cm2023051608",
    "frame_id": 59001,
    "head_bbox": {
        "x0": 554,
        "y0": 349,
        "x1": 609,
        "y1": 395,
        "w": 55,
        "h": 46
    },
    "frame_size": {
        "h": 1080,
        "w": 1920
    },
    "head_pose_angle_6drepnet360": {
        "yaw": -70.42386627197266,
        "pitch": 66.9420166015625,
        "roll": -83.8615951538086
    }
}