{
    "video_name": "cm2023051608",
    "frame_id": 5901,
    "head_bbox": {
        "x0": 702,
        "y0": 344,
        "x1": 744,
        "y1": 395,
        "w": 42,
        "h": 51
    },
    "frame_size": {
        "h": 1080,
        "w": 1920
    },
    "head_pose_angle_6drepnet360": {
        "yaw": -47.84314727783203,
        "pitch": -3.188654899597168,
        "roll": -8.30141544342041
    }
}