{
    "video_name": "cm2023051608",
    "frame_id": 59101,
    "head_bbox": {
        "x0": 586,
        "y0": 342,
        "x1": 626,
        "y1": 389,
        "w": 40,
        "h": 47
    },
    "frame_size": {
        "h": 1080,
        "w": 1920
    },
    "head_pose_angle_6drepnet360": {
        "yaw": -15.619586944580078,
        "pitch": -2.6589879989624023,
        "roll": 0.6111569404602051
    }
}