{
    "video_name": "cm2023051608",
    "frame_id": 59201,
    "head_bbox": {
        "x0": 587,
        "y0": 341,
        "x1": 628,
        "y1": 387,
        "w": 41,
        "h": 46
    },
    "frame_size": {
        "h": 1080,
        "w": 1920
    },
    "head_pose_angle_6drepnet360": {
        "yaw": -33.89092254638672,
        "pitch": 3.046558141708374,
        "roll": -5.732327938079834
    }
}