{
    "video_name": "cm2023051608",
    "frame_id": 59401,
    "head_bbox": {
        "x0": 631,
        "y0": 347,
        "x1": 668,
        "y1": 394,
        "w": 37,
        "h": 47
    },
    "frame_size": {
        "h": 1080,
        "w": 1920
    },
    "head_pose_angle_6drepnet360": {
        "yaw": 4.576096534729004,
        "pitch": -3.4225363731384277,
        "roll": 3.4511308670043945
    }
}