{
    "video_name": "cm2023051608",
    "frame_id": 59501,
    "head_bbox": {
        "x0": 612,
        "y0": 342,
        "x1": 652,
        "y1": 392,
        "w": 40,
        "h": 50
    },
    "frame_size": {
        "h": 1080,
        "w": 1920
    },
    "head_pose_angle_6drepnet360": {
        "yaw": -23.271223068237305,
        "pitch": -1.445155382156372,
        "roll": -1.9666129350662231
    }
}