{
    "video_name": "cm2023051608",
    "frame_id": 59601,
    "head_bbox": {
        "x0": 612,
        "y0": 345,
        "x1": 653,
        "y1": 393,
        "w": 41,
        "h": 48
    },
    "frame_size": {
        "h": 1080,
        "w": 1920
    },
    "head_pose_angle_6drepnet360": {
        "yaw": -49.07062530517578,
        "pitch": 0.40811142325401306,
        "roll": -11.135951042175293
    }
}