{
    "video_name": "cm2023051608",
    "frame_id": 59701,
    "head_bbox": {
        "x0": 598,
        "y0": 347,
        "x1": 643,
        "y1": 400,
        "w": 45,
        "h": 53
    },
    "frame_size": {
        "h": 1080,
        "w": 1920
    },
    "head_pose_angle_6drepnet360": {
        "yaw": -29.59723663330078,
        "pitch": -1.996911644935608,
        "roll": -13.496147155761719
    }
}