{
    "video_name": "cm2023051608",
    "frame_id": 59801,
    "head_bbox": {
        "x0": 605,
        "y0": 347,
        "x1": 645,
        "y1": 396,
        "w": 40,
        "h": 49
    },
    "frame_size": {
        "h": 1080,
        "w": 1920
    },
    "head_pose_angle_6drepnet360": {
        "yaw": -21.984033584594727,
        "pitch": 1.2811079025268555,
        "roll": -4.692689895629883
    }
}