{
    "video_name": "cm2023051608",
    "frame_id": 59901,
    "head_bbox": {
        "x0": 606,
        "y0": 348,
        "x1": 646,
        "y1": 394,
        "w": 40,
        "h": 46
    },
    "frame_size": {
        "h": 1080,
        "w": 1920
    },
    "head_pose_angle_6drepnet360": {
        "yaw": -50.55839157104492,
        "pitch": 6.029855728149414,
        "roll": -10.066473960876465
    }
}