{
    "video_name": "cm2023051608",
    "frame_id": 60001,
    "head_bbox": {
        "x0": 601,
        "y0": 347,
        "x1": 644,
        "y1": 392,
        "w": 43,
        "h": 45
    },
    "frame_size": {
        "h": 1080,
        "w": 1920
    },
    "head_pose_angle_6drepnet360": {
        "yaw": -44.536956787109375,
        "pitch": 5.224187850952148,
        "roll": -15.774861335754395
    }
}