{
    "video_name": "cm2023051608",
    "frame_id": 6001,
    "head_bbox": {
        "x0": 919,
        "y0": 365,
        "x1": 962,
        "y1": 422,
        "w": 43,
        "h": 57
    },
    "frame_size": {
        "h": 1080,
        "w": 1920
    },
    "head_pose_angle_6drepnet360": {
        "yaw": -38.82588195800781,
        "pitch": -10.316085815429688,
        "roll": 0.7926506400108337
    }
}