{
    "video_name": "cm2023051608",
    "frame_id": 60101,
    "head_bbox": {
        "x0": 605,
        "y0": 349,
        "x1": 646,
        "y1": 397,
        "w": 41,
        "h": 48
    },
    "frame_size": {
        "h": 1080,
        "w": 1920
    },
    "head_pose_angle_6drepnet360": {
        "yaw": -4.016347408294678,
        "pitch": -2.365159034729004,
        "roll": -1.554179310798645
    }
}