{
    "video_name": "cm2023051608",
    "frame_id": 60301,
    "head_bbox": {
        "x0": 612,
        "y0": 347,
        "x1": 652,
        "y1": 399,
        "w": 40,
        "h": 52
    },
    "frame_size": {
        "h": 1080,
        "w": 1920
    },
    "head_pose_angle_6drepnet360": {
        "yaw": -16.64693260192871,
        "pitch": -13.516803741455078,
        "roll": 8.144011497497559
    }
}