{
    "video_name": "cm2023051608",
    "frame_id": 60501,
    "head_bbox": {
        "x0": 612,
        "y0": 341,
        "x1": 652,
        "y1": 389,
        "w": 40,
        "h": 48
    },
    "frame_size": {
        "h": 1080,
        "w": 1920
    },
    "head_pose_angle_6drepnet360": {
        "yaw": -20.278636932373047,
        "pitch": 0.9169570207595825,
        "roll": 1.9595444202423096
    }
}