{
    "video_name": "cm2023051608",
    "frame_id": 60601,
    "head_bbox": {
        "x0": 611,
        "y0": 350,
        "x1": 648,
        "y1": 400,
        "w": 37,
        "h": 50
    },
    "frame_size": {
        "h": 1080,
        "w": 1920
    },
    "head_pose_angle_6drepnet360": {
        "yaw": -1.4937082529067993,
        "pitch": -7.907191276550293,
        "roll": -3.5514907836914062
    }
}