{
    "video_name": "cm2023051608",
    "frame_id": 60701,
    "head_bbox": {
        "x0": 636,
        "y0": 342,
        "x1": 678,
        "y1": 388,
        "w": 42,
        "h": 46
    },
    "frame_size": {
        "h": 1080,
        "w": 1920
    },
    "head_pose_angle_6drepnet360": {
        "yaw": -38.7502555847168,
        "pitch": 6.305081367492676,
        "roll": -9.651773452758789
    }
}