{
    "video_name": "cm2023051608",
    "frame_id": 60801,
    "head_bbox": {
        "x0": 626,
        "y0": 350,
        "x1": 663,
        "y1": 401,
        "w": 37,
        "h": 51
    },
    "frame_size": {
        "h": 1080,
        "w": 1920
    },
    "head_pose_angle_6drepnet360": {
        "yaw": -1.267568588256836,
        "pitch": -13.967695236206055,
        "roll": -4.885300636291504
    }
}