{
    "video_name": "cm2023051608",
    "frame_id": 60901,
    "head_bbox": {
        "x0": 612,
        "y0": 355,
        "x1": 651,
        "y1": 405,
        "w": 39,
        "h": 50
    },
    "frame_size": {
        "h": 1080,
        "w": 1920
    },
    "head_pose_angle_6drepnet360": {
        "yaw": -10.995280265808105,
        "pitch": -20.023958206176758,
        "roll": -3.1576600074768066
    }
}