{
    "video_name": "cm2023051608",
    "frame_id": 61001,
    "head_bbox": {
        "x0": 647,
        "y0": 357,
        "x1": 682,
        "y1": 400,
        "w": 35,
        "h": 43
    },
    "frame_size": {
        "h": 1080,
        "w": 1920
    },
    "head_pose_angle_6drepnet360": {
        "yaw": 1.6066632270812988,
        "pitch": -10.498290061950684,
        "roll": 0.9463174939155579
    }
}