{
    "video_name": "cm2023051608",
    "frame_id": 6101,
    "head_bbox": {
        "x0": 980,
        "y0": 430,
        "x1": 1031,
        "y1": 491,
        "w": 51,
        "h": 61
    },
    "frame_size": {
        "h": 1080,
        "w": 1920
    },
    "head_pose_angle_6drepnet360": {
        "yaw": 30.00480079650879,
        "pitch": -7.914720058441162,
        "roll": -2.527172565460205
    }
}