{
    "video_name": "cm2023051608",
    "frame_id": 61101,
    "head_bbox": {
        "x0": 689,
        "y0": 340,
        "x1": 733,
        "y1": 387,
        "w": 44,
        "h": 47
    },
    "frame_size": {
        "h": 1080,
        "w": 1920
    },
    "head_pose_angle_6drepnet360": {
        "yaw": -49.84415817260742,
        "pitch": 158.44137573242188,
        "roll": -173.3363800048828
    }
}