{
    "video_name": "cm2023051608",
    "frame_id": 61201,
    "head_bbox": {
        "x0": 832,
        "y0": 336,
        "x1": 872,
        "y1": 384,
        "w": 40,
        "h": 48
    },
    "frame_size": {
        "h": 1080,
        "w": 1920
    },
    "head_pose_angle_6drepnet360": {
        "yaw": -49.3491325378418,
        "pitch": 163.47457885742188,
        "roll": -174.45265197753906
    }
}