{
    "video_name": "cm2023051608",
    "frame_id": 61401,
    "head_bbox": {
        "x0": 900,
        "y0": 332,
        "x1": 940,
        "y1": 380,
        "w": 40,
        "h": 48
    },
    "frame_size": {
        "h": 1080,
        "w": 1920
    },
    "head_pose_angle_6drepnet360": {
        "yaw": -84.36624908447266,
        "pitch": 120.27970886230469,
        "roll": -129.37014770507812
    }
}