{
    "video_name": "cm2023051608",
    "frame_id": 61501,
    "head_bbox": {
        "x0": 759,
        "y0": 341,
        "x1": 799,
        "y1": 388,
        "w": 40,
        "h": 47
    },
    "frame_size": {
        "h": 1080,
        "w": 1920
    },
    "head_pose_angle_6drepnet360": {
        "yaw": -70.31954193115234,
        "pitch": 158.44773864746094,
        "roll": -168.29257202148438
    }
}