{
    "video_name": "cm2023051608",
    "frame_id": 61601,
    "head_bbox": {
        "x0": 759,
        "y0": 342,
        "x1": 801,
        "y1": 387,
        "w": 42,
        "h": 45
    },
    "frame_size": {
        "h": 1080,
        "w": 1920
    },
    "head_pose_angle_6drepnet360": {
        "yaw": -53.30480194091797,
        "pitch": 159.30099487304688,
        "roll": -176.4729461669922
    }
}