{
    "video_name": "cm2023051608",
    "frame_id": 61701,
    "head_bbox": {
        "x0": 778,
        "y0": 336,
        "x1": 820,
        "y1": 383,
        "w": 42,
        "h": 47
    },
    "frame_size": {
        "h": 1080,
        "w": 1920
    },
    "head_pose_angle_6drepnet360": {
        "yaw": -60.18096923828125,
        "pitch": 161.0355224609375,
        "roll": -168.38644409179688
    }
}