{
    "video_name": "cm2023051608",
    "frame_id": 61801,
    "head_bbox": {
        "x0": 777,
        "y0": 337,
        "x1": 816,
        "y1": 384,
        "w": 39,
        "h": 47
    },
    "frame_size": {
        "h": 1080,
        "w": 1920
    },
    "head_pose_angle_6drepnet360": {
        "yaw": -23.638282775878906,
        "pitch": -3.069204568862915,
        "roll": -5.704187393188477
    }
}