{
    "video_name": "cm2023051608",
    "frame_id": 61901,
    "head_bbox": {
        "x0": 783,
        "y0": 340,
        "x1": 825,
        "y1": 389,
        "w": 42,
        "h": 49
    },
    "frame_size": {
        "h": 1080,
        "w": 1920
    },
    "head_pose_angle_6drepnet360": {
        "yaw": -49.06246566772461,
        "pitch": 159.7342071533203,
        "roll": -178.4012451171875
    }
}