{
    "video_name": "cm2023051608",
    "frame_id": 6201,
    "head_bbox": {
        "x0": 1017,
        "y0": 512,
        "x1": 1088,
        "y1": 608,
        "w": 71,
        "h": 96
    },
    "frame_size": {
        "h": 1080,
        "w": 1920
    },
    "head_pose_angle_6drepnet360": {
        "yaw": -42.78250503540039,
        "pitch": -26.864076614379883,
        "roll": 18.081663131713867
    }
}