{
    "video_name": "cm2023051608",
    "frame_id": 62101,
    "head_bbox": {
        "x0": 749,
        "y0": 334,
        "x1": 788,
        "y1": 384,
        "w": 39,
        "h": 50
    },
    "frame_size": {
        "h": 1080,
        "w": 1920
    },
    "head_pose_angle_6drepnet360": {
        "yaw": 39.11687469482422,
        "pitch": -11.363100051879883,
        "roll": -2.5616579055786133
    }
}