{
    "video_name": "cm2023051608",
    "frame_id": 62301,
    "head_bbox": {
        "x0": 705,
        "y0": 339,
        "x1": 751,
        "y1": 389,
        "w": 46,
        "h": 50
    },
    "frame_size": {
        "h": 1080,
        "w": 1920
    },
    "head_pose_angle_6drepnet360": {
        "yaw": -67.27084350585938,
        "pitch": 126.76036834716797,
        "roll": -141.2342529296875
    }
}