{
    "video_name": "cm2023051608",
    "frame_id": 62401,
    "head_bbox": {
        "x0": 700,
        "y0": 341,
        "x1": 742,
        "y1": 391,
        "w": 42,
        "h": 50
    },
    "frame_size": {
        "h": 1080,
        "w": 1920
    },
    "head_pose_angle_6drepnet360": {
        "yaw": -81.3021469116211,
        "pitch": 126.75072479248047,
        "roll": -133.74217224121094
    }
}