{
    "video_name": "cm2023051608",
    "frame_id": 62501,
    "head_bbox": {
        "x0": 885,
        "y0": 341,
        "x1": 924,
        "y1": 390,
        "w": 39,
        "h": 49
    },
    "frame_size": {
        "h": 1080,
        "w": 1920
    },
    "head_pose_angle_6drepnet360": {
        "yaw": -77.13636016845703,
        "pitch": -86.04603576660156,
        "roll": 79.08845520019531
    }
}