{
    "video_name": "cm2023051608",
    "frame_id": 62701,
    "head_bbox": {
        "x0": 854,
        "y0": 333,
        "x1": 892,
        "y1": 378,
        "w": 38,
        "h": 45
    },
    "frame_size": {
        "h": 1080,
        "w": 1920
    },
    "head_pose_angle_6drepnet360": {
        "yaw": -48.00754165649414,
        "pitch": 8.560855865478516,
        "roll": -18.024993896484375
    }
}