{
    "video_name": "cm2023051608",
    "frame_id": 62901,
    "head_bbox": {
        "x0": 589,
        "y0": 343,
        "x1": 629,
        "y1": 395,
        "w": 40,
        "h": 52
    },
    "frame_size": {
        "h": 1080,
        "w": 1920
    },
    "head_pose_angle_6drepnet360": {
        "yaw": -22.933969497680664,
        "pitch": -11.620833396911621,
        "roll": 4.066349506378174
    }
}