{
    "video_name": "cm2023051608",
    "frame_id": 6301,
    "head_bbox": {
        "x0": 999,
        "y0": 690,
        "x1": 1110,
        "y1": 827,
        "w": 111,
        "h": 137
    },
    "frame_size": {
        "h": 1080,
        "w": 1920
    },
    "head_pose_angle_6drepnet360": {
        "yaw": -54.43497085571289,
        "pitch": -48.15972137451172,
        "roll": 24.185588836669922
    }
}