{
    "video_name": "cm2023051608",
    "frame_id": 63101,
    "head_bbox": {
        "x0": 552,
        "y0": 344,
        "x1": 595,
        "y1": 391,
        "w": 43,
        "h": 47
    },
    "frame_size": {
        "h": 1080,
        "w": 1920
    },
    "head_pose_angle_6drepnet360": {
        "yaw": -0.9797216653823853,
        "pitch": -0.43151652812957764,
        "roll": 0.8901964426040649
    }
}