{
    "video_name": "cm2023051608",
    "frame_id": 63201,
    "head_bbox": {
        "x0": 718,
        "y0": 341,
        "x1": 765,
        "y1": 389,
        "w": 47,
        "h": 48
    },
    "frame_size": {
        "h": 1080,
        "w": 1920
    },
    "head_pose_angle_6drepnet360": {
        "yaw": -72.02815246582031,
        "pitch": 149.5788116455078,
        "roll": -171.1487274169922
    }
}