{
    "video_name": "cm2023051608",
    "frame_id": 63301,
    "head_bbox": {
        "x0": 790,
        "y0": 345,
        "x1": 830,
        "y1": 393,
        "w": 40,
        "h": 48
    },
    "frame_size": {
        "h": 1080,
        "w": 1920
    },
    "head_pose_angle_6drepnet360": {
        "yaw": -46.896366119384766,
        "pitch": -11.54224967956543,
        "roll": 6.8580451011657715
    }
}