{
    "video_name": "cm2023051608",
    "frame_id": 63401,
    "head_bbox": {
        "x0": 782,
        "y0": 345,
        "x1": 823,
        "y1": 395,
        "w": 41,
        "h": 50
    },
    "frame_size": {
        "h": 1080,
        "w": 1920
    },
    "head_pose_angle_6drepnet360": {
        "yaw": 11.32557487487793,
        "pitch": 1.0349613428115845,
        "roll": 3.7538676261901855
    }
}