{
    "video_name": "cm2023051608",
    "frame_id": 63501,
    "head_bbox": {
        "x0": 758,
        "y0": 350,
        "x1": 804,
        "y1": 399,
        "w": 46,
        "h": 49
    },
    "frame_size": {
        "h": 1080,
        "w": 1920
    },
    "head_pose_angle_6drepnet360": {
        "yaw": -61.664371490478516,
        "pitch": 147.63291931152344,
        "roll": -170.18966674804688
    }
}