{
    "video_name": "cm2023051608",
    "frame_id": 63601,
    "head_bbox": {
        "x0": 760,
        "y0": 349,
        "x1": 805,
        "y1": 401,
        "w": 45,
        "h": 52
    },
    "frame_size": {
        "h": 1080,
        "w": 1920
    },
    "head_pose_angle_6drepnet360": {
        "yaw": -69.56219482421875,
        "pitch": 162.4712371826172,
        "roll": -176.3288116455078
    }
}