{
    "video_name": "cm2023051608",
    "frame_id": 63701,
    "head_bbox": {
        "x0": 745,
        "y0": 339,
        "x1": 788,
        "y1": 387,
        "w": 43,
        "h": 48
    },
    "frame_size": {
        "h": 1080,
        "w": 1920
    },
    "head_pose_angle_6drepnet360": {
        "yaw": -80.10882568359375,
        "pitch": 84.8860855102539,
        "roll": -90.60026550292969
    }
}