{
    "video_name": "cm2023051608",
    "frame_id": 63901,
    "head_bbox": {
        "x0": 752,
        "y0": 346,
        "x1": 796,
        "y1": 391,
        "w": 44,
        "h": 45
    },
    "frame_size": {
        "h": 1080,
        "w": 1920
    },
    "head_pose_angle_6drepnet360": {
        "yaw": -58.776512145996094,
        "pitch": 23.217044830322266,
        "roll": -29.409061431884766
    }
}