{
    "video_name": "cm2023051608",
    "frame_id": 64201,
    "head_bbox": {
        "x0": 637,
        "y0": 340,
        "x1": 676,
        "y1": 391,
        "w": 39,
        "h": 51
    },
    "frame_size": {
        "h": 1080,
        "w": 1920
    },
    "head_pose_angle_6drepnet360": {
        "yaw": 16.50800323486328,
        "pitch": -18.303579330444336,
        "roll": -12.591485023498535
    }
}