{
    "video_name": "cm2023051608",
    "frame_id": 64301,
    "head_bbox": {
        "x0": 610,
        "y0": 354,
        "x1": 648,
        "y1": 403,
        "w": 38,
        "h": 49
    },
    "frame_size": {
        "h": 1080,
        "w": 1920
    },
    "head_pose_angle_6drepnet360": {
        "yaw": 1.9958704710006714,
        "pitch": -13.508164405822754,
        "roll": -7.907501697540283
    }
}