{
    "video_name": "cm2023051608",
    "frame_id": 64401,
    "head_bbox": {
        "x0": 608,
        "y0": 354,
        "x1": 645,
        "y1": 405,
        "w": 37,
        "h": 51
    },
    "frame_size": {
        "h": 1080,
        "w": 1920
    },
    "head_pose_angle_6drepnet360": {
        "yaw": -9.106822967529297,
        "pitch": -22.149988174438477,
        "roll": -4.248847961425781
    }
}