{
    "video_name": "cm2023051608",
    "frame_id": 64601,
    "head_bbox": {
        "x0": 771,
        "y0": 336,
        "x1": 810,
        "y1": 382,
        "w": 39,
        "h": 46
    },
    "frame_size": {
        "h": 1080,
        "w": 1920
    },
    "head_pose_angle_6drepnet360": {
        "yaw": -28.228979110717773,
        "pitch": 2.447150707244873,
        "roll": -6.344921112060547
    }
}