{
    "video_name": "cm2023051608",
    "frame_id": 65001,
    "head_bbox": {
        "x0": 609,
        "y0": 346,
        "x1": 647,
        "y1": 398,
        "w": 38,
        "h": 52
    },
    "frame_size": {
        "h": 1080,
        "w": 1920
    },
    "head_pose_angle_6drepnet360": {
        "yaw": -7.5126566886901855,
        "pitch": -14.339811325073242,
        "roll": -1.555434226989746
    }
}