{
    "video_name": "cm2023051608",
    "frame_id": 65301,
    "head_bbox": {
        "x0": 619,
        "y0": 342,
        "x1": 660,
        "y1": 391,
        "w": 41,
        "h": 49
    },
    "frame_size": {
        "h": 1080,
        "w": 1920
    },
    "head_pose_angle_6drepnet360": {
        "yaw": -45.5791015625,
        "pitch": -5.055514812469482,
        "roll": -0.5345291495323181
    }
}