{
    "video_name": "cm2023051608",
    "frame_id": 65501,
    "head_bbox": {
        "x0": 765,
        "y0": 342,
        "x1": 805,
        "y1": 394,
        "w": 40,
        "h": 52
    },
    "frame_size": {
        "h": 1080,
        "w": 1920
    },
    "head_pose_angle_6drepnet360": {
        "yaw": -42.92938232421875,
        "pitch": 2.351925849914551,
        "roll": -7.047275543212891
    }
}