{
    "video_name": "cm2023051608",
    "frame_id": 65901,
    "head_bbox": {
        "x0": 752,
        "y0": 349,
        "x1": 802,
        "y1": 396,
        "w": 50,
        "h": 47
    },
    "frame_size": {
        "h": 1080,
        "w": 1920
    },
    "head_pose_angle_6drepnet360": {
        "yaw": -46.5831413269043,
        "pitch": 152.47006225585938,
        "roll": -179.93731689453125
    }
}