{
    "video_name": "cm2023051608",
    "frame_id": 66001,
    "head_bbox": {
        "x0": 771,
        "y0": 339,
        "x1": 814,
        "y1": 382,
        "w": 43,
        "h": 43
    },
    "frame_size": {
        "h": 1080,
        "w": 1920
    },
    "head_pose_angle_6drepnet360": {
        "yaw": -36.6024169921875,
        "pitch": 147.361083984375,
        "roll": -167.35609436035156
    }
}