{
    "video_name": "cm2023051608",
    "frame_id": 66101,
    "head_bbox": {
        "x0": 659,
        "y0": 339,
        "x1": 698,
        "y1": 390,
        "w": 39,
        "h": 51
    },
    "frame_size": {
        "h": 1080,
        "w": 1920
    },
    "head_pose_angle_6drepnet360": {
        "yaw": 32.29106521606445,
        "pitch": -24.008329391479492,
        "roll": -9.669832229614258
    }
}