{
    "video_name": "cm2023051608",
    "frame_id": 66201,
    "head_bbox": {
        "x0": 465,
        "y0": 337,
        "x1": 499,
        "y1": 373,
        "w": 34,
        "h": 36
    },
    "frame_size": {
        "h": 1080,
        "w": 1920
    },
    "head_pose_angle_6drepnet360": {
        "yaw": -35.099605560302734,
        "pitch": -162.45689392089844,
        "roll": 170.807861328125
    }
}