{
    "video_name": "cm2023051608",
    "frame_id": 66301,
    "head_bbox": {
        "x0": 490,
        "y0": 335,
        "x1": 526,
        "y1": 373,
        "w": 36,
        "h": 38
    },
    "frame_size": {
        "h": 1080,
        "w": 1920
    },
    "head_pose_angle_6drepnet360": {
        "yaw": -12.935384750366211,
        "pitch": 170.2738037109375,
        "roll": 174.24664306640625
    }
}