{
    "video_name": "cm2023051608",
    "frame_id": 66501,
    "head_bbox": {
        "x0": 598,
        "y0": 336,
        "x1": 639,
        "y1": 377,
        "w": 41,
        "h": 41
    },
    "frame_size": {
        "h": 1080,
        "w": 1920
    },
    "head_pose_angle_6drepnet360": {
        "yaw": -10.760953903198242,
        "pitch": -163.96575927734375,
        "roll": -168.58169555664062
    }
}