{
    "video_name": "cm2023051608",
    "frame_id": 6701,
    "head_bbox": {
        "x0": 1035,
        "y0": 603,
        "x1": 1122,
        "y1": 695,
        "w": 87,
        "h": 92
    },
    "frame_size": {
        "h": 1080,
        "w": 1920
    },
    "head_pose_angle_6drepnet360": {
        "yaw": -2.2551867961883545,
        "pitch": 178.43707275390625,
        "roll": -177.99639892578125
    }
}