{
    "video_name": "cm2023051608",
    "frame_id": 67301,
    "head_bbox": {
        "x0": 494,
        "y0": 336,
        "x1": 540,
        "y1": 383,
        "w": 46,
        "h": 47
    },
    "frame_size": {
        "h": 1080,
        "w": 1920
    },
    "head_pose_angle_6drepnet360": {
        "yaw": -27.598079681396484,
        "pitch": 157.6253204345703,
        "roll": 172.92251586914062
    }
}