{
    "video_name": "cm2023051608",
    "frame_id": 67601,
    "head_bbox": {
        "x0": 563,
        "y0": 326,
        "x1": 603,
        "y1": 362,
        "w": 40,
        "h": 36
    },
    "frame_size": {
        "h": 1080,
        "w": 1920
    },
    "head_pose_angle_6drepnet360": {
        "yaw": -23.836523056030273,
        "pitch": 160.24314880371094,
        "roll": 172.58261108398438
    }
}