{
    "video_name": "cm2023051608",
    "frame_id": 67701,
    "head_bbox": {
        "x0": 445,
        "y0": 340,
        "x1": 501,
        "y1": 387,
        "w": 56,
        "h": 47
    },
    "frame_size": {
        "h": 1080,
        "w": 1920
    },
    "head_pose_angle_6drepnet360": {
        "yaw": -52.985679626464844,
        "pitch": 148.00071716308594,
        "roll": -155.7982177734375
    }
}