{
    "video_name": "cm2023051608",
    "frame_id": 68001,
    "head_bbox": {
        "x0": 403,
        "y0": 339,
        "x1": 444,
        "y1": 382,
        "w": 41,
        "h": 43
    },
    "frame_size": {
        "h": 1080,
        "w": 1920
    },
    "head_pose_angle_6drepnet360": {
        "yaw": -32.29588317871094,
        "pitch": 152.97021484375,
        "roll": -178.94320678710938
    }
}