{
    "video_name": "cm2023051608",
    "frame_id": 6801,
    "head_bbox": {
        "x0": 997,
        "y0": 484,
        "x1": 1066,
        "y1": 553,
        "w": 69,
        "h": 69
    },
    "frame_size": {
        "h": 1080,
        "w": 1920
    },
    "head_pose_angle_6drepnet360": {
        "yaw": 13.05453109741211,
        "pitch": -165.5709686279297,
        "roll": -171.68724060058594
    }
}