{
    "video_name": "cm2023051608",
    "frame_id": 68101,
    "head_bbox": {
        "x0": 395,
        "y0": 340,
        "x1": 436,
        "y1": 380,
        "w": 41,
        "h": 40
    },
    "frame_size": {
        "h": 1080,
        "w": 1920
    },
    "head_pose_angle_6drepnet360": {
        "yaw": -30.9467830657959,
        "pitch": 164.0610809326172,
        "roll": -175.9210662841797
    }
}