{
    "video_name": "cm2023051608",
    "frame_id": 68301,
    "head_bbox": {
        "x0": 557,
        "y0": 347,
        "x1": 598,
        "y1": 398,
        "w": 41,
        "h": 51
    },
    "frame_size": {
        "h": 1080,
        "w": 1920
    },
    "head_pose_angle_6drepnet360": {
        "yaw": -32.1676025390625,
        "pitch": -5.5580010414123535,
        "roll": 0.16376180946826935
    }
}