{
    "video_name": "cm2023051608",
    "frame_id": 68401,
    "head_bbox": {
        "x0": 603,
        "y0": 343,
        "x1": 644,
        "y1": 389,
        "w": 41,
        "h": 46
    },
    "frame_size": {
        "h": 1080,
        "w": 1920
    },
    "head_pose_angle_6drepnet360": {
        "yaw": -26.09063720703125,
        "pitch": 1.701730489730835,
        "roll": -5.718170166015625
    }
}