{
    "video_name": "cm2023051608",
    "frame_id": 68501,
    "head_bbox": {
        "x0": 603,
        "y0": 343,
        "x1": 644,
        "y1": 387,
        "w": 41,
        "h": 44
    },
    "frame_size": {
        "h": 1080,
        "w": 1920
    },
    "head_pose_angle_6drepnet360": {
        "yaw": -43.5477409362793,
        "pitch": 1.755961537361145,
        "roll": -9.039920806884766
    }
}