{
    "video_name": "cm2023051608",
    "frame_id": 68801,
    "head_bbox": {
        "x0": 608,
        "y0": 348,
        "x1": 656,
        "y1": 396,
        "w": 48,
        "h": 48
    },
    "frame_size": {
        "h": 1080,
        "w": 1920
    },
    "head_pose_angle_6drepnet360": {
        "yaw": -77.87410736083984,
        "pitch": 107.31607055664062,
        "roll": -121.01638793945312
    }
}