{
    "video_name": "cm2023051608",
    "frame_id": 68901,
    "head_bbox": {
        "x0": 610,
        "y0": 349,
        "x1": 656,
        "y1": 394,
        "w": 46,
        "h": 45
    },
    "frame_size": {
        "h": 1080,
        "w": 1920
    },
    "head_pose_angle_6drepnet360": {
        "yaw": -64.31114196777344,
        "pitch": 125.13360595703125,
        "roll": -145.48143005371094
    }
}