{
    "video_name": "cm2023051608",
    "frame_id": 69101,
    "head_bbox": {
        "x0": 766,
        "y0": 342,
        "x1": 809,
        "y1": 386,
        "w": 43,
        "h": 44
    },
    "frame_size": {
        "h": 1080,
        "w": 1920
    },
    "head_pose_angle_6drepnet360": {
        "yaw": -52.44356918334961,
        "pitch": 146.5066375732422,
        "roll": -171.30276489257812
    }
}