{
    "video_name": "cm2023051608",
    "frame_id": 69201,
    "head_bbox": {
        "x0": 635,
        "y0": 341,
        "x1": 682,
        "y1": 387,
        "w": 47,
        "h": 46
    },
    "frame_size": {
        "h": 1080,
        "w": 1920
    },
    "head_pose_angle_6drepnet360": {
        "yaw": -56.27507781982422,
        "pitch": 129.45826721191406,
        "roll": -143.48431396484375
    }
}