{
    "video_name": "cm2023051608",
    "frame_id": 69301,
    "head_bbox": {
        "x0": 591,
        "y0": 352,
        "x1": 631,
        "y1": 399,
        "w": 40,
        "h": 47
    },
    "frame_size": {
        "h": 1080,
        "w": 1920
    },
    "head_pose_angle_6drepnet360": {
        "yaw": -33.15737533569336,
        "pitch": -177.82952880859375,
        "roll": 156.32469177246094
    }
}