{
    "video_name": "cm2023051608",
    "frame_id": 69401,
    "head_bbox": {
        "x0": 504,
        "y0": 340,
        "x1": 549,
        "y1": 385,
        "w": 45,
        "h": 45
    },
    "frame_size": {
        "h": 1080,
        "w": 1920
    },
    "head_pose_angle_6drepnet360": {
        "yaw": -61.436859130859375,
        "pitch": 146.80906677246094,
        "roll": -166.9161834716797
    }
}