{
    "video_name": "cm2023051608",
    "frame_id": 69601,
    "head_bbox": {
        "x0": 571,
        "y0": 343,
        "x1": 612,
        "y1": 396,
        "w": 41,
        "h": 53
    },
    "frame_size": {
        "h": 1080,
        "w": 1920
    },
    "head_pose_angle_6drepnet360": {
        "yaw": -18.65915870666504,
        "pitch": -9.99510383605957,
        "roll": -6.8959879875183105
    }
}