{
    "video_name": "cm2023051608",
    "frame_id": 69701,
    "head_bbox": {
        "x0": 558,
        "y0": 343,
        "x1": 593,
        "y1": 387,
        "w": 35,
        "h": 44
    },
    "frame_size": {
        "h": 1080,
        "w": 1920
    },
    "head_pose_angle_6drepnet360": {
        "yaw": -12.83517837524414,
        "pitch": 158.06703186035156,
        "roll": 171.0726776123047
    }
}