{
    "video_name": "cm2023051608",
    "frame_id": 70001,
    "head_bbox": {
        "x0": 602,
        "y0": 349,
        "x1": 643,
        "y1": 397,
        "w": 41,
        "h": 48
    },
    "frame_size": {
        "h": 1080,
        "w": 1920
    },
    "head_pose_angle_6drepnet360": {
        "yaw": -17.341529846191406,
        "pitch": -14.59363079071045,
        "roll": 4.040997505187988
    }
}