{
    "video_name": "cm2023051608",
    "frame_id": 701,
    "head_bbox": {
        "x0": 763,
        "y0": 341,
        "x1": 800,
        "y1": 387,
        "w": 37,
        "h": 46
    },
    "frame_size": {
        "h": 1080,
        "w": 1920
    },
    "head_pose_angle_6drepnet360": {
        "yaw": -53.927276611328125,
        "pitch": 174.57826232910156,
        "roll": 179.86639404296875
    }
}