{
    "video_name": "cm2023051608",
    "frame_id": 70101,
    "head_bbox": {
        "x0": 603,
        "y0": 347,
        "x1": 644,
        "y1": 399,
        "w": 41,
        "h": 52
    },
    "frame_size": {
        "h": 1080,
        "w": 1920
    },
    "head_pose_angle_6drepnet360": {
        "yaw": -19.04404067993164,
        "pitch": -11.617471694946289,
        "roll": 4.680130481719971
    }
}