{
    "video_name": "cm2023051608",
    "frame_id": 70201,
    "head_bbox": {
        "x0": 599,
        "y0": 346,
        "x1": 641,
        "y1": 397,
        "w": 42,
        "h": 51
    },
    "frame_size": {
        "h": 1080,
        "w": 1920
    },
    "head_pose_angle_6drepnet360": {
        "yaw": -37.532371520996094,
        "pitch": -26.726892471313477,
        "roll": 11.949589729309082
    }
}