{
    "video_name": "cm2023051608",
    "frame_id": 70501,
    "head_bbox": {
        "x0": 599,
        "y0": 342,
        "x1": 646,
        "y1": 387,
        "w": 47,
        "h": 45
    },
    "frame_size": {
        "h": 1080,
        "w": 1920
    },
    "head_pose_angle_6drepnet360": {
        "yaw": -65.39154815673828,
        "pitch": 83.63388061523438,
        "roll": -90.13391876220703
    }
}