{
    "video_name": "cm2023051608",
    "frame_id": 70601,
    "head_bbox": {
        "x0": 788,
        "y0": 342,
        "x1": 828,
        "y1": 390,
        "w": 40,
        "h": 48
    },
    "frame_size": {
        "h": 1080,
        "w": 1920
    },
    "head_pose_angle_6drepnet360": {
        "yaw": -55.52827072143555,
        "pitch": 176.5759735107422,
        "roll": 166.24453735351562
    }
}