{
    "video_name": "cm2023051608",
    "frame_id": 70801,
    "head_bbox": {
        "x0": 551,
        "y0": 341,
        "x1": 591,
        "y1": 385,
        "w": 40,
        "h": 44
    },
    "frame_size": {
        "h": 1080,
        "w": 1920
    },
    "head_pose_angle_6drepnet360": {
        "yaw": -26.067506790161133,
        "pitch": 159.24183654785156,
        "roll": 174.16049194335938
    }
}