{
    "video_name": "cm2023051608",
    "frame_id": 71101,
    "head_bbox": {
        "x0": 619,
        "y0": 348,
        "x1": 660,
        "y1": 400,
        "w": 41,
        "h": 52
    },
    "frame_size": {
        "h": 1080,
        "w": 1920
    },
    "head_pose_angle_6drepnet360": {
        "yaw": 0.5702410340309143,
        "pitch": -10.167932510375977,
        "roll": -0.24930931627750397
    }
}