{
    "video_name": "cm2023051608",
    "frame_id": 71201,
    "head_bbox": {
        "x0": 613,
        "y0": 356,
        "x1": 651,
        "y1": 407,
        "w": 38,
        "h": 51
    },
    "frame_size": {
        "h": 1080,
        "w": 1920
    },
    "head_pose_angle_6drepnet360": {
        "yaw": -13.255507469177246,
        "pitch": -10.810246467590332,
        "roll": -0.09040410816669464
    }
}