{
    "video_name": "cm2023051608",
    "frame_id": 71301,
    "head_bbox": {
        "x0": 611,
        "y0": 354,
        "x1": 650,
        "y1": 405,
        "w": 39,
        "h": 51
    },
    "frame_size": {
        "h": 1080,
        "w": 1920
    },
    "head_pose_angle_6drepnet360": {
        "yaw": -12.691668510437012,
        "pitch": -14.59009838104248,
        "roll": -0.3815009295940399
    }
}