{
    "video_name": "cm2023051608",
    "frame_id": 71401,
    "head_bbox": {
        "x0": 663,
        "y0": 343,
        "x1": 708,
        "y1": 385,
        "w": 45,
        "h": 42
    },
    "frame_size": {
        "h": 1080,
        "w": 1920
    },
    "head_pose_angle_6drepnet360": {
        "yaw": -63.370792388916016,
        "pitch": 121.7099609375,
        "roll": -130.41781616210938
    }
}