{
    "video_name": "cm2023051608",
    "frame_id": 71501,
    "head_bbox": {
        "x0": 719,
        "y0": 341,
        "x1": 766,
        "y1": 387,
        "w": 47,
        "h": 46
    },
    "frame_size": {
        "h": 1080,
        "w": 1920
    },
    "head_pose_angle_6drepnet360": {
        "yaw": -55.13969039916992,
        "pitch": 114.84866333007812,
        "roll": -134.10855102539062
    }
}