{
    "video_name": "cm2023051608",
    "frame_id": 71601,
    "head_bbox": {
        "x0": 583,
        "y0": 341,
        "x1": 626,
        "y1": 392,
        "w": 43,
        "h": 51
    },
    "frame_size": {
        "h": 1080,
        "w": 1920
    },
    "head_pose_angle_6drepnet360": {
        "yaw": -21.86848258972168,
        "pitch": -12.326288223266602,
        "roll": 4.229152202606201
    }
}