{
    "video_name": "cm2023051608",
    "frame_id": 71701,
    "head_bbox": {
        "x0": 591,
        "y0": 344,
        "x1": 630,
        "y1": 394,
        "w": 39,
        "h": 50
    },
    "frame_size": {
        "h": 1080,
        "w": 1920
    },
    "head_pose_angle_6drepnet360": {
        "yaw": -15.952305793762207,
        "pitch": -8.630072593688965,
        "roll": 1.8860095739364624
    }
}