{
    "video_name": "cm2023051608",
    "frame_id": 71801,
    "head_bbox": {
        "x0": 592,
        "y0": 344,
        "x1": 632,
        "y1": 395,
        "w": 40,
        "h": 51
    },
    "frame_size": {
        "h": 1080,
        "w": 1920
    },
    "head_pose_angle_6drepnet360": {
        "yaw": -19.523027420043945,
        "pitch": -8.848837852478027,
        "roll": 3.047236680984497
    }
}