{
    "video_name": "cm2023051608",
    "frame_id": 71901,
    "head_bbox": {
        "x0": 603,
        "y0": 352,
        "x1": 644,
        "y1": 403,
        "w": 41,
        "h": 51
    },
    "frame_size": {
        "h": 1080,
        "w": 1920
    },
    "head_pose_angle_6drepnet360": {
        "yaw": -13.463822364807129,
        "pitch": -20.02191925048828,
        "roll": -3.952352523803711
    }
}