{
    "video_name": "cm2023051608",
    "frame_id": 72001,
    "head_bbox": {
        "x0": 616,
        "y0": 353,
        "x1": 654,
        "y1": 400,
        "w": 38,
        "h": 47
    },
    "frame_size": {
        "h": 1080,
        "w": 1920
    },
    "head_pose_angle_6drepnet360": {
        "yaw": -3.644263982772827,
        "pitch": -11.404460906982422,
        "roll": -4.18505334854126
    }
}