{
    "video_name": "cm2023051608",
    "frame_id": 7201,
    "head_bbox": {
        "x0": 660,
        "y0": 350,
        "x1": 698,
        "y1": 400,
        "w": 38,
        "h": 50
    },
    "frame_size": {
        "h": 1080,
        "w": 1920
    },
    "head_pose_angle_6drepnet360": {
        "yaw": 7.584035396575928,
        "pitch": -33.0783576965332,
        "roll": -6.941455841064453
    }
}