{
    "video_name": "cm2023051608",
    "frame_id": 72101,
    "head_bbox": {
        "x0": 613,
        "y0": 350,
        "x1": 652,
        "y1": 398,
        "w": 39,
        "h": 48
    },
    "frame_size": {
        "h": 1080,
        "w": 1920
    },
    "head_pose_angle_6drepnet360": {
        "yaw": -10.803431510925293,
        "pitch": -12.412217140197754,
        "roll": -3.2059271335601807
    }
}