{
    "video_name": "cm2023051608",
    "frame_id": 72201,
    "head_bbox": {
        "x0": 624,
        "y0": 357,
        "x1": 664,
        "y1": 405,
        "w": 40,
        "h": 48
    },
    "frame_size": {
        "h": 1080,
        "w": 1920
    },
    "head_pose_angle_6drepnet360": {
        "yaw": -12.158671379089355,
        "pitch": -13.5892333984375,
        "roll": 10.552358627319336
    }
}