{
    "video_name": "cm2023051608",
    "frame_id": 72301,
    "head_bbox": {
        "x0": 615,
        "y0": 349,
        "x1": 656,
        "y1": 397,
        "w": 41,
        "h": 48
    },
    "frame_size": {
        "h": 1080,
        "w": 1920
    },
    "head_pose_angle_6drepnet360": {
        "yaw": -9.08540153503418,
        "pitch": -8.007463455200195,
        "roll": 2.285947561264038
    }
}