{
    "video_name": "cm2023051608",
    "frame_id": 72501,
    "head_bbox": {
        "x0": 617,
        "y0": 347,
        "x1": 657,
        "y1": 401,
        "w": 40,
        "h": 54
    },
    "frame_size": {
        "h": 1080,
        "w": 1920
    },
    "head_pose_angle_6drepnet360": {
        "yaw": -23.904722213745117,
        "pitch": -14.883499145507812,
        "roll": 8.138214111328125
    }
}