{
    "video_name": "cm2023051608",
    "frame_id": 72601,
    "head_bbox": {
        "x0": 617,
        "y0": 346,
        "x1": 656,
        "y1": 399,
        "w": 39,
        "h": 53
    },
    "frame_size": {
        "h": 1080,
        "w": 1920
    },
    "head_pose_angle_6drepnet360": {
        "yaw": -9.017786979675293,
        "pitch": -13.89393138885498,
        "roll": 1.9525089263916016
    }
}