{
    "video_name": "cm2023051608",
    "frame_id": 72901,
    "head_bbox": {
        "x0": 617,
        "y0": 350,
        "x1": 657,
        "y1": 401,
        "w": 40,
        "h": 51
    },
    "frame_size": {
        "h": 1080,
        "w": 1920
    },
    "head_pose_angle_6drepnet360": {
        "yaw": -7.282039165496826,
        "pitch": -9.433615684509277,
        "roll": -1.2591465711593628
    }
}