{
    "video_name": "cm2023051608",
    "frame_id": 73001,
    "head_bbox": {
        "x0": 618,
        "y0": 343,
        "x1": 663,
        "y1": 390,
        "w": 45,
        "h": 47
    },
    "frame_size": {
        "h": 1080,
        "w": 1920
    },
    "head_pose_angle_6drepnet360": {
        "yaw": -69.21355438232422,
        "pitch": 107.27994537353516,
        "roll": -122.09573364257812
    }
}