{
    "video_name": "cm2023051608",
    "frame_id": 73101,
    "head_bbox": {
        "x0": 612,
        "y0": 349,
        "x1": 661,
        "y1": 394,
        "w": 49,
        "h": 45
    },
    "frame_size": {
        "h": 1080,
        "w": 1920
    },
    "head_pose_angle_6drepnet360": {
        "yaw": -62.572715759277344,
        "pitch": 78.44959259033203,
        "roll": -96.22023010253906
    }
}