{
    "video_name": "cm2023051608",
    "frame_id": 73201,
    "head_bbox": {
        "x0": 611,
        "y0": 349,
        "x1": 658,
        "y1": 393,
        "w": 47,
        "h": 44
    },
    "frame_size": {
        "h": 1080,
        "w": 1920
    },
    "head_pose_angle_6drepnet360": {
        "yaw": -67.6966781616211,
        "pitch": 74.58716583251953,
        "roll": -89.31175231933594
    }
}