{
    "video_name": "cm2023051608",
    "frame_id": 73301,
    "head_bbox": {
        "x0": 611,
        "y0": 348,
        "x1": 657,
        "y1": 390,
        "w": 46,
        "h": 42
    },
    "frame_size": {
        "h": 1080,
        "w": 1920
    },
    "head_pose_angle_6drepnet360": {
        "yaw": -63.476566314697266,
        "pitch": 86.88154602050781,
        "roll": -101.29457092285156
    }
}