{
    "video_name": "cm2023051608",
    "frame_id": 73401,
    "head_bbox": {
        "x0": 613,
        "y0": 345,
        "x1": 655,
        "y1": 394,
        "w": 42,
        "h": 49
    },
    "frame_size": {
        "h": 1080,
        "w": 1920
    },
    "head_pose_angle_6drepnet360": {
        "yaw": 3.6190524101257324,
        "pitch": 0.46502840518951416,
        "roll": -1.3404126167297363
    }
}