{
    "video_name": "cm2023051608",
    "frame_id": 73501,
    "head_bbox": {
        "x0": 850,
        "y0": 337,
        "x1": 889,
        "y1": 385,
        "w": 39,
        "h": 48
    },
    "frame_size": {
        "h": 1080,
        "w": 1920
    },
    "head_pose_angle_6drepnet360": {
        "yaw": -46.870216369628906,
        "pitch": -178.09603881835938,
        "roll": 169.0552978515625
    }
}