{
    "video_name": "cm2023051608",
    "frame_id": 73701,
    "head_bbox": {
        "x0": 812,
        "y0": 344,
        "x1": 854,
        "y1": 385,
        "w": 42,
        "h": 41
    },
    "frame_size": {
        "h": 1080,
        "w": 1920
    },
    "head_pose_angle_6drepnet360": {
        "yaw": -48.52594757080078,
        "pitch": 137.84576416015625,
        "roll": -156.75607299804688
    }
}