{
    "video_name": "cm2023051608",
    "frame_id": 74001,
    "head_bbox": {
        "x0": 739,
        "y0": 339,
        "x1": 786,
        "y1": 387,
        "w": 47,
        "h": 48
    },
    "frame_size": {
        "h": 1080,
        "w": 1920
    },
    "head_pose_angle_6drepnet360": {
        "yaw": -45.63261795043945,
        "pitch": 137.2337188720703,
        "roll": -160.02279663085938
    }
}