{
    "video_name": "cm2023051608",
    "frame_id": 7401,
    "head_bbox": {
        "x0": 649,
        "y0": 354,
        "x1": 688,
        "y1": 404,
        "w": 39,
        "h": 50
    },
    "frame_size": {
        "h": 1080,
        "w": 1920
    },
    "head_pose_angle_6drepnet360": {
        "yaw": 2.225541114807129,
        "pitch": -48.34902572631836,
        "roll": 1.1881189346313477
    }
}