{
    "video_name": "cm2023051608",
    "frame_id": 74201,
    "head_bbox": {
        "x0": 611,
        "y0": 351,
        "x1": 651,
        "y1": 405,
        "w": 40,
        "h": 54
    },
    "frame_size": {
        "h": 1080,
        "w": 1920
    },
    "head_pose_angle_6drepnet360": {
        "yaw": -3.029905080795288,
        "pitch": -14.255756378173828,
        "roll": -2.327209949493408
    }
}