{
    "video_name": "cm2023051608",
    "frame_id": 74401,
    "head_bbox": {
        "x0": 734,
        "y0": 342,
        "x1": 780,
        "y1": 386,
        "w": 46,
        "h": 44
    },
    "frame_size": {
        "h": 1080,
        "w": 1920
    },
    "head_pose_angle_6drepnet360": {
        "yaw": -56.611427307128906,
        "pitch": 124.60890197753906,
        "roll": -148.8902587890625
    }
}