{
    "video_name": "cm2023051608",
    "frame_id": 74501,
    "head_bbox": {
        "x0": 913,
        "y0": 334,
        "x1": 953,
        "y1": 376,
        "w": 40,
        "h": 42
    },
    "frame_size": {
        "h": 1080,
        "w": 1920
    },
    "head_pose_angle_6drepnet360": {
        "yaw": -46.294654846191406,
        "pitch": 150.02955627441406,
        "roll": 178.6730194091797
    }
}