{
    "video_name": "cm2023051608",
    "frame_id": 74601,
    "head_bbox": {
        "x0": 920,
        "y0": 330,
        "x1": 959,
        "y1": 374,
        "w": 39,
        "h": 44
    },
    "frame_size": {
        "h": 1080,
        "w": 1920
    },
    "head_pose_angle_6drepnet360": {
        "yaw": -71.62610626220703,
        "pitch": 76.90457916259766,
        "roll": -100.93991088867188
    }
}