{
    "video_name": "cm2023051608",
    "frame_id": 74801,
    "head_bbox": {
        "x0": 612,
        "y0": 351,
        "x1": 652,
        "y1": 404,
        "w": 40,
        "h": 53
    },
    "frame_size": {
        "h": 1080,
        "w": 1920
    },
    "head_pose_angle_6drepnet360": {
        "yaw": -1.0988945960998535,
        "pitch": -14.075593948364258,
        "roll": -1.5997767448425293
    }
}