{
    "video_name": "cm2023051608",
    "frame_id": 74901,
    "head_bbox": {
        "x0": 613,
        "y0": 351,
        "x1": 652,
        "y1": 403,
        "w": 39,
        "h": 52
    },
    "frame_size": {
        "h": 1080,
        "w": 1920
    },
    "head_pose_angle_6drepnet360": {
        "yaw": 1.7916065454483032,
        "pitch": -12.877238273620605,
        "roll": -2.3889594078063965
    }
}