{
    "video_name": "cm2023051608",
    "frame_id": 75001,
    "head_bbox": {
        "x0": 615,
        "y0": 353,
        "x1": 654,
        "y1": 405,
        "w": 39,
        "h": 52
    },
    "frame_size": {
        "h": 1080,
        "w": 1920
    },
    "head_pose_angle_6drepnet360": {
        "yaw": -6.410610198974609,
        "pitch": -13.298018455505371,
        "roll": -2.713207244873047
    }
}