{
    "video_name": "cm2023051608",
    "frame_id": 7501,
    "head_bbox": {
        "x0": 650,
        "y0": 353,
        "x1": 690,
        "y1": 403,
        "w": 40,
        "h": 50
    },
    "frame_size": {
        "h": 1080,
        "w": 1920
    },
    "head_pose_angle_6drepnet360": {
        "yaw": 1.5189874172210693,
        "pitch": -48.863739013671875,
        "roll": 0.3785792589187622
    }
}