{
    "video_name": "cm2023051608",
    "frame_id": 75101,
    "head_bbox": {
        "x0": 614,
        "y0": 353,
        "x1": 653,
        "y1": 404,
        "w": 39,
        "h": 51
    },
    "frame_size": {
        "h": 1080,
        "w": 1920
    },
    "head_pose_angle_6drepnet360": {
        "yaw": -0.8699865341186523,
        "pitch": -11.923394203186035,
        "roll": -2.727214813232422
    }
}