{
    "video_name": "cm2023051608",
    "frame_id": 75201,
    "head_bbox": {
        "x0": 681,
        "y0": 340,
        "x1": 732,
        "y1": 383,
        "w": 51,
        "h": 43
    },
    "frame_size": {
        "h": 1080,
        "w": 1920
    },
    "head_pose_angle_6drepnet360": {
        "yaw": -61.356563568115234,
        "pitch": 124.12635803222656,
        "roll": -139.3106689453125
    }
}