{
    "video_name": "cm2023051608",
    "frame_id": 75301,
    "head_bbox": {
        "x0": 855,
        "y0": 339,
        "x1": 894,
        "y1": 382,
        "w": 39,
        "h": 43
    },
    "frame_size": {
        "h": 1080,
        "w": 1920
    },
    "head_pose_angle_6drepnet360": {
        "yaw": -57.583274841308594,
        "pitch": 157.74925231933594,
        "roll": 179.54457092285156
    }
}