{
    "video_name": "cm2023051608",
    "frame_id": 75401,
    "head_bbox": {
        "x0": 939,
        "y0": 339,
        "x1": 978,
        "y1": 383,
        "w": 39,
        "h": 44
    },
    "frame_size": {
        "h": 1080,
        "w": 1920
    },
    "head_pose_angle_6drepnet360": {
        "yaw": -57.91994857788086,
        "pitch": 161.87461853027344,
        "roll": -179.25328063964844
    }
}