{
    "video_name": "cm2023051608",
    "frame_id": 75701,
    "head_bbox": {
        "x0": 897,
        "y0": 341,
        "x1": 935,
        "y1": 389,
        "w": 38,
        "h": 48
    },
    "frame_size": {
        "h": 1080,
        "w": 1920
    },
    "head_pose_angle_6drepnet360": {
        "yaw": -76.87818908691406,
        "pitch": 163.7393035888672,
        "roll": -174.7898712158203
    }
}