{
    "video_name": "cm2023051608",
    "frame_id": 75801,
    "head_bbox": {
        "x0": 885,
        "y0": 332,
        "x1": 923,
        "y1": 377,
        "w": 38,
        "h": 45
    },
    "frame_size": {
        "h": 1080,
        "w": 1920
    },
    "head_pose_angle_6drepnet360": {
        "yaw": -67.6364974975586,
        "pitch": 154.9419708251953,
        "roll": -174.20028686523438
    }
}