{
    "video_name": "cm2023051608",
    "frame_id": 75901,
    "head_bbox": {
        "x0": 825,
        "y0": 346,
        "x1": 867,
        "y1": 391,
        "w": 42,
        "h": 45
    },
    "frame_size": {
        "h": 1080,
        "w": 1920
    },
    "head_pose_angle_6drepnet360": {
        "yaw": -72.16082763671875,
        "pitch": 167.317138671875,
        "roll": 179.61436462402344
    }
}