{
    "video_name": "cm2023051608",
    "frame_id": 76101,
    "head_bbox": {
        "x0": 595,
        "y0": 342,
        "x1": 634,
        "y1": 393,
        "w": 39,
        "h": 51
    },
    "frame_size": {
        "h": 1080,
        "w": 1920
    },
    "head_pose_angle_6drepnet360": {
        "yaw": -18.117998123168945,
        "pitch": -10.386394500732422,
        "roll": 0.4012664258480072
    }
}