{
    "video_name": "cm2023051608",
    "frame_id": 76201,
    "head_bbox": {
        "x0": 598,
        "y0": 343,
        "x1": 638,
        "y1": 396,
        "w": 40,
        "h": 53
    },
    "frame_size": {
        "h": 1080,
        "w": 1920
    },
    "head_pose_angle_6drepnet360": {
        "yaw": -16.069002151489258,
        "pitch": -8.42048168182373,
        "roll": 0.07491151243448257
    }
}