{
    "video_name": "cm2023051608",
    "frame_id": 76301,
    "head_bbox": {
        "x0": 600,
        "y0": 342,
        "x1": 640,
        "y1": 394,
        "w": 40,
        "h": 52
    },
    "frame_size": {
        "h": 1080,
        "w": 1920
    },
    "head_pose_angle_6drepnet360": {
        "yaw": -30.27425765991211,
        "pitch": -16.15037727355957,
        "roll": 12.398256301879883
    }
}