{
    "video_name": "cm2023051608",
    "frame_id": 76401,
    "head_bbox": {
        "x0": 612,
        "y0": 351,
        "x1": 650,
        "y1": 401,
        "w": 38,
        "h": 50
    },
    "frame_size": {
        "h": 1080,
        "w": 1920
    },
    "head_pose_angle_6drepnet360": {
        "yaw": -8.717750549316406,
        "pitch": -13.318083763122559,
        "roll": -7.838623523712158
    }
}