{
    "video_name": "cm2023051608",
    "frame_id": 76501,
    "head_bbox": {
        "x0": 608,
        "y0": 348,
        "x1": 649,
        "y1": 400,
        "w": 41,
        "h": 52
    },
    "frame_size": {
        "h": 1080,
        "w": 1920
    },
    "head_pose_angle_6drepnet360": {
        "yaw": -14.565010070800781,
        "pitch": -13.476510047912598,
        "roll": -3.6517038345336914
    }
}