{
    "video_name": "cm2023051608",
    "frame_id": 76601,
    "head_bbox": {
        "x0": 611,
        "y0": 350,
        "x1": 651,
        "y1": 402,
        "w": 40,
        "h": 52
    },
    "frame_size": {
        "h": 1080,
        "w": 1920
    },
    "head_pose_angle_6drepnet360": {
        "yaw": -10.818009376525879,
        "pitch": -11.892801284790039,
        "roll": -5.12441873550415
    }
}