{
    "video_name": "cm2023051608",
    "frame_id": 76701,
    "head_bbox": {
        "x0": 615,
        "y0": 351,
        "x1": 654,
        "y1": 400,
        "w": 39,
        "h": 49
    },
    "frame_size": {
        "h": 1080,
        "w": 1920
    },
    "head_pose_angle_6drepnet360": {
        "yaw": -15.363747596740723,
        "pitch": -13.109286308288574,
        "roll": 3.1591150760650635
    }
}