{
    "video_name": "cm2023051608",
    "frame_id": 7701,
    "head_bbox": {
        "x0": 652,
        "y0": 355,
        "x1": 690,
        "y1": 404,
        "w": 38,
        "h": 49
    },
    "frame_size": {
        "h": 1080,
        "w": 1920
    },
    "head_pose_angle_6drepnet360": {
        "yaw": 1.7563834190368652,
        "pitch": -39.458045959472656,
        "roll": -1.7176735401153564
    }
}