{
    "video_name": "cm2023051608",
    "frame_id": 77101,
    "head_bbox": {
        "x0": 910,
        "y0": 329,
        "x1": 951,
        "y1": 374,
        "w": 41,
        "h": 45
    },
    "frame_size": {
        "h": 1080,
        "w": 1920
    },
    "head_pose_angle_6drepnet360": {
        "yaw": -61.986122131347656,
        "pitch": 130.47589111328125,
        "roll": -144.34942626953125
    }
}