{
    "video_name": "cm2023051608",
    "frame_id": 77301,
    "head_bbox": {
        "x0": 942,
        "y0": 339,
        "x1": 976,
        "y1": 381,
        "w": 34,
        "h": 42
    },
    "frame_size": {
        "h": 1080,
        "w": 1920
    },
    "head_pose_angle_6drepnet360": {
        "yaw": -15.743963241577148,
        "pitch": 159.2933807373047,
        "roll": 175.82350158691406
    }
}