{
    "video_name": "cm2023051608",
    "frame_id": 77401,
    "head_bbox": {
        "x0": 727,
        "y0": 355,
        "x1": 767,
        "y1": 403,
        "w": 40,
        "h": 48
    },
    "frame_size": {
        "h": 1080,
        "w": 1920
    },
    "head_pose_angle_6drepnet360": {
        "yaw": -65.25082397460938,
        "pitch": 166.60415649414062,
        "roll": 177.82008361816406
    }
}