{
    "video_name": "cm2023051608",
    "frame_id": 77501,
    "head_bbox": {
        "x0": 719,
        "y0": 350,
        "x1": 762,
        "y1": 397,
        "w": 43,
        "h": 47
    },
    "frame_size": {
        "h": 1080,
        "w": 1920
    },
    "head_pose_angle_6drepnet360": {
        "yaw": -60.946434020996094,
        "pitch": 148.7398223876953,
        "roll": -168.35983276367188
    }
}