{
    "video_name": "cm2023051608",
    "frame_id": 77701,
    "head_bbox": {
        "x0": 594,
        "y0": 352,
        "x1": 632,
        "y1": 405,
        "w": 38,
        "h": 53
    },
    "frame_size": {
        "h": 1080,
        "w": 1920
    },
    "head_pose_angle_6drepnet360": {
        "yaw": -0.39391377568244934,
        "pitch": -16.54400634765625,
        "roll": -3.9968104362487793
    }
}