{
    "video_name": "cm2023051608",
    "frame_id": 78601,
    "head_bbox": {
        "x0": 730,
        "y0": 347,
        "x1": 771,
        "y1": 395,
        "w": 41,
        "h": 48
    },
    "frame_size": {
        "h": 1080,
        "w": 1920
    },
    "head_pose_angle_6drepnet360": {
        "yaw": -27.46186637878418,
        "pitch": 4.6334099769592285,
        "roll": -11.732569694519043
    }
}