{
    "video_name": "cm2023051608",
    "frame_id": 78801,
    "head_bbox": {
        "x0": 729,
        "y0": 349,
        "x1": 771,
        "y1": 405,
        "w": 42,
        "h": 56
    },
    "frame_size": {
        "h": 1080,
        "w": 1920
    },
    "head_pose_angle_6drepnet360": {
        "yaw": -4.622801780700684,
        "pitch": -8.268383979797363,
        "roll": -3.9786012172698975
    }
}