{
    "video_name": "cm2023051608",
    "frame_id": 79401,
    "head_bbox": {
        "x0": 744,
        "y0": 337,
        "x1": 784,
        "y1": 382,
        "w": 40,
        "h": 45
    },
    "frame_size": {
        "h": 1080,
        "w": 1920
    },
    "head_pose_angle_6drepnet360": {
        "yaw": -4.543779373168945,
        "pitch": -0.8272694945335388,
        "roll": -5.103945732116699
    }
}