{
    "video_name": "cm2023051608",
    "frame_id": 79501,
    "head_bbox": {
        "x0": 609,
        "y0": 355,
        "x1": 649,
        "y1": 407,
        "w": 40,
        "h": 52
    },
    "frame_size": {
        "h": 1080,
        "w": 1920
    },
    "head_pose_angle_6drepnet360": {
        "yaw": -10.685885429382324,
        "pitch": -17.14365577697754,
        "roll": -2.41510009765625
    }
}