{
    "video_name": "cm2023051608",
    "frame_id": 79601,
    "head_bbox": {
        "x0": 613,
        "y0": 355,
        "x1": 652,
        "y1": 406,
        "w": 39,
        "h": 51
    },
    "frame_size": {
        "h": 1080,
        "w": 1920
    },
    "head_pose_angle_6drepnet360": {
        "yaw": -14.035680770874023,
        "pitch": -11.388398170471191,
        "roll": 0.9625829458236694
    }
}