{
    "video_name": "cm2023051608",
    "frame_id": 79701,
    "head_bbox": {
        "x0": 610,
        "y0": 355,
        "x1": 651,
        "y1": 404,
        "w": 41,
        "h": 49
    },
    "frame_size": {
        "h": 1080,
        "w": 1920
    },
    "head_pose_angle_6drepnet360": {
        "yaw": -11.8970947265625,
        "pitch": -17.261686325073242,
        "roll": -2.957841157913208
    }
}