{
    "video_name": "cm2023051608",
    "frame_id": 79901,
    "head_bbox": {
        "x0": 638,
        "y0": 336,
        "x1": 683,
        "y1": 381,
        "w": 45,
        "h": 45
    },
    "frame_size": {
        "h": 1080,
        "w": 1920
    },
    "head_pose_angle_6drepnet360": {
        "yaw": -65.20035552978516,
        "pitch": 122.45550537109375,
        "roll": -130.14834594726562
    }
}