{
    "video_name": "cm2023051608",
    "frame_id": 801,
    "head_bbox": {
        "x0": 720,
        "y0": 333,
        "x1": 765,
        "y1": 381,
        "w": 45,
        "h": 48
    },
    "frame_size": {
        "h": 1080,
        "w": 1920
    },
    "head_pose_angle_6drepnet360": {
        "yaw": -68.52638244628906,
        "pitch": 149.4935302734375,
        "roll": -159.6545867919922
    }
}