{
    "video_name": "cm2023051608",
    "frame_id": 80201,
    "head_bbox": {
        "x0": 615,
        "y0": 349,
        "x1": 654,
        "y1": 396,
        "w": 39,
        "h": 47
    },
    "frame_size": {
        "h": 1080,
        "w": 1920
    },
    "head_pose_angle_6drepnet360": {
        "yaw": -3.549177646636963,
        "pitch": -7.772400379180908,
        "roll": -3.709214210510254
    }
}