{
    "video_name": "cm2023051608",
    "frame_id": 80301,
    "head_bbox": {
        "x0": 616,
        "y0": 348,
        "x1": 654,
        "y1": 397,
        "w": 38,
        "h": 49
    },
    "frame_size": {
        "h": 1080,
        "w": 1920
    },
    "head_pose_angle_6drepnet360": {
        "yaw": -2.0087409019470215,
        "pitch": -7.831555366516113,
        "roll": -4.304462909698486
    }
}