{
    "video_name": "cm2023051608",
    "frame_id": 80401,
    "head_bbox": {
        "x0": 617,
        "y0": 349,
        "x1": 655,
        "y1": 399,
        "w": 38,
        "h": 50
    },
    "frame_size": {
        "h": 1080,
        "w": 1920
    },
    "head_pose_angle_6drepnet360": {
        "yaw": -3.5423426628112793,
        "pitch": -8.334692001342773,
        "roll": 0.6769458055496216
    }
}