{
    "video_name": "cm2023051608",
    "frame_id": 8101,
    "head_bbox": {
        "x0": 650,
        "y0": 355,
        "x1": 688,
        "y1": 405,
        "w": 38,
        "h": 50
    },
    "frame_size": {
        "h": 1080,
        "w": 1920
    },
    "head_pose_angle_6drepnet360": {
        "yaw": -9.81423568725586,
        "pitch": -46.44163513183594,
        "roll": 7.582287788391113
    }
}