{
    "video_name": "cm2023051608",
    "frame_id": 8201,
    "head_bbox": {
        "x0": 651,
        "y0": 355,
        "x1": 689,
        "y1": 405,
        "w": 38,
        "h": 50
    },
    "frame_size": {
        "h": 1080,
        "w": 1920
    },
    "head_pose_angle_6drepnet360": {
        "yaw": 0.684037446975708,
        "pitch": -46.611263275146484,
        "roll": 1.471075177192688
    }
}