{
    "video_name": "cm2023051608",
    "frame_id": 8301,
    "head_bbox": {
        "x0": 651,
        "y0": 355,
        "x1": 689,
        "y1": 405,
        "w": 38,
        "h": 50
    },
    "frame_size": {
        "h": 1080,
        "w": 1920
    },
    "head_pose_angle_6drepnet360": {
        "yaw": -1.2996991872787476,
        "pitch": -43.84882736206055,
        "roll": 4.2388129234313965
    }
}