{
    "video_name": "cm2023051608",
    "frame_id": 8401,
    "head_bbox": {
        "x0": 653,
        "y0": 355,
        "x1": 690,
        "y1": 405,
        "w": 37,
        "h": 50
    },
    "frame_size": {
        "h": 1080,
        "w": 1920
    },
    "head_pose_angle_6drepnet360": {
        "yaw": -3.102895736694336,
        "pitch": -45.713802337646484,
        "roll": 6.541290283203125
    }
}