{
    "video_name": "cm2023051608",
    "frame_id": 8501,
    "head_bbox": {
        "x0": 651,
        "y0": 355,
        "x1": 689,
        "y1": 405,
        "w": 38,
        "h": 50
    },
    "frame_size": {
        "h": 1080,
        "w": 1920
    },
    "head_pose_angle_6drepnet360": {
        "yaw": -6.19807767868042,
        "pitch": -49.48440170288086,
        "roll": 3.5297904014587402
    }
}