{
    "video_name": "cm2023051608",
    "frame_id": 8601,
    "head_bbox": {
        "x0": 651,
        "y0": 354,
        "x1": 689,
        "y1": 404,
        "w": 38,
        "h": 50
    },
    "frame_size": {
        "h": 1080,
        "w": 1920
    },
    "head_pose_angle_6drepnet360": {
        "yaw": -4.472756385803223,
        "pitch": -41.76927947998047,
        "roll": -0.23659203946590424
    }
}