{
    "video_name": "cm2023051608",
    "frame_id": 8701,
    "head_bbox": {
        "x0": 650,
        "y0": 355,
        "x1": 689,
        "y1": 405,
        "w": 39,
        "h": 50
    },
    "frame_size": {
        "h": 1080,
        "w": 1920
    },
    "head_pose_angle_6drepnet360": {
        "yaw": 2.2156684398651123,
        "pitch": -42.773536682128906,
        "roll": -2.978909969329834
    }
}