{
    "video_name": "cm2023051608",
    "frame_id": 8801,
    "head_bbox": {
        "x0": 650,
        "y0": 354,
        "x1": 689,
        "y1": 404,
        "w": 39,
        "h": 50
    },
    "frame_size": {
        "h": 1080,
        "w": 1920
    },
    "head_pose_angle_6drepnet360": {
        "yaw": -13.912134170532227,
        "pitch": -43.96826171875,
        "roll": 8.101957321166992
    }
}