{
    "video_name": "cm2023051608",
    "frame_id": 8901,
    "head_bbox": {
        "x0": 651,
        "y0": 356,
        "x1": 690,
        "y1": 406,
        "w": 39,
        "h": 50
    },
    "frame_size": {
        "h": 1080,
        "w": 1920
    },
    "head_pose_angle_6drepnet360": {
        "yaw": 0.4501676559448242,
        "pitch": -40.998939514160156,
        "roll": 6.503358364105225
    }
}