{
    "video_name": "cm2023051608",
    "frame_id": 9001,
    "head_bbox": {
        "x0": 651,
        "y0": 355,
        "x1": 689,
        "y1": 405,
        "w": 38,
        "h": 50
    },
    "frame_size": {
        "h": 1080,
        "w": 1920
    },
    "head_pose_angle_6drepnet360": {
        "yaw": -4.451655387878418,
        "pitch": -37.810707092285156,
        "roll": -0.25127890706062317
    }
}