{
    "video_name": "cm2023051608",
    "frame_id": 901,
    "head_bbox": {
        "x0": 767,
        "y0": 339,
        "x1": 806,
        "y1": 386,
        "w": 39,
        "h": 47
    },
    "frame_size": {
        "h": 1080,
        "w": 1920
    },
    "head_pose_angle_6drepnet360": {
        "yaw": -78.98725128173828,
        "pitch": 163.98167419433594,
        "roll": -167.53765869140625
    }
}