{
    "video_name": "cm2023051608",
    "frame_id": 9101,
    "head_bbox": {
        "x0": 654,
        "y0": 355,
        "x1": 691,
        "y1": 405,
        "w": 37,
        "h": 50
    },
    "frame_size": {
        "h": 1080,
        "w": 1920
    },
    "head_pose_angle_6drepnet360": {
        "yaw": -1.1785838603973389,
        "pitch": -48.5288200378418,
        "roll": -0.3656037747859955
    }
}