{
    "video_name": "cm2023051608",
    "frame_id": 9201,
    "head_bbox": {
        "x0": 649,
        "y0": 353,
        "x1": 689,
        "y1": 403,
        "w": 40,
        "h": 50
    },
    "frame_size": {
        "h": 1080,
        "w": 1920
    },
    "head_pose_angle_6drepnet360": {
        "yaw": -10.634455680847168,
        "pitch": -50.26606750488281,
        "roll": 5.107362747192383
    }
}