{
    "video_name": "cm2023051608",
    "frame_id": 9301,
    "head_bbox": {
        "x0": 647,
        "y0": 354,
        "x1": 686,
        "y1": 404,
        "w": 39,
        "h": 50
    },
    "frame_size": {
        "h": 1080,
        "w": 1920
    },
    "head_pose_angle_6drepnet360": {
        "yaw": 1.4682831764221191,
        "pitch": -50.16010665893555,
        "roll": -2.7747702598571777
    }
}