{
    "video_name": "cm2023051608",
    "frame_id": 9401,
    "head_bbox": {
        "x0": 645,
        "y0": 354,
        "x1": 686,
        "y1": 403,
        "w": 41,
        "h": 49
    },
    "frame_size": {
        "h": 1080,
        "w": 1920
    },
    "head_pose_angle_6drepnet360": {
        "yaw": 1.9028624296188354,
        "pitch": -50.176265716552734,
        "roll": -4.72327184677124
    }
}