{
    "video_name": "cm2023051608",
    "frame_id": 9501,
    "head_bbox": {
        "x0": 650,
        "y0": 354,
        "x1": 688,
        "y1": 404,
        "w": 38,
        "h": 50
    },
    "frame_size": {
        "h": 1080,
        "w": 1920
    },
    "head_pose_angle_6drepnet360": {
        "yaw": -5.690591812133789,
        "pitch": -47.49884033203125,
        "roll": 4.700287818908691
    }
}