{
    "video_name": "cm2023051608",
    "frame_id": 9601,
    "head_bbox": {
        "x0": 642,
        "y0": 351,
        "x1": 681,
        "y1": 402,
        "w": 39,
        "h": 51
    },
    "frame_size": {
        "h": 1080,
        "w": 1920
    },
    "head_pose_angle_6drepnet360": {
        "yaw": 3.6211767196655273,
        "pitch": -24.390100479125977,
        "roll": -6.6986308097839355
    }
}